epoch,lr,step,train/cls_loss,train/jepa_loss,train_loss
0,0.0003000000142492354,9,1036.939453125,0.0,1036.939453125
0,0.0003000000142492354,19,189.3170166015625,0.0,189.3170166015625
0,0.0003000000142492354,29,163.75836181640625,0.0,163.75836181640625
0,0.0003000000142492354,39,174.93295288085938,0.0,174.93295288085938
0,0.0003000000142492354,49,164.84780883789062,0.0,164.84780883789062
0,0.0003000000142492354,59,157.0174102783203,0.0,157.0174102783203
0,0.0003000000142492354,69,172.239990234375,0.0,172.239990234375
0,0.0003000000142492354,79,162.93212890625,0.0,162.93212890625
0,0.0003000000142492354,89,172.3380126953125,0.0,172.3380126953125
0,0.0003000000142492354,99,151.64710998535156,0.0,151.64710998535156
0,0.0003000000142492354,109,157.44287109375,0.0,157.44287109375
0,0.0003000000142492354,119,178.34934997558594,0.0,178.34934997558594
0,0.0003000000142492354,129,161.42372131347656,0.0,161.42372131347656
0,0.0003000000142492354,139,154.40090942382812,0.0,154.40090942382812
0,0.0003000000142492354,149,155.99566650390625,0.0,155.99566650390625
0,0.0003000000142492354,159,150.97640991210938,0.0,150.97640991210938
0,0.0003000000142492354,169,154.44224548339844,0.0,154.44224548339844
0,0.0003000000142492354,179,167.17691040039062,0.0,167.17691040039062
0,0.0003000000142492354,189,170.791259765625,0.0,170.791259765625
0,0.0003000000142492354,199,158.239990234375,0.0,158.239990234375
0,0.0003000000142492354,209,167.61097717285156,0.0,167.61097717285156
0,0.0003000000142492354,219,162.6588134765625,0.0,162.6588134765625
0,0.0003000000142492354,229,161.20181274414062,0.0,161.20181274414062
0,0.0003000000142492354,239,170.98081970214844,0.0,170.98081970214844
0,0.0003000000142492354,249,164.00025939941406,0.0,164.00025939941406
0,0.0003000000142492354,259,165.97415161132812,0.0,165.97415161132812
0,0.0003000000142492354,269,178.6043701171875,0.0,178.6043701171875
0,0.0003000000142492354,279,157.5570526123047,0.0,157.5570526123047
0,0.0003000000142492354,289,180.0552978515625,0.0,180.0552978515625
0,0.0003000000142492354,299,159.82989501953125,0.0,159.82989501953125
0,0.0003000000142492354,309,159.2681121826172,0.0,159.2681121826172
0,0.0003000000142492354,319,169.00860595703125,0.0,169.00860595703125
0,0.0003000000142492354,329,181.96261596679688,0.0,181.96261596679688
0,0.0003000000142492354,339,161.09971618652344,0.0,161.09971618652344
0,0.0003000000142492354,349,155.220458984375,0.0,155.220458984375
0,0.0003000000142492354,359,159.0232696533203,0.0,159.0232696533203
0,0.0003000000142492354,369,158.5875244140625,0.0,158.5875244140625
0,0.0003000000142492354,379,147.69650268554688,0.0,147.69650268554688
0,0.0003000000142492354,389,169.5745849609375,0.0,169.5745849609375
0,0.0003000000142492354,399,184.72763061523438,0.0,184.72763061523438
0,0.0003000000142492354,409,160.14120483398438,0.0,160.14120483398438
0,0.0003000000142492354,419,146.57408142089844,0.0,146.57408142089844
0,0.0003000000142492354,429,176.31741333007812,0.0,176.31741333007812
0,0.0003000000142492354,439,170.76849365234375,0.0,170.76849365234375
0,0.0003000000142492354,449,166.31234741210938,0.0,166.31234741210938
0,0.0003000000142492354,459,179.81011962890625,0.0,179.81011962890625
0,0.0003000000142492354,469,167.716064453125,0.0,167.716064453125
0,0.0003000000142492354,479,168.12899780273438,0.0,168.12899780273438
0,0.0003000000142492354,489,154.14161682128906,0.0,154.14161682128906
0,0.0003000000142492354,499,172.069580078125,0.0,172.069580078125
0,0.0003000000142492354,509,172.59800720214844,0.0,172.59800720214844
0,0.0003000000142492354,519,169.7237548828125,0.0,169.7237548828125
0,0.0003000000142492354,529,157.70355224609375,0.0,157.70355224609375
0,0.0003000000142492354,539,160.68228149414062,0.0,160.68228149414062
0,0.0003000000142492354,549,160.7706298828125,0.0,160.7706298828125
0,0.0003000000142492354,559,181.93389892578125,0.0,181.93389892578125
0,0.0003000000142492354,569,190.585205078125,0.0,190.585205078125
0,0.0003000000142492354,579,163.24899291992188,0.0,163.24899291992188
0,0.0003000000142492354,589,161.3863983154297,0.0,161.3863983154297
0,0.0003000000142492354,599,159.46978759765625,0.0,159.46978759765625
0,0.0003000000142492354,609,167.93789672851562,0.0,167.93789672851562
0,0.0003000000142492354,619,173.2919921875,0.0,173.2919921875
0,0.0003000000142492354,629,165.30630493164062,0.0,165.30630493164062
0,0.0003000000142492354,639,175.88575744628906,0.0,175.88575744628906
0,0.0003000000142492354,649,169.6092529296875,0.0,169.6092529296875
0,0.0003000000142492354,659,167.94415283203125,0.0,167.94415283203125
0,0.0003000000142492354,669,174.52603149414062,0.0,174.52603149414062
0,0.0003000000142492354,679,149.85501098632812,0.0,149.85501098632812
0,0.0003000000142492354,689,160.2314453125,0.0,160.2314453125
0,0.0003000000142492354,699,161.80007934570312,0.0,161.80007934570312
0,0.0003000000142492354,709,165.64907836914062,0.0,165.64907836914062
0,0.0003000000142492354,719,177.26087951660156,0.0,177.26087951660156
0,0.0003000000142492354,729,166.06887817382812,0.0,166.06887817382812
0,0.0003000000142492354,739,155.67120361328125,0.0,155.67120361328125
0,0.0003000000142492354,749,153.7447967529297,0.0,153.7447967529297
0,0.0003000000142492354,759,161.09197998046875,0.0,161.09197998046875
0,0.0003000000142492354,769,174.94989013671875,0.0,174.94989013671875
0,0.0003000000142492354,779,182.42263793945312,0.0,182.42263793945312
0,0.0003000000142492354,789,163.05609130859375,0.0,163.05609130859375
0,0.0003000000142492354,799,164.7135009765625,0.0,164.7135009765625
0,0.0003000000142492354,809,151.95770263671875,0.0,151.95770263671875
0,0.0003000000142492354,819,168.38978576660156,0.0,168.38978576660156
0,0.0003000000142492354,829,193.8214111328125,0.0,193.8214111328125
0,0.0003000000142492354,839,180.2205047607422,0.0,180.2205047607422
0,0.0003000000142492354,849,158.18145751953125,0.0,158.18145751953125
0,0.0003000000142492354,859,151.74838256835938,0.0,151.74838256835938
0,0.0003000000142492354,869,183.58200073242188,0.0,183.58200073242188
0,0.0003000000142492354,879,167.02288818359375,0.0,167.02288818359375
0,0.0003000000142492354,889,165.226806640625,0.0,165.226806640625
0,0.0003000000142492354,899,168.05670166015625,0.0,168.05670166015625
0,0.0003000000142492354,909,163.9921417236328,0.0,163.9921417236328
0,0.0003000000142492354,919,157.3304901123047,0.0,157.3304901123047
0,0.0003000000142492354,929,183.2205810546875,0.0,183.2205810546875
0,0.0003000000142492354,939,173.51885986328125,0.0,173.51885986328125
0,0.0003000000142492354,949,159.53184509277344,0.0,159.53184509277344
0,0.0003000000142492354,959,173.82357788085938,0.0,173.82357788085938
0,0.0003000000142492354,969,167.10919189453125,0.0,167.10919189453125
0,0.0003000000142492354,979,164.2266082763672,0.0,164.2266082763672
0,0.0003000000142492354,989,175.54019165039062,0.0,175.54019165039062
0,0.0003000000142492354,999,162.99044799804688,0.0,162.99044799804688
0,0.0003000000142492354,1009,167.62454223632812,0.0,167.62454223632812
0,0.0003000000142492354,1019,158.2470703125,0.0,158.2470703125
0,0.0003000000142492354,1029,160.38900756835938,0.0,160.38900756835938
0,0.0003000000142492354,1039,154.8109130859375,0.0,154.8109130859375
0,0.0003000000142492354,1049,156.39852905273438,0.0,156.39852905273438
0,0.0003000000142492354,1059,165.50613403320312,0.0,165.50613403320312
0,0.0003000000142492354,1069,167.838134765625,0.0,167.838134765625
0,0.0003000000142492354,1079,146.80966186523438,0.0,146.80966186523438
0,0.0003000000142492354,1089,168.23187255859375,0.0,168.23187255859375
0,0.0003000000142492354,1099,158.2554473876953,0.0,158.2554473876953
0,0.0003000000142492354,1109,168.58294677734375,0.0,168.58294677734375
0,0.0003000000142492354,1119,181.14779663085938,0.0,181.14779663085938
0,0.0003000000142492354,1129,181.75958251953125,0.0,181.75958251953125
0,0.0003000000142492354,1139,177.71087646484375,0.0,177.71087646484375
0,0.0003000000142492354,1149,181.21469116210938,0.0,181.21469116210938
0,0.0003000000142492354,1159,157.56497192382812,0.0,157.56497192382812
0,0.0003000000142492354,1169,151.44284057617188,0.0,151.44284057617188
0,0.0003000000142492354,1179,178.32492065429688,0.0,178.32492065429688
0,0.0003000000142492354,1189,155.18704223632812,0.0,155.18704223632812
0,0.0003000000142492354,1199,149.25625610351562,0.0,149.25625610351562
0,0.0003000000142492354,1209,167.92779541015625,0.0,167.92779541015625
0,0.0003000000142492354,1219,169.56591796875,0.0,169.56591796875
0,0.0003000000142492354,1229,186.84774780273438,0.0,186.84774780273438
0,0.0003000000142492354,1239,153.12344360351562,0.0,153.12344360351562
0,0.0003000000142492354,1249,175.94317626953125,0.0,175.94317626953125
0,0.0003000000142492354,1259,163.08416748046875,0.0,163.08416748046875
0,0.0003000000142492354,1269,159.05531311035156,0.0,159.05531311035156
0,0.0003000000142492354,1279,169.52664184570312,0.0,169.52664184570312
0,0.0003000000142492354,1289,171.82615661621094,0.0,171.82615661621094
0,0.0003000000142492354,1299,158.2919464111328,0.0,158.2919464111328
0,0.0003000000142492354,1309,170.57907104492188,0.0,170.57907104492188
0,0.0003000000142492354,1319,184.3073272705078,0.0,184.3073272705078
0,0.0003000000142492354,1329,148.79978942871094,0.0,148.79978942871094
0,0.0003000000142492354,1339,167.6266326904297,0.0,167.6266326904297
0,0.0003000000142492354,1349,163.23760986328125,0.0,163.23760986328125
0,0.0003000000142492354,1359,159.70118713378906,0.0,159.70118713378906
0,0.0003000000142492354,1369,161.98928833007812,0.0,161.98928833007812
0,0.0003000000142492354,1379,174.85568237304688,0.0,174.85568237304688
0,0.0003000000142492354,1389,157.7900390625,0.0,157.7900390625
0,0.0003000000142492354,1399,174.7510223388672,0.0,174.7510223388672
0,0.0003000000142492354,1409,161.33908081054688,0.0,161.33908081054688
0,0.0003000000142492354,1419,165.839111328125,0.0,165.839111328125
0,0.0003000000142492354,1429,155.70724487304688,0.0,155.70724487304688
0,0.0003000000142492354,1439,169.30615234375,0.0,169.30615234375
0,0.0003000000142492354,1449,159.57876586914062,0.0,159.57876586914062
0,0.0003000000142492354,1459,167.02557373046875,0.0,167.02557373046875
0,0.0003000000142492354,1469,170.86512756347656,0.0,170.86512756347656
0,0.0003000000142492354,1479,168.67596435546875,0.0,168.67596435546875
0,0.0003000000142492354,1489,161.81375122070312,0.0,161.81375122070312
0,0.0003000000142492354,1499,168.8432159423828,0.0,168.8432159423828
0,0.0003000000142492354,1509,170.836181640625,0.0,170.836181640625
0,0.0003000000142492354,1519,161.58096313476562,0.0,161.58096313476562
0,0.0003000000142492354,1529,171.3348846435547,0.0,171.3348846435547
0,0.0003000000142492354,1539,178.65170288085938,0.0,178.65170288085938
0,0.0003000000142492354,1549,154.93142700195312,0.0,154.93142700195312
0,0.0003000000142492354,1559,158.52386474609375,0.0,158.52386474609375
0,0.0003000000142492354,1569,154.934326171875,0.0,154.934326171875
0,0.0003000000142492354,1579,158.98495483398438,0.0,158.98495483398438
0,0.0003000000142492354,1589,170.50164794921875,0.0,170.50164794921875
0,0.0003000000142492354,1599,173.31927490234375,0.0,173.31927490234375
0,0.0003000000142492354,1609,172.6552734375,0.0,172.6552734375
0,0.0003000000142492354,1619,153.607421875,0.0,153.607421875
0,0.0003000000142492354,1629,165.78512573242188,0.0,165.78512573242188
0,0.0003000000142492354,1639,174.44351196289062,0.0,174.44351196289062
0,0.0003000000142492354,1649,162.46783447265625,0.0,162.46783447265625
0,0.0003000000142492354,1659,159.5218048095703,0.0,159.5218048095703
0,0.0003000000142492354,1669,154.76211547851562,0.0,154.76211547851562
0,0.0003000000142492354,1679,171.41799926757812,0.0,171.41799926757812
0,0.0003000000142492354,1689,173.99777221679688,0.0,173.99777221679688
0,0.0003000000142492354,1699,170.34213256835938,0.0,170.34213256835938
0,0.0003000000142492354,1709,157.70657348632812,0.0,157.70657348632812
0,0.0003000000142492354,1719,153.93545532226562,0.0,153.93545532226562
0,0.0003000000142492354,1729,165.40768432617188,0.0,165.40768432617188
0,0.0003000000142492354,1739,159.63082885742188,0.0,159.63082885742188
0,0.0003000000142492354,1749,176.7181396484375,0.0,176.7181396484375
0,0.0003000000142492354,1759,161.69863891601562,0.0,161.69863891601562
0,0.0003000000142492354,1769,148.5769500732422,0.0,148.5769500732422
0,0.0003000000142492354,1779,148.55186462402344,0.0,148.55186462402344
0,0.0003000000142492354,1789,153.61575317382812,0.0,153.61575317382812
0,0.0003000000142492354,1799,151.02069091796875,0.0,151.02069091796875
0,0.0003000000142492354,1809,162.12864685058594,0.0,162.12864685058594
0,0.0003000000142492354,1819,165.52975463867188,0.0,165.52975463867188
0,0.0003000000142492354,1829,163.5532684326172,0.0,163.5532684326172
0,0.0003000000142492354,1839,160.06759643554688,0.0,160.06759643554688
0,0.0003000000142492354,1849,152.25328063964844,0.0,152.25328063964844
0,0.0003000000142492354,1859,167.008544921875,0.0,167.008544921875
0,0.0003000000142492354,1869,145.0165252685547,0.0,145.0165252685547
0,0.0003000000142492354,1879,148.326171875,0.0,148.326171875
0,0.0003000000142492354,1889,161.70541381835938,0.0,161.70541381835938
0,0.0003000000142492354,1899,175.04953002929688,0.0,175.04953002929688
0,0.0003000000142492354,1909,158.28738403320312,0.0,158.28738403320312
0,0.0003000000142492354,1919,150.7539520263672,0.0,150.7539520263672
0,0.0003000000142492354,1929,181.55386352539062,0.0,181.55386352539062
0,0.0003000000142492354,1939,155.99166870117188,0.0,155.99166870117188
0,0.0003000000142492354,1949,143.20925903320312,0.0,143.20925903320312
0,0.0003000000142492354,1959,153.80322265625,0.0,153.80322265625
0,0.0003000000142492354,1969,161.50885009765625,0.0,161.50885009765625
0,0.0003000000142492354,1979,157.31556701660156,0.0,157.31556701660156
0,0.0003000000142492354,1989,173.2991180419922,0.0,173.2991180419922
0,0.0003000000142492354,1999,161.0548095703125,0.0,161.0548095703125
0,0.0003000000142492354,2009,161.81051635742188,0.0,161.81051635742188
0,0.0003000000142492354,2019,152.51681518554688,0.0,152.51681518554688
0,0.0003000000142492354,2029,157.5123291015625,0.0,157.5123291015625
0,0.0003000000142492354,2039,163.50729370117188,0.0,163.50729370117188
0,0.0003000000142492354,2049,154.2330780029297,0.0,154.2330780029297
0,0.0003000000142492354,2059,150.84596252441406,0.0,150.84596252441406
0,0.0003000000142492354,2069,160.7252655029297,0.0,160.7252655029297
0,0.0003000000142492354,2079,153.95745849609375,0.0,153.95745849609375
0,0.0003000000142492354,2089,154.47842407226562,0.0,154.47842407226562
0,0.0003000000142492354,2099,164.09884643554688,0.0,164.09884643554688
0,0.0003000000142492354,2109,142.44769287109375,0.0,142.44769287109375
0,0.0003000000142492354,2119,139.30572509765625,0.0,139.30572509765625
0,0.0003000000142492354,2129,145.43519592285156,0.0,145.43519592285156
0,0.0003000000142492354,2139,157.73806762695312,0.0,157.73806762695312
0,0.0003000000142492354,2149,170.29379272460938,0.0,170.29379272460938
0,0.0003000000142492354,2159,155.0190887451172,0.0,155.0190887451172
0,0.0003000000142492354,2169,153.484619140625,0.0,153.484619140625
0,0.0003000000142492354,2179,149.50357055664062,0.0,149.50357055664062
0,0.0003000000142492354,2189,149.17942810058594,0.0,149.17942810058594
0,0.0003000000142492354,2199,169.66607666015625,0.0,169.66607666015625
0,0.0003000000142492354,2209,146.76100158691406,0.0,146.76100158691406
0,0.0003000000142492354,2219,158.39938354492188,0.0,158.39938354492188
0,0.0003000000142492354,2229,152.57708740234375,0.0,152.57708740234375
0,0.0003000000142492354,2239,165.84481811523438,0.0,165.84481811523438
0,0.0003000000142492354,2249,154.41110229492188,0.0,154.41110229492188
0,0.0003000000142492354,2259,162.2313232421875,0.0,162.2313232421875
0,0.0003000000142492354,2269,155.7224884033203,0.0,155.7224884033203
0,0.0003000000142492354,2279,156.53369140625,0.0,156.53369140625
0,0.0003000000142492354,2289,162.05792236328125,0.0,162.05792236328125
0,0.0003000000142492354,2299,156.6385498046875,0.0,156.6385498046875
0,0.0003000000142492354,2309,143.88201904296875,0.0,143.88201904296875
0,0.0003000000142492354,2319,170.0803985595703,0.0,170.0803985595703
0,0.0003000000142492354,2329,163.44097900390625,0.0,163.44097900390625
0,0.0003000000142492354,2339,158.60411071777344,0.0,158.60411071777344
0,0.0003000000142492354,2349,172.20303344726562,0.0,172.20303344726562
0,0.0003000000142492354,2359,152.0086669921875,0.0,152.0086669921875
0,0.0003000000142492354,2369,147.86752319335938,0.0,147.86752319335938
0,0.0003000000142492354,2379,141.5769500732422,0.0,141.5769500732422
0,0.0003000000142492354,2389,152.97369384765625,0.0,152.97369384765625
0,0.0003000000142492354,2399,145.340576171875,0.0,145.340576171875
0,0.0003000000142492354,2409,148.57176208496094,0.0,148.57176208496094
0,0.0003000000142492354,2419,159.52032470703125,0.0,159.52032470703125
0,0.0003000000142492354,2429,154.30148315429688,0.0,154.30148315429688
0,0.0003000000142492354,2439,168.68772888183594,0.0,168.68772888183594
0,0.0003000000142492354,2449,143.56878662109375,0.0,143.56878662109375
0,0.0003000000142492354,2459,148.4777374267578,0.0,148.4777374267578
0,0.0003000000142492354,2469,165.71267700195312,0.0,165.71267700195312
0,0.0003000000142492354,2479,146.51699829101562,0.0,146.51699829101562
0,0.0003000000142492354,2489,156.06185913085938,0.0,156.06185913085938
0,0.0003000000142492354,2499,151.12884521484375,0.0,151.12884521484375
0,0.0003000000142492354,2509,149.4723358154297,0.0,149.4723358154297
0,0.0003000000142492354,2519,146.15487670898438,0.0,146.15487670898438
0,0.0003000000142492354,2529,145.4930419921875,0.0,145.4930419921875
0,0.0003000000142492354,2539,159.26434326171875,0.0,159.26434326171875
0,0.0003000000142492354,2549,163.23818969726562,0.0,163.23818969726562
0,0.0003000000142492354,2559,145.53359985351562,0.0,145.53359985351562
0,0.0003000000142492354,2569,160.90756225585938,0.0,160.90756225585938
0,0.0003000000142492354,2579,153.6312255859375,0.0,153.6312255859375
0,0.0003000000142492354,2589,156.86415100097656,0.0,156.86415100097656
0,0.0003000000142492354,2599,166.7359619140625,0.0,166.7359619140625
0,0.0003000000142492354,2609,151.63111877441406,0.0,151.63111877441406
0,0.0003000000142492354,2619,149.68601989746094,0.0,149.68601989746094
0,0.0003000000142492354,2629,162.35693359375,0.0,162.35693359375
0,0.0003000000142492354,2639,151.25448608398438,0.0,151.25448608398438
0,0.0003000000142492354,2649,154.2701416015625,0.0,154.2701416015625
0,0.0003000000142492354,2659,167.79095458984375,0.0,167.79095458984375
0,0.0003000000142492354,2669,156.8184356689453,0.0,156.8184356689453
0,0.0003000000142492354,2679,138.6611328125,0.0,138.6611328125
0,0.0003000000142492354,2689,165.5013427734375,0.0,165.5013427734375
0,0.0003000000142492354,2699,148.900146484375,0.0,148.900146484375
0,0.0003000000142492354,2709,158.97946166992188,0.0,158.97946166992188
0,0.0003000000142492354,2719,155.280517578125,0.0,155.280517578125
0,0.0003000000142492354,2729,151.542236328125,0.0,151.542236328125
0,0.0003000000142492354,2739,163.31057739257812,0.0,163.31057739257812
0,0.0003000000142492354,2749,143.5665283203125,0.0,143.5665283203125
0,0.0003000000142492354,2759,151.38116455078125,0.0,151.38116455078125
0,0.0003000000142492354,2769,158.6085662841797,0.0,158.6085662841797
0,0.0003000000142492354,2779,155.27285766601562,0.0,155.27285766601562
0,0.0003000000142492354,2789,165.38766479492188,0.0,165.38766479492188
0,0.0003000000142492354,2799,141.2067413330078,0.0,141.2067413330078
0,0.0003000000142492354,2809,156.6605682373047,0.0,156.6605682373047
0,0.0003000000142492354,2819,159.6041259765625,0.0,159.6041259765625
0,0.0003000000142492354,2829,142.4811553955078,0.0,142.4811553955078
0,0.0003000000142492354,2839,153.76022338867188,0.0,153.76022338867188
0,0.0003000000142492354,2849,157.8615264892578,0.0,157.8615264892578
0,0.0003000000142492354,2859,161.41452026367188,0.0,161.41452026367188
0,0.0003000000142492354,2869,140.9769744873047,0.0,140.9769744873047
0,0.0003000000142492354,2879,159.44595336914062,0.0,159.44595336914062
0,0.0003000000142492354,2889,157.6353759765625,0.0,157.6353759765625
0,0.0003000000142492354,2899,142.3448944091797,0.0,142.3448944091797
0,0.0003000000142492354,2909,147.36419677734375,0.0,147.36419677734375
0,0.0003000000142492354,2919,153.15853881835938,0.0,153.15853881835938
0,0.0003000000142492354,2929,160.233642578125,0.0,160.233642578125
0,0.0003000000142492354,2939,165.4293975830078,0.0,165.4293975830078
0,0.0003000000142492354,2949,146.7158966064453,0.0,146.7158966064453
0,0.0003000000142492354,2959,134.76348876953125,0.0,134.76348876953125
0,0.0003000000142492354,2969,144.33084106445312,0.0,144.33084106445312
0,0.0003000000142492354,2979,164.0780487060547,0.0,164.0780487060547
0,0.0003000000142492354,2989,153.49896240234375,0.0,153.49896240234375
0,0.0003000000142492354,2999,149.49276733398438,0.0,149.49276733398438
0,0.0003000000142492354,3009,146.04391479492188,0.0,146.04391479492188
0,0.0003000000142492354,3019,151.14227294921875,0.0,151.14227294921875
0,0.0003000000142492354,3029,150.95175170898438,0.0,150.95175170898438
0,0.0003000000142492354,3039,132.51710510253906,0.0,132.51710510253906
0,0.0003000000142492354,3049,149.68099975585938,0.0,149.68099975585938
0,0.0003000000142492354,3059,136.3888397216797,0.0,136.3888397216797
0,0.0003000000142492354,3069,154.70404052734375,0.0,154.70404052734375
0,0.0003000000142492354,3079,157.81832885742188,0.0,157.81832885742188
0,0.0003000000142492354,3089,162.58602905273438,0.0,162.58602905273438
0,0.0003000000142492354,3099,154.77334594726562,0.0,154.77334594726562
0,0.0003000000142492354,3109,140.68446350097656,0.0,140.68446350097656
0,0.0003000000142492354,3119,160.20790100097656,0.0,160.20790100097656
0,0.0003000000142492354,3129,153.4884033203125,0.0,153.4884033203125
0,0.0003000000142492354,3139,152.5762939453125,0.0,152.5762939453125
0,0.0003000000142492354,3149,147.61483764648438,0.0,147.61483764648438
0,0.0003000000142492354,3159,130.74252319335938,0.0,130.74252319335938
0,0.0003000000142492354,3169,152.31149291992188,0.0,152.31149291992188
0,0.0003000000142492354,3179,158.33120727539062,0.0,158.33120727539062
0,0.0003000000142492354,3189,146.6285858154297,0.0,146.6285858154297
0,0.0003000000142492354,3199,156.84725952148438,0.0,156.84725952148438
0,0.0003000000142492354,3209,170.22116088867188,0.0,170.22116088867188
0,0.0003000000142492354,3219,146.61912536621094,0.0,146.61912536621094
0,0.0003000000142492354,3229,153.343017578125,0.0,153.343017578125
0,0.0003000000142492354,3239,153.34840393066406,0.0,153.34840393066406
0,0.0003000000142492354,3249,149.255859375,0.0,149.255859375
0,0.0003000000142492354,3259,147.57887268066406,0.0,147.57887268066406
0,0.0003000000142492354,3269,151.35400390625,0.0,151.35400390625
0,0.0003000000142492354,3279,149.41738891601562,0.0,149.41738891601562
0,0.0003000000142492354,3289,140.2276611328125,0.0,140.2276611328125
0,0.0003000000142492354,3299,160.62460327148438,0.0,160.62460327148438
0,0.0003000000142492354,3309,146.58380126953125,0.0,146.58380126953125
0,0.0003000000142492354,3319,154.88186645507812,0.0,154.88186645507812
0,0.0003000000142492354,3329,142.15252685546875,0.0,142.15252685546875
0,0.0003000000142492354,3339,152.38748168945312,0.0,152.38748168945312
0,0.0003000000142492354,3349,147.48863220214844,0.0,147.48863220214844
0,0.0003000000142492354,3359,145.4115753173828,0.0,145.4115753173828
0,0.0003000000142492354,3369,138.65594482421875,0.0,138.65594482421875
0,0.0003000000142492354,3379,149.30520629882812,0.0,149.30520629882812
0,0.0003000000142492354,3389,156.44931030273438,0.0,156.44931030273438
0,0.0003000000142492354,3399,138.3787078857422,0.0,138.3787078857422
0,0.0003000000142492354,3409,151.9142303466797,0.0,151.9142303466797
0,0.0003000000142492354,3419,151.85887145996094,0.0,151.85887145996094
0,0.0003000000142492354,3429,144.01075744628906,0.0,144.01075744628906
0,0.0003000000142492354,3439,140.67864990234375,0.0,140.67864990234375
0,0.0003000000142492354,3449,165.251708984375,0.0,165.251708984375
0,0.0003000000142492354,3459,141.2524871826172,0.0,141.2524871826172
0,0.0003000000142492354,3469,155.68186950683594,0.0,155.68186950683594
0,0.0003000000142492354,3479,159.24942016601562,0.0,159.24942016601562
0,0.0003000000142492354,3489,151.02896118164062,0.0,151.02896118164062
0,0.0003000000142492354,3499,148.5789031982422,0.0,148.5789031982422
0,0.0003000000142492354,3509,136.7399444580078,0.0,136.7399444580078
0,0.0003000000142492354,3519,148.83624267578125,0.0,148.83624267578125
0,0.0003000000142492354,3529,160.607666015625,0.0,160.607666015625
0,0.0003000000142492354,3539,165.1290283203125,0.0,165.1290283203125
0,0.0003000000142492354,3549,145.13339233398438,0.0,145.13339233398438
0,0.0003000000142492354,3559,164.84552001953125,0.0,164.84552001953125
0,0.0003000000142492354,3569,161.145263671875,0.0,161.145263671875
0,0.0003000000142492354,3579,153.3875732421875,0.0,153.3875732421875
0,0.0003000000142492354,3589,149.27911376953125,0.0,149.27911376953125
0,0.0003000000142492354,3599,137.97308349609375,0.0,137.97308349609375
0,0.0003000000142492354,3609,138.18069458007812,0.0,138.18069458007812
0,0.0003000000142492354,3619,172.42913818359375,0.0,172.42913818359375
0,0.0003000000142492354,3629,153.59963989257812,0.0,153.59963989257812
0,0.0003000000142492354,3639,135.7030792236328,0.0,135.7030792236328
0,0.0003000000142492354,3649,140.02679443359375,0.0,140.02679443359375
0,0.0003000000142492354,3659,150.99713134765625,0.0,150.99713134765625
0,0.0003000000142492354,3669,145.876953125,0.0,145.876953125
0,0.0003000000142492354,3679,149.5071563720703,0.0,149.5071563720703
0,0.0003000000142492354,3689,171.6695556640625,0.0,171.6695556640625
0,0.0003000000142492354,3699,152.84030151367188,0.0,152.84030151367188
0,0.0003000000142492354,3709,142.01803588867188,0.0,142.01803588867188
0,0.0003000000142492354,3719,153.47975158691406,0.0,153.47975158691406
0,0.0003000000142492354,3729,152.09475708007812,0.0,152.09475708007812
0,0.0003000000142492354,3739,140.33843994140625,0.0,140.33843994140625
0,0.0003000000142492354,3749,155.3424072265625,0.0,155.3424072265625
0,0.0003000000142492354,3759,156.0479736328125,0.0,156.0479736328125
0,0.0003000000142492354,3769,143.0552215576172,0.0,143.0552215576172
0,0.0003000000142492354,3779,146.96546936035156,0.0,146.96546936035156
0,0.0003000000142492354,3789,123.63109588623047,0.0,123.63109588623047
0,0.0003000000142492354,3799,141.93533325195312,0.0,141.93533325195312
0,0.0003000000142492354,3809,154.25958251953125,0.0,154.25958251953125
0,0.0003000000142492354,3819,155.31744384765625,0.0,155.31744384765625
0,0.0003000000142492354,3829,160.02357482910156,0.0,160.02357482910156
0,0.0003000000142492354,3839,157.16818237304688,0.0,157.16818237304688
0,0.0003000000142492354,3849,139.01174926757812,0.0,139.01174926757812
0,0.0003000000142492354,3859,151.64581298828125,0.0,151.64581298828125
0,0.0003000000142492354,3869,152.8136444091797,0.0,152.8136444091797
0,0.0003000000142492354,3879,152.16177368164062,0.0,152.16177368164062
0,0.0003000000142492354,3889,143.56103515625,0.0,143.56103515625
0,0.0003000000142492354,3899,150.0599365234375,0.0,150.0599365234375
0,0.0003000000142492354,3909,144.82611083984375,0.0,144.82611083984375
0,0.0003000000142492354,3919,137.43954467773438,0.0,137.43954467773438
0,0.0003000000142492354,3929,152.2881622314453,0.0,152.2881622314453
0,0.0003000000142492354,3939,154.04342651367188,0.0,154.04342651367188
0,0.0003000000142492354,3949,156.45791625976562,0.0,156.45791625976562
0,0.0003000000142492354,3959,156.01486206054688,0.0,156.01486206054688
0,0.0003000000142492354,3969,147.93353271484375,0.0,147.93353271484375
0,0.0003000000142492354,3979,150.61741638183594,0.0,150.61741638183594
0,0.0003000000142492354,3989,146.09884643554688,0.0,146.09884643554688
0,0.0003000000142492354,3999,134.65211486816406,0.0,134.65211486816406
0,0.0003000000142492354,4009,132.095703125,0.0,132.095703125
0,0.0003000000142492354,4019,147.22564697265625,0.0,147.22564697265625
0,0.0003000000142492354,4029,157.01080322265625,0.0,157.01080322265625
0,0.0003000000142492354,4039,135.95309448242188,0.0,135.95309448242188
0,0.0003000000142492354,4049,155.07098388671875,0.0,155.07098388671875
0,0.0003000000142492354,4059,150.93072509765625,0.0,150.93072509765625
0,0.0003000000142492354,4069,152.61769104003906,0.0,152.61769104003906
0,0.0003000000142492354,4079,158.57647705078125,0.0,158.57647705078125
0,0.0003000000142492354,4089,155.09182739257812,0.0,155.09182739257812
0,0.0003000000142492354,4099,155.29978942871094,0.0,155.29978942871094
0,0.0003000000142492354,4109,151.20382690429688,0.0,151.20382690429688
0,0.0003000000142492354,4119,146.789794921875,0.0,146.789794921875
0,0.0003000000142492354,4129,165.16043090820312,0.0,165.16043090820312
0,0.0003000000142492354,4139,154.39572143554688,0.0,154.39572143554688
0,0.0003000000142492354,4149,152.44766235351562,0.0,152.44766235351562
0,0.0003000000142492354,4159,142.95913696289062,0.0,142.95913696289062
0,0.0003000000142492354,4169,158.11978149414062,0.0,158.11978149414062
0,0.0003000000142492354,4179,151.201416015625,0.0,151.201416015625
0,0.0003000000142492354,4189,144.751220703125,0.0,144.751220703125
0,0.0003000000142492354,4199,154.950927734375,0.0,154.950927734375
0,0.0003000000142492354,4209,141.73817443847656,0.0,141.73817443847656
0,0.0003000000142492354,4219,150.74038696289062,0.0,150.74038696289062
0,0.0003000000142492354,4229,152.1797332763672,0.0,152.1797332763672
0,0.0003000000142492354,4239,149.89952087402344,0.0,149.89952087402344
0,0.0003000000142492354,4249,142.97076416015625,0.0,142.97076416015625
0,0.0003000000142492354,4259,163.25421142578125,0.0,163.25421142578125
0,0.0003000000142492354,4269,146.77267456054688,0.0,146.77267456054688
0,0.0003000000142492354,4279,138.24789428710938,0.0,138.24789428710938
0,0.0003000000142492354,4289,132.7548828125,0.0,132.7548828125
0,0.0003000000142492354,4299,152.96156311035156,0.0,152.96156311035156
0,0.0003000000142492354,4309,155.32977294921875,0.0,155.32977294921875
0,0.0003000000142492354,4319,134.36326599121094,0.0,134.36326599121094
0,0.0003000000142492354,4329,157.38986206054688,0.0,157.38986206054688
0,0.0003000000142492354,4339,158.9178924560547,0.0,158.9178924560547
0,0.0003000000142492354,4349,155.18067932128906,0.0,155.18067932128906
0,0.0003000000142492354,4359,155.85848999023438,0.0,155.85848999023438
0,0.0003000000142492354,4369,147.94955444335938,0.0,147.94955444335938
0,0.0003000000142492354,4379,152.5260772705078,0.0,152.5260772705078
0,0.0003000000142492354,4389,141.72250366210938,0.0,141.72250366210938
0,0.0003000000142492354,4399,154.977783203125,0.0,154.977783203125
0,0.0003000000142492354,4409,134.63162231445312,0.0,134.63162231445312
0,0.0003000000142492354,4419,150.7969970703125,0.0,150.7969970703125
0,0.0003000000142492354,4429,138.86862182617188,0.0,138.86862182617188
0,0.0003000000142492354,4439,137.57809448242188,0.0,137.57809448242188
0,0.0003000000142492354,4449,138.90345764160156,0.0,138.90345764160156
0,0.0003000000142492354,4459,141.15399169921875,0.0,141.15399169921875
0,0.0003000000142492354,4469,157.16500854492188,0.0,157.16500854492188
0,0.0003000000142492354,4479,154.25961303710938,0.0,154.25961303710938
0,0.0003000000142492354,4489,150.88558959960938,0.0,150.88558959960938
0,0.0003000000142492354,4499,137.3377685546875,0.0,137.3377685546875
0,0.0003000000142492354,4509,156.72854614257812,0.0,156.72854614257812
0,0.0003000000142492354,4519,161.6803436279297,0.0,161.6803436279297
0,0.0003000000142492354,4529,136.39959716796875,0.0,136.39959716796875
0,0.0003000000142492354,4539,145.94711303710938,0.0,145.94711303710938
0,0.0003000000142492354,4549,157.2246856689453,0.0,157.2246856689453
0,0.0003000000142492354,4559,145.19212341308594,0.0,145.19212341308594
0,0.0003000000142492354,4569,137.78228759765625,0.0,137.78228759765625
0,0.0003000000142492354,4579,158.13330078125,0.0,158.13330078125
0,0.0003000000142492354,4589,138.95877075195312,0.0,138.95877075195312
0,0.0003000000142492354,4599,140.7862091064453,0.0,140.7862091064453
0,0.0003000000142492354,4609,149.32672119140625,0.0,149.32672119140625
0,0.0003000000142492354,4619,136.2406768798828,0.0,136.2406768798828
0,0.0003000000142492354,4629,169.2169189453125,0.0,169.2169189453125
0,0.0003000000142492354,4639,156.1433563232422,0.0,156.1433563232422
0,0.0003000000142492354,4649,146.32809448242188,0.0,146.32809448242188
0,0.0003000000142492354,4659,141.9373779296875,0.0,141.9373779296875
0,0.0003000000142492354,4669,142.40057373046875,0.0,142.40057373046875
0,0.0003000000142492354,4679,139.69189453125,0.0,139.69189453125
0,0.0003000000142492354,4689,149.04913330078125,0.0,149.04913330078125
0,0.0003000000142492354,4699,155.32501220703125,0.0,155.32501220703125
0,0.0003000000142492354,4709,147.67718505859375,0.0,147.67718505859375
0,0.0003000000142492354,4719,157.00189208984375,0.0,157.00189208984375
0,0.0003000000142492354,4729,132.83700561523438,0.0,132.83700561523438
0,0.0003000000142492354,4739,149.88400268554688,0.0,149.88400268554688
0,0.0003000000142492354,4749,155.92611694335938,0.0,155.92611694335938
0,0.0003000000142492354,4759,153.55308532714844,0.0,153.55308532714844
0,0.0003000000142492354,4769,156.07089233398438,0.0,156.07089233398438
0,0.0003000000142492354,4779,149.3739471435547,0.0,149.3739471435547
0,0.0003000000142492354,4789,146.48243713378906,0.0,146.48243713378906
0,0.0003000000142492354,4799,133.3485107421875,0.0,133.3485107421875
0,0.0003000000142492354,4809,135.87310791015625,0.0,135.87310791015625
0,0.0003000000142492354,4819,159.97189331054688,0.0,159.97189331054688
0,0.0003000000142492354,4829,145.7749786376953,0.0,145.7749786376953
0,0.0003000000142492354,4839,155.19113159179688,0.0,155.19113159179688
0,0.0003000000142492354,4849,161.0728759765625,0.0,161.0728759765625
0,0.0003000000142492354,4859,156.11810302734375,0.0,156.11810302734375
0,0.0003000000142492354,4869,149.09678649902344,0.0,149.09678649902344
0,0.0003000000142492354,4879,144.25848388671875,0.0,144.25848388671875
0,0.0003000000142492354,4889,169.07615661621094,0.0,169.07615661621094
0,0.0003000000142492354,4899,147.41015625,0.0,147.41015625
0,0.0003000000142492354,4909,135.30276489257812,0.0,135.30276489257812
0,0.0003000000142492354,4919,143.36038208007812,0.0,143.36038208007812
0,0.0003000000142492354,4929,141.93414306640625,0.0,141.93414306640625
0,0.0003000000142492354,4939,152.17108154296875,0.0,152.17108154296875
0,0.0003000000142492354,4949,133.93328857421875,0.0,133.93328857421875
0,0.0003000000142492354,4959,143.09048461914062,0.0,143.09048461914062
0,0.0003000000142492354,4969,144.38198852539062,0.0,144.38198852539062
0,0.0003000000142492354,4979,150.91366577148438,0.0,150.91366577148438
0,0.0003000000142492354,4989,149.224609375,0.0,149.224609375
0,0.0003000000142492354,4999,154.17434692382812,0.0,154.17434692382812
0,0.0003000000142492354,5009,139.81651306152344,0.0,139.81651306152344
0,0.0003000000142492354,5019,132.0638885498047,0.0,132.0638885498047
0,0.0003000000142492354,5029,148.35287475585938,0.0,148.35287475585938
0,0.0003000000142492354,5039,142.806396484375,0.0,142.806396484375
0,0.0003000000142492354,5049,140.35459899902344,0.0,140.35459899902344
0,0.0003000000142492354,5059,144.33766174316406,0.0,144.33766174316406
0,0.0003000000142492354,5069,146.9544219970703,0.0,146.9544219970703
0,0.0003000000142492354,5079,150.34951782226562,0.0,150.34951782226562
0,0.0003000000142492354,5089,128.67445373535156,0.0,128.67445373535156
0,0.0003000000142492354,5099,154.28872680664062,0.0,154.28872680664062
0,0.0003000000142492354,5109,151.23703002929688,0.0,151.23703002929688
0,0.0003000000142492354,5119,136.53082275390625,0.0,136.53082275390625
0,0.0003000000142492354,5129,138.6641082763672,0.0,138.6641082763672
0,0.0003000000142492354,5139,135.69427490234375,0.0,135.69427490234375
0,0.0003000000142492354,5149,146.4180450439453,0.0,146.4180450439453
0,0.0003000000142492354,5159,137.3046875,0.0,137.3046875
0,0.0003000000142492354,5169,134.52716064453125,0.0,134.52716064453125
0,0.0003000000142492354,5179,144.45901489257812,0.0,144.45901489257812
0,0.0003000000142492354,5189,137.76077270507812,0.0,137.76077270507812
0,0.0003000000142492354,5199,146.63119506835938,0.0,146.63119506835938
0,0.0003000000142492354,5209,142.4225311279297,0.0,142.4225311279297
0,0.0003000000142492354,5219,150.13824462890625,0.0,150.13824462890625
0,0.0003000000142492354,5229,137.96435546875,0.0,137.96435546875
0,0.0003000000142492354,5239,156.19805908203125,0.0,156.19805908203125
0,0.0003000000142492354,5249,143.6785888671875,0.0,143.6785888671875
0,0.0003000000142492354,5259,143.30740356445312,0.0,143.30740356445312
0,0.0003000000142492354,5269,145.78955078125,0.0,145.78955078125
0,0.0003000000142492354,5279,158.321044921875,0.0,158.321044921875
0,0.0003000000142492354,5289,140.1124267578125,0.0,140.1124267578125
0,0.0003000000142492354,5299,149.39646911621094,0.0,149.39646911621094
0,0.0003000000142492354,5309,140.26980590820312,0.0,140.26980590820312
0,0.0003000000142492354,5319,151.31442260742188,0.0,151.31442260742188
0,0.0003000000142492354,5329,152.28858947753906,0.0,152.28858947753906
0,0.0003000000142492354,5339,144.24191284179688,0.0,144.24191284179688
0,0.0003000000142492354,5349,156.35269165039062,0.0,156.35269165039062
0,0.0003000000142492354,5359,132.71124267578125,0.0,132.71124267578125
0,0.0003000000142492354,5369,144.49935913085938,0.0,144.49935913085938
0,0.0003000000142492354,5379,159.3558349609375,0.0,159.3558349609375
0,0.0003000000142492354,5389,140.0050506591797,0.0,140.0050506591797
0,0.0003000000142492354,5399,149.2861328125,0.0,149.2861328125
0,0.0003000000142492354,5409,137.5465850830078,0.0,137.5465850830078
0,0.0003000000142492354,5419,131.74148559570312,0.0,131.74148559570312
0,0.0003000000142492354,5429,134.7998046875,0.0,134.7998046875
0,0.0003000000142492354,5439,143.3771209716797,0.0,143.3771209716797
0,0.0003000000142492354,5449,141.97628784179688,0.0,141.97628784179688
0,0.0003000000142492354,5459,142.39675903320312,0.0,142.39675903320312
0,0.0003000000142492354,5469,135.86370849609375,0.0,135.86370849609375
0,0.0003000000142492354,5479,150.72763061523438,0.0,150.72763061523438
0,0.0003000000142492354,5489,142.60650634765625,0.0,142.60650634765625
0,0.0003000000142492354,5499,152.8011474609375,0.0,152.8011474609375
0,0.0003000000142492354,5509,142.9568328857422,0.0,142.9568328857422
0,0.0003000000142492354,5519,136.41722106933594,0.0,136.41722106933594
0,0.0003000000142492354,5529,157.19232177734375,0.0,157.19232177734375
0,0.0003000000142492354,5539,143.63131713867188,0.0,143.63131713867188
0,0.0003000000142492354,5549,148.36123657226562,0.0,148.36123657226562
0,0.0003000000142492354,5559,138.6427001953125,0.0,138.6427001953125
0,0.0003000000142492354,5569,170.52459716796875,0.0,170.52459716796875
0,0.0003000000142492354,5579,154.03599548339844,0.0,154.03599548339844
0,0.0003000000142492354,5589,146.8001708984375,0.0,146.8001708984375
0,0.0003000000142492354,5599,155.48876953125,0.0,155.48876953125
0,0.0003000000142492354,5609,164.69427490234375,0.0,164.69427490234375
0,0.0003000000142492354,5619,152.40985107421875,0.0,152.40985107421875
0,0.0003000000142492354,5629,151.81539916992188,0.0,151.81539916992188
0,0.0003000000142492354,5639,161.7946319580078,0.0,161.7946319580078
0,0.0003000000142492354,5649,150.14695739746094,0.0,150.14695739746094
0,0.0003000000142492354,5659,144.0178985595703,0.0,144.0178985595703
0,0.0003000000142492354,5669,153.099609375,0.0,153.099609375
0,0.0003000000142492354,5679,143.1112060546875,0.0,143.1112060546875
0,0.0003000000142492354,5689,149.8444061279297,0.0,149.8444061279297
0,0.0003000000142492354,5699,158.12908935546875,0.0,158.12908935546875
0,0.0003000000142492354,5709,157.520751953125,0.0,157.520751953125
0,0.0003000000142492354,5719,144.671142578125,0.0,144.671142578125
0,0.0003000000142492354,5729,153.28683471679688,0.0,153.28683471679688
0,0.0003000000142492354,5739,145.29307556152344,0.0,145.29307556152344
0,0.0003000000142492354,5749,128.841796875,0.0,128.841796875
0,0.0003000000142492354,5759,145.7665557861328,0.0,145.7665557861328
0,0.0003000000142492354,5769,148.2276153564453,0.0,148.2276153564453
0,0.0003000000142492354,5779,137.4326934814453,0.0,137.4326934814453
0,0.0003000000142492354,5789,140.6407012939453,0.0,140.6407012939453
0,0.0003000000142492354,5799,149.60174560546875,0.0,149.60174560546875
0,0.0003000000142492354,5809,169.352294921875,0.0,169.352294921875
0,0.0003000000142492354,5819,149.79299926757812,0.0,149.79299926757812
0,0.0003000000142492354,5829,144.9764862060547,0.0,144.9764862060547
0,0.0003000000142492354,5839,148.80679321289062,0.0,148.80679321289062
0,0.0003000000142492354,5849,155.2509765625,0.0,155.2509765625
0,0.0003000000142492354,5859,146.72698974609375,0.0,146.72698974609375
0,0.0003000000142492354,5869,139.33761596679688,0.0,139.33761596679688
0,0.0003000000142492354,5879,139.208984375,0.0,139.208984375
0,0.0003000000142492354,5889,142.32095336914062,0.0,142.32095336914062
0,0.0003000000142492354,5899,137.14364624023438,0.0,137.14364624023438
0,0.0003000000142492354,5909,147.02752685546875,0.0,147.02752685546875
0,0.0003000000142492354,5919,144.35638427734375,0.0,144.35638427734375
0,0.0003000000142492354,5929,171.5847625732422,0.0,171.5847625732422
0,0.0003000000142492354,5939,146.4357147216797,0.0,146.4357147216797
0,0.0003000000142492354,5949,140.60003662109375,0.0,140.60003662109375
0,0.0003000000142492354,5959,136.07366943359375,0.0,136.07366943359375
0,0.0003000000142492354,5969,152.99594116210938,0.0,152.99594116210938
0,0.0003000000142492354,5979,151.28500366210938,0.0,151.28500366210938
0,0.0003000000142492354,5989,157.70611572265625,0.0,157.70611572265625
0,0.0003000000142492354,5999,132.71168518066406,0.0,132.71168518066406
0,0.0003000000142492354,6009,137.40794372558594,0.0,137.40794372558594
0,0.0003000000142492354,6019,135.1661376953125,0.0,135.1661376953125
0,0.0003000000142492354,6029,133.06040954589844,0.0,133.06040954589844
0,0.0003000000142492354,6039,149.21231079101562,0.0,149.21231079101562
0,0.0003000000142492354,6049,142.60446166992188,0.0,142.60446166992188
0,0.0003000000142492354,6059,151.33035278320312,0.0,151.33035278320312
0,0.0003000000142492354,6069,139.13235473632812,0.0,139.13235473632812
0,0.0003000000142492354,6079,122.64004516601562,0.0,122.64004516601562
0,0.0003000000142492354,6089,136.1812744140625,0.0,136.1812744140625
0,0.0003000000142492354,6099,131.98941040039062,0.0,131.98941040039062
0,0.0003000000142492354,6109,134.81588745117188,0.0,134.81588745117188
0,0.0003000000142492354,6119,144.91407775878906,0.0,144.91407775878906
0,0.0003000000142492354,6129,139.85919189453125,0.0,139.85919189453125
0,0.0003000000142492354,6139,146.89007568359375,0.0,146.89007568359375
0,0.0003000000142492354,6149,146.3793182373047,0.0,146.3793182373047
0,0.0003000000142492354,6159,152.411865234375,0.0,152.411865234375
0,0.0003000000142492354,6169,136.30111694335938,0.0,136.30111694335938
0,0.0003000000142492354,6179,139.27133178710938,0.0,139.27133178710938
0,0.0003000000142492354,6189,156.39126586914062,0.0,156.39126586914062
0,0.0003000000142492354,6199,139.5372314453125,0.0,139.5372314453125
0,0.0003000000142492354,6209,143.80426025390625,0.0,143.80426025390625
0,0.0003000000142492354,6219,122.39771270751953,0.0,122.39771270751953
0,0.0003000000142492354,6229,149.84695434570312,0.0,149.84695434570312
0,0.0003000000142492354,6239,165.7337646484375,0.0,165.7337646484375
0,0.0003000000142492354,6249,156.3553924560547,0.0,156.3553924560547
0,0.0003000000142492354,6259,137.9134063720703,0.0,137.9134063720703
0,0.0003000000142492354,6269,142.13983154296875,0.0,142.13983154296875
0,0.0003000000142492354,6279,141.2354736328125,0.0,141.2354736328125
0,0.0003000000142492354,6289,156.361083984375,0.0,156.361083984375
0,0.0003000000142492354,6299,142.3379669189453,0.0,142.3379669189453
0,0.0003000000142492354,6309,150.81301879882812,0.0,150.81301879882812
0,0.0003000000142492354,6319,137.21511840820312,0.0,137.21511840820312
0,0.0003000000142492354,6329,149.81295776367188,0.0,149.81295776367188
0,0.0003000000142492354,6339,150.54364013671875,0.0,150.54364013671875
0,0.0003000000142492354,6349,155.1029510498047,0.0,155.1029510498047
0,0.0003000000142492354,6359,145.07852172851562,0.0,145.07852172851562
0,0.0003000000142492354,6369,131.59646606445312,0.0,131.59646606445312
0,0.0003000000142492354,6379,149.18386840820312,0.0,149.18386840820312
0,0.0003000000142492354,6389,218.24191284179688,0.0,218.24191284179688
0,0.0003000000142492354,6399,177.25750732421875,0.0,177.25750732421875
0,0.0003000000142492354,6409,159.45559692382812,0.0,159.45559692382812
0,0.0003000000142492354,6419,158.22515869140625,0.0,158.22515869140625
0,0.0003000000142492354,6429,170.825439453125,0.0,170.825439453125
0,0.0003000000142492354,6439,164.89041137695312,0.0,164.89041137695312
0,0.0003000000142492354,6449,158.85304260253906,0.0,158.85304260253906
0,0.0003000000142492354,6459,158.43719482421875,0.0,158.43719482421875
0,0.0003000000142492354,6469,154.79443359375,0.0,154.79443359375
0,0.0003000000142492354,6479,158.80288696289062,0.0,158.80288696289062
0,0.0003000000142492354,6489,180.18707275390625,0.0,180.18707275390625
0,0.0003000000142492354,6499,156.67031860351562,0.0,156.67031860351562
0,0.0003000000142492354,6509,160.37380981445312,0.0,160.37380981445312
0,0.0003000000142492354,6519,155.49313354492188,0.0,155.49313354492188
0,0.0003000000142492354,6529,158.20474243164062,0.0,158.20474243164062
0,0.0003000000142492354,6539,157.865478515625,0.0,157.865478515625
0,0.0003000000142492354,6549,170.03839111328125,0.0,170.03839111328125
0,0.0003000000142492354,6559,151.65403747558594,0.0,151.65403747558594
0,0.0003000000142492354,6569,152.37860107421875,0.0,152.37860107421875
0,0.0003000000142492354,6579,148.90802001953125,0.0,148.90802001953125
0,0.0003000000142492354,6589,140.5521240234375,0.0,140.5521240234375
0,0.0003000000142492354,6599,173.80886840820312,0.0,173.80886840820312
0,0.0003000000142492354,6609,149.87606811523438,0.0,149.87606811523438
0,0.0003000000142492354,6619,152.72604370117188,0.0,152.72604370117188
0,0.0003000000142492354,6629,156.68710327148438,0.0,156.68710327148438
0,0.0003000000142492354,6639,159.53602600097656,0.0,159.53602600097656
0,0.0003000000142492354,6649,146.490234375,0.0,146.490234375
0,0.0003000000142492354,6659,171.38601684570312,0.0,171.38601684570312
0,0.0003000000142492354,6669,164.3725128173828,0.0,164.3725128173828
0,0.0003000000142492354,6679,160.29150390625,0.0,160.29150390625
0,0.0003000000142492354,6689,158.0233612060547,0.0,158.0233612060547
0,0.0003000000142492354,6699,157.23690795898438,0.0,157.23690795898438
0,0.0003000000142492354,6709,168.83782958984375,0.0,168.83782958984375
0,0.0003000000142492354,6719,152.91246032714844,0.0,152.91246032714844
0,0.0003000000142492354,6729,161.60995483398438,0.0,161.60995483398438
0,0.0003000000142492354,6739,142.4405975341797,0.0,142.4405975341797
0,0.0003000000142492354,6749,145.28634643554688,0.0,145.28634643554688
0,0.0003000000142492354,6759,165.44049072265625,0.0,165.44049072265625
0,0.0003000000142492354,6769,161.10684204101562,0.0,161.10684204101562
0,0.0003000000142492354,6779,149.23486328125,0.0,149.23486328125
0,0.0003000000142492354,6789,149.28024291992188,0.0,149.28024291992188
0,0.0003000000142492354,6799,164.7181854248047,0.0,164.7181854248047
0,0.0003000000142492354,6809,144.22830200195312,0.0,144.22830200195312
0,0.0003000000142492354,6819,156.56597900390625,0.0,156.56597900390625
0,0.0003000000142492354,6829,149.1102294921875,0.0,149.1102294921875
0,0.0003000000142492354,6839,157.46417236328125,0.0,157.46417236328125
0,0.0003000000142492354,6849,148.33233642578125,0.0,148.33233642578125
0,0.0003000000142492354,6859,163.04446411132812,0.0,163.04446411132812
0,0.0003000000142492354,6869,163.28768920898438,0.0,163.28768920898438
0,0.0003000000142492354,6879,147.32362365722656,0.0,147.32362365722656
0,0.0003000000142492354,6889,157.5562286376953,0.0,157.5562286376953
0,0.0003000000142492354,6899,156.96751403808594,0.0,156.96751403808594
0,0.0003000000142492354,6909,149.33676147460938,0.0,149.33676147460938
0,0.0003000000142492354,6919,142.76478576660156,0.0,142.76478576660156
0,0.0003000000142492354,6929,150.0975341796875,0.0,150.0975341796875
0,0.0003000000142492354,6939,162.01974487304688,0.0,162.01974487304688
0,0.0003000000142492354,6949,160.20697021484375,0.0,160.20697021484375
0,0.0003000000142492354,6959,143.1681671142578,0.0,143.1681671142578
0,0.0003000000142492354,6969,156.9730682373047,0.0,156.9730682373047
0,0.0003000000142492354,6979,159.82958984375,0.0,159.82958984375
0,0.0003000000142492354,6989,138.88461303710938,0.0,138.88461303710938
0,0.0003000000142492354,6999,170.81626892089844,0.0,170.81626892089844
0,0.0003000000142492354,7009,147.7643585205078,0.0,147.7643585205078
0,0.0003000000142492354,7019,137.89724731445312,0.0,137.89724731445312
0,0.0003000000142492354,7029,139.6357421875,0.0,139.6357421875
0,0.0003000000142492354,7039,147.56752014160156,0.0,147.56752014160156
0,0.0003000000142492354,7049,163.7140350341797,0.0,163.7140350341797
0,0.0003000000142492354,7059,139.0573272705078,0.0,139.0573272705078
0,0.0003000000142492354,7069,158.92001342773438,0.0,158.92001342773438
0,0.0003000000142492354,7079,150.12579345703125,0.0,150.12579345703125
0,0.0003000000142492354,7089,161.78001403808594,0.0,161.78001403808594
0,0.0003000000142492354,7099,139.40036010742188,0.0,139.40036010742188
0,0.0003000000142492354,7109,146.5078887939453,0.0,146.5078887939453
0,0.0003000000142492354,7119,156.47418212890625,0.0,156.47418212890625
0,0.0003000000142492354,7129,157.09190368652344,0.0,157.09190368652344
0,0.0003000000142492354,7139,148.31546020507812,0.0,148.31546020507812
0,0.0003000000142492354,7149,147.97413635253906,0.0,147.97413635253906
0,0.0003000000142492354,7159,151.46116638183594,0.0,151.46116638183594
0,0.0003000000142492354,7169,139.74574279785156,0.0,139.74574279785156
0,0.0003000000142492354,7179,152.77471923828125,0.0,152.77471923828125
0,0.0003000000142492354,7189,155.7961883544922,0.0,155.7961883544922
0,0.0003000000142492354,7199,143.5459442138672,0.0,143.5459442138672
0,0.0003000000142492354,7209,155.62660217285156,0.0,155.62660217285156
0,0.0003000000142492354,7219,162.210693359375,0.0,162.210693359375
0,0.0003000000142492354,7229,151.2227783203125,0.0,151.2227783203125
0,0.0003000000142492354,7239,137.65184020996094,0.0,137.65184020996094
0,0.0003000000142492354,7249,155.353271484375,0.0,155.353271484375
0,0.0003000000142492354,7259,147.24221801757812,0.0,147.24221801757812
0,0.0003000000142492354,7269,134.56924438476562,0.0,134.56924438476562
0,0.0003000000142492354,7279,150.12472534179688,0.0,150.12472534179688
0,0.0003000000142492354,7289,149.72213745117188,0.0,149.72213745117188
0,0.0003000000142492354,7299,143.62405395507812,0.0,143.62405395507812
0,0.0003000000142492354,7309,149.28334045410156,0.0,149.28334045410156
0,0.0003000000142492354,7319,156.59860229492188,0.0,156.59860229492188
0,0.0003000000142492354,7329,156.85122680664062,0.0,156.85122680664062
0,0.0003000000142492354,7339,155.13534545898438,0.0,155.13534545898438
0,0.0003000000142492354,7349,149.62112426757812,0.0,149.62112426757812
0,0.0003000000142492354,7359,133.87692260742188,0.0,133.87692260742188
0,0.0003000000142492354,7369,156.52630615234375,0.0,156.52630615234375
0,0.0003000000142492354,7379,144.47433471679688,0.0,144.47433471679688
0,0.0003000000142492354,7389,142.47584533691406,0.0,142.47584533691406
0,0.0003000000142492354,7399,146.05398559570312,0.0,146.05398559570312
0,0.0003000000142492354,7409,145.71798706054688,0.0,145.71798706054688
0,0.0003000000142492354,7419,152.18003845214844,0.0,152.18003845214844
0,0.0003000000142492354,7429,150.94273376464844,0.0,150.94273376464844
0,0.0003000000142492354,7439,143.7029571533203,0.0,143.7029571533203
0,0.0003000000142492354,7449,163.16461181640625,0.0,163.16461181640625
0,0.0003000000142492354,7459,138.65756225585938,0.0,138.65756225585938
0,0.0003000000142492354,7469,161.04779052734375,0.0,161.04779052734375
0,0.0003000000142492354,7479,140.9693603515625,0.0,140.9693603515625
0,0.0003000000142492354,7489,152.27955627441406,0.0,152.27955627441406
0,0.0003000000142492354,7499,139.0291748046875,0.0,139.0291748046875
0,0.0003000000142492354,7509,143.39459228515625,0.0,143.39459228515625
0,0.0003000000142492354,7519,163.2462158203125,0.0,163.2462158203125
0,0.0003000000142492354,7529,156.18170166015625,0.0,156.18170166015625
0,0.0003000000142492354,7539,142.46615600585938,0.0,142.46615600585938
0,0.0003000000142492354,7549,148.21551513671875,0.0,148.21551513671875
0,0.0003000000142492354,7559,161.46282958984375,0.0,161.46282958984375
0,0.0003000000142492354,7569,149.2301025390625,0.0,149.2301025390625
0,0.0003000000142492354,7579,144.15985107421875,0.0,144.15985107421875
0,0.0003000000142492354,7589,158.79974365234375,0.0,158.79974365234375
0,0.0003000000142492354,7599,148.48565673828125,0.0,148.48565673828125
0,0.0003000000142492354,7609,151.01686096191406,0.0,151.01686096191406
0,0.0003000000142492354,7619,158.54788208007812,0.0,158.54788208007812
0,0.0003000000142492354,7629,152.5364990234375,0.0,152.5364990234375
0,0.0003000000142492354,7639,156.45944213867188,0.0,156.45944213867188
0,0.0003000000142492354,7649,153.68521118164062,0.0,153.68521118164062
0,0.0003000000142492354,7659,141.57492065429688,0.0,141.57492065429688
0,0.0003000000142492354,7669,133.74783325195312,0.0,133.74783325195312
0,0.0003000000142492354,7679,146.9813995361328,0.0,146.9813995361328
0,0.0003000000142492354,7689,158.43255615234375,0.0,158.43255615234375
0,0.0003000000142492354,7699,139.11900329589844,0.0,139.11900329589844
0,0.0003000000142492354,7709,148.66232299804688,0.0,148.66232299804688
0,0.0003000000142492354,7719,144.96627807617188,0.0,144.96627807617188
0,0.0003000000142492354,7729,154.3381805419922,0.0,154.3381805419922
0,0.0003000000142492354,7739,154.69955444335938,0.0,154.69955444335938
0,0.0003000000142492354,7749,152.75421142578125,0.0,152.75421142578125
0,0.0003000000142492354,7759,159.68954467773438,0.0,159.68954467773438
0,0.0003000000142492354,7769,139.96572875976562,0.0,139.96572875976562
0,0.0003000000142492354,7779,136.43521118164062,0.0,136.43521118164062
0,0.0003000000142492354,7789,143.49630737304688,0.0,143.49630737304688
0,0.0003000000142492354,7799,162.38363647460938,0.0,162.38363647460938
0,0.0003000000142492354,7809,157.18527221679688,0.0,157.18527221679688
0,0.0003000000142492354,7819,147.59335327148438,0.0,147.59335327148438
0,0.0003000000142492354,7829,150.16065979003906,0.0,150.16065979003906
0,0.0003000000142492354,7839,148.48440551757812,0.0,148.48440551757812
0,0.0003000000142492354,7849,146.0950469970703,0.0,146.0950469970703
0,0.0003000000142492354,7859,137.91908264160156,0.0,137.91908264160156
0,0.0003000000142492354,7869,149.94557189941406,0.0,149.94557189941406
0,0.0003000000142492354,7879,144.599365234375,0.0,144.599365234375
0,0.0003000000142492354,7889,144.859375,0.0,144.859375
0,0.0003000000142492354,7899,144.9833221435547,0.0,144.9833221435547
0,0.0003000000142492354,7909,146.3844757080078,0.0,146.3844757080078
0,0.0003000000142492354,7919,143.62332153320312,0.0,143.62332153320312
0,0.0003000000142492354,7929,136.77957153320312,0.0,136.77957153320312
0,0.0003000000142492354,7939,138.69776916503906,0.0,138.69776916503906
0,0.0003000000142492354,7949,152.6164093017578,0.0,152.6164093017578
0,0.0003000000142492354,7959,143.80458068847656,0.0,143.80458068847656
0,0.0003000000142492354,7969,144.77008056640625,0.0,144.77008056640625
0,0.0003000000142492354,7979,146.04287719726562,0.0,146.04287719726562
0,0.0003000000142492354,7989,157.58851623535156,0.0,157.58851623535156
0,0.0003000000142492354,7999,143.10330200195312,0.0,143.10330200195312
0,0.0003000000142492354,8009,153.7564239501953,0.0,153.7564239501953
0,0.0003000000142492354,8019,145.2544403076172,0.0,145.2544403076172
0,0.0003000000142492354,8029,146.22280883789062,0.0,146.22280883789062
0,0.0003000000142492354,8039,157.69430541992188,0.0,157.69430541992188
0,0.0003000000142492354,8049,152.35946655273438,0.0,152.35946655273438
0,0.0003000000142492354,8059,151.29090881347656,0.0,151.29090881347656
0,0.0003000000142492354,8069,155.86883544921875,0.0,155.86883544921875
0,0.0003000000142492354,8079,150.63356018066406,0.0,150.63356018066406
0,0.0003000000142492354,8089,154.0445556640625,0.0,154.0445556640625
0,0.0003000000142492354,8099,157.67311096191406,0.0,157.67311096191406
0,0.0003000000142492354,8109,139.30491638183594,0.0,139.30491638183594
0,0.0003000000142492354,8119,163.47755432128906,0.0,163.47755432128906
0,0.0003000000142492354,8129,149.22361755371094,0.0,149.22361755371094
0,0.0003000000142492354,8139,144.26239013671875,0.0,144.26239013671875
0,0.0003000000142492354,8149,148.66073608398438,0.0,148.66073608398438
0,0.0003000000142492354,8159,161.35302734375,0.0,161.35302734375
0,0.0003000000142492354,8169,140.88282775878906,0.0,140.88282775878906
0,0.0003000000142492354,8179,155.3921661376953,0.0,155.3921661376953
0,0.0003000000142492354,8189,143.45281982421875,0.0,143.45281982421875
0,0.0003000000142492354,8199,148.1947784423828,0.0,148.1947784423828
0,0.0003000000142492354,8209,150.60028076171875,0.0,150.60028076171875
0,0.0003000000142492354,8219,139.1539306640625,0.0,139.1539306640625
0,0.0003000000142492354,8229,145.83912658691406,0.0,145.83912658691406
0,0.0003000000142492354,8239,148.41561889648438,0.0,148.41561889648438
0,0.0003000000142492354,8249,156.51095581054688,0.0,156.51095581054688
1,0.0003000000142492354,8259,142.89675903320312,0.0,142.89675903320312
1,0.0003000000142492354,8269,147.19163513183594,0.0,147.19163513183594
1,0.0003000000142492354,8279,140.8959197998047,0.0,140.8959197998047
1,0.0003000000142492354,8289,143.02272033691406,0.0,143.02272033691406
1,0.0003000000142492354,8299,146.8474578857422,0.0,146.8474578857422
1,0.0003000000142492354,8309,135.78924560546875,0.0,135.78924560546875
1,0.0003000000142492354,8319,145.16558837890625,0.0,145.16558837890625
1,0.0003000000142492354,8329,150.66775512695312,0.0,150.66775512695312
1,0.0003000000142492354,8339,135.74671936035156,0.0,135.74671936035156
1,0.0003000000142492354,8349,143.90814208984375,0.0,143.90814208984375
1,0.0003000000142492354,8359,151.76779174804688,0.0,151.76779174804688
1,0.0003000000142492354,8369,148.224853515625,0.0,148.224853515625
1,0.0003000000142492354,8379,155.0133819580078,0.0,155.0133819580078
1,0.0003000000142492354,8389,150.36427307128906,0.0,150.36427307128906
1,0.0003000000142492354,8399,172.59552001953125,0.0,172.59552001953125
1,0.0003000000142492354,8409,166.41183471679688,0.0,166.41183471679688
1,0.0003000000142492354,8419,152.40750122070312,0.0,152.40750122070312
1,0.0003000000142492354,8429,148.55697631835938,0.0,148.55697631835938
1,0.0003000000142492354,8439,143.17352294921875,0.0,143.17352294921875
1,0.0003000000142492354,8449,151.99752807617188,0.0,151.99752807617188
1,0.0003000000142492354,8459,140.54312133789062,0.0,140.54312133789062
1,0.0003000000142492354,8469,156.226318359375,0.0,156.226318359375
1,0.0003000000142492354,8479,154.45318603515625,0.0,154.45318603515625
1,0.0003000000142492354,8489,134.4246826171875,0.0,134.4246826171875
1,0.0003000000142492354,8499,152.57421875,0.0,152.57421875
1,0.0003000000142492354,8509,157.95579528808594,0.0,157.95579528808594
1,0.0003000000142492354,8519,147.49948120117188,0.0,147.49948120117188
1,0.0003000000142492354,8529,141.81195068359375,0.0,141.81195068359375
1,0.0003000000142492354,8539,135.6773223876953,0.0,135.6773223876953
1,0.0003000000142492354,8549,156.635498046875,0.0,156.635498046875
1,0.0003000000142492354,8559,140.85562133789062,0.0,140.85562133789062
1,0.0003000000142492354,8569,157.36776733398438,0.0,157.36776733398438
1,0.0003000000142492354,8579,144.60560607910156,0.0,144.60560607910156
1,0.0003000000142492354,8589,138.17538452148438,0.0,138.17538452148438
1,0.0003000000142492354,8599,145.21328735351562,0.0,145.21328735351562
1,0.0003000000142492354,8609,148.31167602539062,0.0,148.31167602539062
1,0.0003000000142492354,8619,161.20089721679688,0.0,161.20089721679688
1,0.0003000000142492354,8629,145.6519317626953,0.0,145.6519317626953
1,0.0003000000142492354,8639,150.09422302246094,0.0,150.09422302246094
1,0.0003000000142492354,8649,147.24546813964844,0.0,147.24546813964844
1,0.0003000000142492354,8659,138.1870574951172,0.0,138.1870574951172
1,0.0003000000142492354,8669,152.2799072265625,0.0,152.2799072265625
1,0.0003000000142492354,8679,151.49513244628906,0.0,151.49513244628906
1,0.0003000000142492354,8689,158.0137481689453,0.0,158.0137481689453
1,0.0003000000142492354,8699,131.53591918945312,0.0,131.53591918945312
1,0.0003000000142492354,8709,160.99810791015625,0.0,160.99810791015625
1,0.0003000000142492354,8719,146.5823974609375,0.0,146.5823974609375
1,0.0003000000142492354,8729,144.67349243164062,0.0,144.67349243164062
1,0.0003000000142492354,8739,134.3096923828125,0.0,134.3096923828125
1,0.0003000000142492354,8749,138.9669189453125,0.0,138.9669189453125
1,0.0003000000142492354,8759,152.73260498046875,0.0,152.73260498046875
1,0.0003000000142492354,8769,152.71957397460938,0.0,152.71957397460938
1,0.0003000000142492354,8779,137.18850708007812,0.0,137.18850708007812
1,0.0003000000142492354,8789,135.8541717529297,0.0,135.8541717529297
1,0.0003000000142492354,8799,147.09512329101562,0.0,147.09512329101562
1,0.0003000000142492354,8809,142.87158203125,0.0,142.87158203125
1,0.0003000000142492354,8819,161.07327270507812,0.0,161.07327270507812
1,0.0003000000142492354,8829,144.60748291015625,0.0,144.60748291015625
1,0.0003000000142492354,8839,139.7083282470703,0.0,139.7083282470703
1,0.0003000000142492354,8849,142.1837615966797,0.0,142.1837615966797
1,0.0003000000142492354,8859,148.78494262695312,0.0,148.78494262695312
1,0.0003000000142492354,8869,142.895751953125,0.0,142.895751953125
1,0.0003000000142492354,8879,139.3564453125,0.0,139.3564453125
1,0.0003000000142492354,8889,163.92979431152344,0.0,163.92979431152344
1,0.0003000000142492354,8899,147.15603637695312,0.0,147.15603637695312
1,0.0003000000142492354,8909,145.37896728515625,0.0,145.37896728515625
1,0.0003000000142492354,8919,142.41815185546875,0.0,142.41815185546875
1,0.0003000000142492354,8929,140.89187622070312,0.0,140.89187622070312
1,0.0003000000142492354,8939,155.6594696044922,0.0,155.6594696044922
1,0.0003000000142492354,8949,152.485595703125,0.0,152.485595703125
1,0.0003000000142492354,8959,132.75885009765625,0.0,132.75885009765625
1,0.0003000000142492354,8969,131.43630981445312,0.0,131.43630981445312
1,0.0003000000142492354,8979,159.721923828125,0.0,159.721923828125
1,0.0003000000142492354,8989,140.89633178710938,0.0,140.89633178710938
1,0.0003000000142492354,8999,149.85476684570312,0.0,149.85476684570312
1,0.0003000000142492354,9009,132.08087158203125,0.0,132.08087158203125
1,0.0003000000142492354,9019,142.598388671875,0.0,142.598388671875
1,0.0003000000142492354,9029,157.98684692382812,0.0,157.98684692382812
1,0.0003000000142492354,9039,146.32235717773438,0.0,146.32235717773438
1,0.0003000000142492354,9049,148.76577758789062,0.0,148.76577758789062
1,0.0003000000142492354,9059,136.12774658203125,0.0,136.12774658203125
1,0.0003000000142492354,9069,165.340576171875,0.0,165.340576171875
1,0.0003000000142492354,9079,149.57424926757812,0.0,149.57424926757812
1,0.0003000000142492354,9089,137.07308959960938,0.0,137.07308959960938
1,0.0003000000142492354,9099,156.10964965820312,0.0,156.10964965820312
1,0.0003000000142492354,9109,148.10833740234375,0.0,148.10833740234375
1,0.0003000000142492354,9119,145.87408447265625,0.0,145.87408447265625
1,0.0003000000142492354,9129,146.97129821777344,0.0,146.97129821777344
1,0.0003000000142492354,9139,158.25448608398438,0.0,158.25448608398438
1,0.0003000000142492354,9149,172.5058135986328,0.0,172.5058135986328
1,0.0003000000142492354,9159,140.56585693359375,0.0,140.56585693359375
1,0.0003000000142492354,9169,144.17926025390625,0.0,144.17926025390625
1,0.0003000000142492354,9179,148.79727172851562,0.0,148.79727172851562
1,0.0003000000142492354,9189,145.869873046875,0.0,145.869873046875
1,0.0003000000142492354,9199,140.8079071044922,0.0,140.8079071044922
1,0.0003000000142492354,9209,160.61495971679688,0.0,160.61495971679688
1,0.0003000000142492354,9219,148.23333740234375,0.0,148.23333740234375
1,0.0003000000142492354,9229,156.6371612548828,0.0,156.6371612548828
1,0.0003000000142492354,9239,149.0481414794922,0.0,149.0481414794922
1,0.0003000000142492354,9249,142.54818725585938,0.0,142.54818725585938
1,0.0003000000142492354,9259,142.96473693847656,0.0,142.96473693847656
1,0.0003000000142492354,9269,145.377685546875,0.0,145.377685546875
1,0.0003000000142492354,9279,145.93408203125,0.0,145.93408203125
1,0.0003000000142492354,9289,130.0801544189453,0.0,130.0801544189453
1,0.0003000000142492354,9299,141.886962890625,0.0,141.886962890625
1,0.0003000000142492354,9309,148.51487731933594,0.0,148.51487731933594
1,0.0003000000142492354,9319,157.93328857421875,0.0,157.93328857421875
1,0.0003000000142492354,9329,162.0229034423828,0.0,162.0229034423828
1,0.0003000000142492354,9339,151.9847412109375,0.0,151.9847412109375
1,0.0003000000142492354,9349,138.59400939941406,0.0,138.59400939941406
1,0.0003000000142492354,9359,145.6220703125,0.0,145.6220703125
1,0.0003000000142492354,9369,149.63690185546875,0.0,149.63690185546875
1,0.0003000000142492354,9379,133.59506225585938,0.0,133.59506225585938
1,0.0003000000142492354,9389,149.284912109375,0.0,149.284912109375
1,0.0003000000142492354,9399,155.315673828125,0.0,155.315673828125
1,0.0003000000142492354,9409,134.69119262695312,0.0,134.69119262695312
1,0.0003000000142492354,9419,145.4485321044922,0.0,145.4485321044922
1,0.0003000000142492354,9429,166.5228271484375,0.0,166.5228271484375
1,0.0003000000142492354,9439,144.0233154296875,0.0,144.0233154296875
1,0.0003000000142492354,9449,153.36761474609375,0.0,153.36761474609375
1,0.0003000000142492354,9459,147.56802368164062,0.0,147.56802368164062
1,0.0003000000142492354,9469,145.12973022460938,0.0,145.12973022460938
1,0.0003000000142492354,9479,152.53756713867188,0.0,152.53756713867188
1,0.0003000000142492354,9489,160.06298828125,0.0,160.06298828125
1,0.0003000000142492354,9499,141.42965698242188,0.0,141.42965698242188
1,0.0003000000142492354,9509,141.8688201904297,0.0,141.8688201904297
1,0.0003000000142492354,9519,136.66574096679688,0.0,136.66574096679688
1,0.0003000000142492354,9529,158.73809814453125,0.0,158.73809814453125
1,0.0003000000142492354,9539,151.19400024414062,0.0,151.19400024414062
1,0.0003000000142492354,9549,162.16128540039062,0.0,162.16128540039062
1,0.0003000000142492354,9559,132.714111328125,0.0,132.714111328125
1,0.0003000000142492354,9569,145.12844848632812,0.0,145.12844848632812
1,0.0003000000142492354,9579,136.413818359375,0.0,136.413818359375
1,0.0003000000142492354,9589,153.350830078125,0.0,153.350830078125
1,0.0003000000142492354,9599,154.2598419189453,0.0,154.2598419189453
1,0.0003000000142492354,9609,143.64193725585938,0.0,143.64193725585938
1,0.0003000000142492354,9619,148.72869873046875,0.0,148.72869873046875
1,0.0003000000142492354,9629,136.59803771972656,0.0,136.59803771972656
1,0.0003000000142492354,9639,151.3096160888672,0.0,151.3096160888672
1,0.0003000000142492354,9649,131.964111328125,0.0,131.964111328125
1,0.0003000000142492354,9659,141.54464721679688,0.0,141.54464721679688
1,0.0003000000142492354,9669,151.11666870117188,0.0,151.11666870117188
1,0.0003000000142492354,9679,167.93917846679688,0.0,167.93917846679688
1,0.0003000000142492354,9689,152.09814453125,0.0,152.09814453125
1,0.0003000000142492354,9699,132.31849670410156,0.0,132.31849670410156
1,0.0003000000142492354,9709,141.46554565429688,0.0,141.46554565429688
1,0.0003000000142492354,9719,149.45654296875,0.0,149.45654296875
1,0.0003000000142492354,9729,151.55137634277344,0.0,151.55137634277344
1,0.0003000000142492354,9739,145.40682983398438,0.0,145.40682983398438
1,0.0003000000142492354,9749,162.49429321289062,0.0,162.49429321289062
1,0.0003000000142492354,9759,139.7285919189453,0.0,139.7285919189453
1,0.0003000000142492354,9769,141.70001220703125,0.0,141.70001220703125
1,0.0003000000142492354,9779,142.9852294921875,0.0,142.9852294921875
1,0.0003000000142492354,9789,133.6086883544922,0.0,133.6086883544922
1,0.0003000000142492354,9799,142.01055908203125,0.0,142.01055908203125
1,0.0003000000142492354,9809,161.76022338867188,0.0,161.76022338867188
1,0.0003000000142492354,9819,145.93341064453125,0.0,145.93341064453125
1,0.0003000000142492354,9829,155.44338989257812,0.0,155.44338989257812
1,0.0003000000142492354,9839,140.2838897705078,0.0,140.2838897705078
1,0.0003000000142492354,9849,131.9364013671875,0.0,131.9364013671875
1,0.0003000000142492354,9859,139.82354736328125,0.0,139.82354736328125
1,0.0003000000142492354,9869,146.77911376953125,0.0,146.77911376953125
1,0.0003000000142492354,9879,137.377685546875,0.0,137.377685546875
1,0.0003000000142492354,9889,156.18881225585938,0.0,156.18881225585938
1,0.0003000000142492354,9899,148.79502868652344,0.0,148.79502868652344
1,0.0003000000142492354,9909,154.2026824951172,0.0,154.2026824951172
1,0.0003000000142492354,9919,149.61630249023438,0.0,149.61630249023438
1,0.0003000000142492354,9929,153.1951904296875,0.0,153.1951904296875
1,0.0003000000142492354,9939,136.78787231445312,0.0,136.78787231445312
1,0.0003000000142492354,9949,140.01416015625,0.0,140.01416015625
1,0.0003000000142492354,9959,149.587646484375,0.0,149.587646484375
1,0.0003000000142492354,9969,138.6379852294922,0.0,138.6379852294922
1,0.0003000000142492354,9979,148.62771606445312,0.0,148.62771606445312
1,0.0003000000142492354,9989,150.90748596191406,0.0,150.90748596191406
1,0.0003000000142492354,9999,142.74478149414062,0.0,142.74478149414062
1,0.0003000000142492354,10009,137.4825439453125,0.0,137.4825439453125
1,0.0003000000142492354,10019,132.9578094482422,0.0,132.9578094482422
1,0.0003000000142492354,10029,151.13827514648438,0.0,151.13827514648438
1,0.0003000000142492354,10039,133.38011169433594,0.0,133.38011169433594
1,0.0003000000142492354,10049,131.7158203125,0.0,131.7158203125
1,0.0003000000142492354,10059,145.39749145507812,0.0,145.39749145507812
1,0.0003000000142492354,10069,144.1743927001953,0.0,144.1743927001953
1,0.0003000000142492354,10079,144.45263671875,0.0,144.45263671875
1,0.0003000000142492354,10089,153.0953369140625,0.0,153.0953369140625
1,0.0003000000142492354,10099,143.4134521484375,0.0,143.4134521484375
1,0.0003000000142492354,10109,152.15478515625,0.0,152.15478515625
1,0.0003000000142492354,10119,148.2328338623047,0.0,148.2328338623047
1,0.0003000000142492354,10129,146.14083862304688,0.0,146.14083862304688
1,0.0003000000142492354,10139,146.91822814941406,0.0,146.91822814941406
1,0.0003000000142492354,10149,159.31979370117188,0.0,159.31979370117188
1,0.0003000000142492354,10159,133.8451385498047,0.0,133.8451385498047
1,0.0003000000142492354,10169,155.9884033203125,0.0,155.9884033203125
1,0.0003000000142492354,10179,144.82363891601562,0.0,144.82363891601562
1,0.0003000000142492354,10189,141.36680603027344,0.0,141.36680603027344
1,0.0003000000142492354,10199,156.3782196044922,0.0,156.3782196044922
1,0.0003000000142492354,10209,145.50267028808594,0.0,145.50267028808594
1,0.0003000000142492354,10219,145.51400756835938,0.0,145.51400756835938
1,0.0003000000142492354,10229,149.81874084472656,0.0,149.81874084472656
1,0.0003000000142492354,10239,150.2545623779297,0.0,150.2545623779297
1,0.0003000000142492354,10249,140.86683654785156,0.0,140.86683654785156
1,0.0003000000142492354,10259,167.9770050048828,0.0,167.9770050048828
1,0.0003000000142492354,10269,158.16758728027344,0.0,158.16758728027344
1,0.0003000000142492354,10279,151.40399169921875,0.0,151.40399169921875
1,0.0003000000142492354,10289,146.97314453125,0.0,146.97314453125
1,0.0003000000142492354,10299,140.63134765625,0.0,140.63134765625
1,0.0003000000142492354,10309,138.41900634765625,0.0,138.41900634765625
1,0.0003000000142492354,10319,136.26837158203125,0.0,136.26837158203125
1,0.0003000000142492354,10329,151.88699340820312,0.0,151.88699340820312
1,0.0003000000142492354,10339,141.81358337402344,0.0,141.81358337402344
1,0.0003000000142492354,10349,141.18292236328125,0.0,141.18292236328125
1,0.0003000000142492354,10359,144.19236755371094,0.0,144.19236755371094
1,0.0003000000142492354,10369,138.5652618408203,0.0,138.5652618408203
1,0.0003000000142492354,10379,141.21414184570312,0.0,141.21414184570312
1,0.0003000000142492354,10389,142.05807495117188,0.0,142.05807495117188
1,0.0003000000142492354,10399,146.55239868164062,0.0,146.55239868164062
1,0.0003000000142492354,10409,137.769775390625,0.0,137.769775390625
1,0.0003000000142492354,10419,152.51251220703125,0.0,152.51251220703125
1,0.0003000000142492354,10429,155.46572875976562,0.0,155.46572875976562
1,0.0003000000142492354,10439,150.96124267578125,0.0,150.96124267578125
1,0.0003000000142492354,10449,148.0030517578125,0.0,148.0030517578125
1,0.0003000000142492354,10459,149.35211181640625,0.0,149.35211181640625
1,0.0003000000142492354,10469,152.4854736328125,0.0,152.4854736328125
1,0.0003000000142492354,10479,141.75863647460938,0.0,141.75863647460938
1,0.0003000000142492354,10489,141.4106903076172,0.0,141.4106903076172
1,0.0003000000142492354,10499,149.629150390625,0.0,149.629150390625
1,0.0003000000142492354,10509,133.5479736328125,0.0,133.5479736328125
1,0.0003000000142492354,10519,144.70440673828125,0.0,144.70440673828125
1,0.0003000000142492354,10529,155.27182006835938,0.0,155.27182006835938
1,0.0003000000142492354,10539,135.17196655273438,0.0,135.17196655273438
1,0.0003000000142492354,10549,150.7164306640625,0.0,150.7164306640625
1,0.0003000000142492354,10559,144.4161834716797,0.0,144.4161834716797
1,0.0003000000142492354,10569,144.87509155273438,0.0,144.87509155273438
1,0.0003000000142492354,10579,144.5509796142578,0.0,144.5509796142578
1,0.0003000000142492354,10589,164.73175048828125,0.0,164.73175048828125
1,0.0003000000142492354,10599,139.39212036132812,0.0,139.39212036132812
1,0.0003000000142492354,10609,149.0597686767578,0.0,149.0597686767578
1,0.0003000000142492354,10619,143.8488311767578,0.0,143.8488311767578
1,0.0003000000142492354,10629,142.3058319091797,0.0,142.3058319091797
1,0.0003000000142492354,10639,142.56268310546875,0.0,142.56268310546875
1,0.0003000000142492354,10649,142.68975830078125,0.0,142.68975830078125
1,0.0003000000142492354,10659,148.96385192871094,0.0,148.96385192871094
1,0.0003000000142492354,10669,148.72561645507812,0.0,148.72561645507812
1,0.0003000000142492354,10679,130.69680786132812,0.0,130.69680786132812
1,0.0003000000142492354,10689,141.16441345214844,0.0,141.16441345214844
1,0.0003000000142492354,10699,138.49464416503906,0.0,138.49464416503906
1,0.0003000000142492354,10709,150.5908203125,0.0,150.5908203125
1,0.0003000000142492354,10719,138.7045440673828,0.0,138.7045440673828
1,0.0003000000142492354,10729,152.83128356933594,0.0,152.83128356933594
1,0.0003000000142492354,10739,131.3638916015625,0.0,131.3638916015625
1,0.0003000000142492354,10749,158.80136108398438,0.0,158.80136108398438
1,0.0003000000142492354,10759,142.2703857421875,0.0,142.2703857421875
1,0.0003000000142492354,10769,141.68814086914062,0.0,141.68814086914062
1,0.0003000000142492354,10779,146.37832641601562,0.0,146.37832641601562
1,0.0003000000142492354,10789,138.04541015625,0.0,138.04541015625
1,0.0003000000142492354,10799,155.2435302734375,0.0,155.2435302734375
1,0.0003000000142492354,10809,132.54425048828125,0.0,132.54425048828125
1,0.0003000000142492354,10819,140.27679443359375,0.0,140.27679443359375
1,0.0003000000142492354,10829,147.77635192871094,0.0,147.77635192871094
1,0.0003000000142492354,10839,149.00697326660156,0.0,149.00697326660156
1,0.0003000000142492354,10849,148.33566284179688,0.0,148.33566284179688
1,0.0003000000142492354,10859,155.14102172851562,0.0,155.14102172851562
1,0.0003000000142492354,10869,151.38014221191406,0.0,151.38014221191406
1,0.0003000000142492354,10879,137.55908203125,0.0,137.55908203125
1,0.0003000000142492354,10889,136.51632690429688,0.0,136.51632690429688
1,0.0003000000142492354,10899,165.14183044433594,0.0,165.14183044433594
1,0.0003000000142492354,10909,152.25103759765625,0.0,152.25103759765625
1,0.0003000000142492354,10919,146.6611328125,0.0,146.6611328125
1,0.0003000000142492354,10929,144.17446899414062,0.0,144.17446899414062
1,0.0003000000142492354,10939,140.02804565429688,0.0,140.02804565429688
1,0.0003000000142492354,10949,148.67710876464844,0.0,148.67710876464844
1,0.0003000000142492354,10959,146.56216430664062,0.0,146.56216430664062
1,0.0003000000142492354,10969,147.55877685546875,0.0,147.55877685546875
1,0.0003000000142492354,10979,140.23184204101562,0.0,140.23184204101562
1,0.0003000000142492354,10989,135.012939453125,0.0,135.012939453125
1,0.0003000000142492354,10999,151.74285888671875,0.0,151.74285888671875
1,0.0003000000142492354,11009,145.99169921875,0.0,145.99169921875
1,0.0003000000142492354,11019,139.40042114257812,0.0,139.40042114257812
1,0.0003000000142492354,11029,140.55795288085938,0.0,140.55795288085938
1,0.0003000000142492354,11039,150.62425231933594,0.0,150.62425231933594
1,0.0003000000142492354,11049,150.49624633789062,0.0,150.49624633789062
1,0.0003000000142492354,11059,178.20733642578125,0.0,178.20733642578125
1,0.0003000000142492354,11069,156.85958862304688,0.0,156.85958862304688
1,0.0003000000142492354,11079,156.0861053466797,0.0,156.0861053466797
1,0.0003000000142492354,11089,153.64414978027344,0.0,153.64414978027344
1,0.0003000000142492354,11099,156.7379913330078,0.0,156.7379913330078
1,0.0003000000142492354,11109,148.5137481689453,0.0,148.5137481689453
1,0.0003000000142492354,11119,166.78604125976562,0.0,166.78604125976562
1,0.0003000000142492354,11129,132.527099609375,0.0,132.527099609375
1,0.0003000000142492354,11139,154.56695556640625,0.0,154.56695556640625
1,0.0003000000142492354,11149,148.32064819335938,0.0,148.32064819335938
1,0.0003000000142492354,11159,149.47952270507812,0.0,149.47952270507812
1,0.0003000000142492354,11169,145.4383544921875,0.0,145.4383544921875
1,0.0003000000142492354,11179,142.47422790527344,0.0,142.47422790527344
1,0.0003000000142492354,11189,139.81658935546875,0.0,139.81658935546875
1,0.0003000000142492354,11199,131.78353881835938,0.0,131.78353881835938
1,0.0003000000142492354,11209,147.53231811523438,0.0,147.53231811523438
1,0.0003000000142492354,11219,151.92611694335938,0.0,151.92611694335938
1,0.0003000000142492354,11229,149.781005859375,0.0,149.781005859375
1,0.0003000000142492354,11239,139.8118133544922,0.0,139.8118133544922
1,0.0003000000142492354,11249,144.012939453125,0.0,144.012939453125
1,0.0003000000142492354,11259,141.54055786132812,0.0,141.54055786132812
1,0.0003000000142492354,11269,149.29949951171875,0.0,149.29949951171875
1,0.0003000000142492354,11279,136.15899658203125,0.0,136.15899658203125
1,0.0003000000142492354,11289,141.4851531982422,0.0,141.4851531982422
1,0.0003000000142492354,11299,144.20968627929688,0.0,144.20968627929688
1,0.0003000000142492354,11309,144.54820251464844,0.0,144.54820251464844
1,0.0003000000142492354,11319,127.16790771484375,0.0,127.16790771484375
1,0.0003000000142492354,11329,140.28713989257812,0.0,140.28713989257812
1,0.0003000000142492354,11339,144.7290496826172,0.0,144.7290496826172
1,0.0003000000142492354,11349,142.30194091796875,0.0,142.30194091796875
1,0.0003000000142492354,11359,128.6051788330078,0.0,128.6051788330078
1,0.0003000000142492354,11369,143.3250732421875,0.0,143.3250732421875
1,0.0003000000142492354,11379,139.13172912597656,0.0,139.13172912597656
1,0.0003000000142492354,11389,142.8177490234375,0.0,142.8177490234375
1,0.0003000000142492354,11399,164.4324951171875,0.0,164.4324951171875
1,0.0003000000142492354,11409,135.74200439453125,0.0,135.74200439453125
1,0.0003000000142492354,11419,151.20730590820312,0.0,151.20730590820312
1,0.0003000000142492354,11429,156.91021728515625,0.0,156.91021728515625
1,0.0003000000142492354,11439,131.0990447998047,0.0,131.0990447998047
1,0.0003000000142492354,11449,157.725341796875,0.0,157.725341796875
1,0.0003000000142492354,11459,134.59327697753906,0.0,134.59327697753906
1,0.0003000000142492354,11469,153.30209350585938,0.0,153.30209350585938
1,0.0003000000142492354,11479,144.39309692382812,0.0,144.39309692382812
1,0.0003000000142492354,11489,139.00314331054688,0.0,139.00314331054688
1,0.0003000000142492354,11499,143.99972534179688,0.0,143.99972534179688
1,0.0003000000142492354,11509,145.61611938476562,0.0,145.61611938476562
1,0.0003000000142492354,11519,151.83433532714844,0.0,151.83433532714844
1,0.0003000000142492354,11529,161.43724060058594,0.0,161.43724060058594
1,0.0003000000142492354,11539,153.4053955078125,0.0,153.4053955078125
1,0.0003000000142492354,11549,151.02310180664062,0.0,151.02310180664062
1,0.0003000000142492354,11559,155.64283752441406,0.0,155.64283752441406
1,0.0003000000142492354,11569,148.75033569335938,0.0,148.75033569335938
1,0.0003000000142492354,11579,150.74961853027344,0.0,150.74961853027344
1,0.0003000000142492354,11589,138.16778564453125,0.0,138.16778564453125
1,0.0003000000142492354,11599,151.6868896484375,0.0,151.6868896484375
1,0.0003000000142492354,11609,153.8682861328125,0.0,153.8682861328125
1,0.0003000000142492354,11619,139.81216430664062,0.0,139.81216430664062
1,0.0003000000142492354,11629,140.16970825195312,0.0,140.16970825195312
1,0.0003000000142492354,11639,144.993896484375,0.0,144.993896484375
1,0.0003000000142492354,11649,143.42376708984375,0.0,143.42376708984375
1,0.0003000000142492354,11659,143.0554962158203,0.0,143.0554962158203
1,0.0003000000142492354,11669,148.47653198242188,0.0,148.47653198242188
1,0.0003000000142492354,11679,139.36590576171875,0.0,139.36590576171875
1,0.0003000000142492354,11689,146.36695861816406,0.0,146.36695861816406
1,0.0003000000142492354,11699,146.218017578125,0.0,146.218017578125
1,0.0003000000142492354,11709,136.76492309570312,0.0,136.76492309570312
1,0.0003000000142492354,11719,155.25701904296875,0.0,155.25701904296875
1,0.0003000000142492354,11729,136.00799560546875,0.0,136.00799560546875
1,0.0003000000142492354,11739,153.7390594482422,0.0,153.7390594482422
1,0.0003000000142492354,11749,143.21389770507812,0.0,143.21389770507812
1,0.0003000000142492354,11759,146.12301635742188,0.0,146.12301635742188
1,0.0003000000142492354,11769,135.03683471679688,0.0,135.03683471679688
1,0.0003000000142492354,11779,159.57717895507812,0.0,159.57717895507812
1,0.0003000000142492354,11789,146.781982421875,0.0,146.781982421875
1,0.0003000000142492354,11799,130.53668212890625,0.0,130.53668212890625
1,0.0003000000142492354,11809,153.267578125,0.0,153.267578125
1,0.0003000000142492354,11819,150.8321533203125,0.0,150.8321533203125
1,0.0003000000142492354,11829,152.81959533691406,0.0,152.81959533691406
1,0.0003000000142492354,11839,137.6508026123047,0.0,137.6508026123047
1,0.0003000000142492354,11849,162.0069580078125,0.0,162.0069580078125
1,0.0003000000142492354,11859,133.5621337890625,0.0,133.5621337890625
1,0.0003000000142492354,11869,157.0191650390625,0.0,157.0191650390625
1,0.0003000000142492354,11879,133.68124389648438,0.0,133.68124389648438
1,0.0003000000142492354,11889,157.99403381347656,0.0,157.99403381347656
1,0.0003000000142492354,11899,145.11306762695312,0.0,145.11306762695312
1,0.0003000000142492354,11909,128.1031494140625,0.0,128.1031494140625
1,0.0003000000142492354,11919,141.16790771484375,0.0,141.16790771484375
1,0.0003000000142492354,11929,151.23193359375,0.0,151.23193359375
1,0.0003000000142492354,11939,143.9026641845703,0.0,143.9026641845703
1,0.0003000000142492354,11949,139.08062744140625,0.0,139.08062744140625
1,0.0003000000142492354,11959,144.98587036132812,0.0,144.98587036132812
1,0.0003000000142492354,11969,139.49806213378906,0.0,139.49806213378906
1,0.0003000000142492354,11979,127.20793151855469,0.0,127.20793151855469
1,0.0003000000142492354,11989,142.13735961914062,0.0,142.13735961914062
1,0.0003000000142492354,11999,149.45079040527344,0.0,149.45079040527344
1,0.0003000000142492354,12009,152.08236694335938,0.0,152.08236694335938
1,0.0003000000142492354,12019,141.970703125,0.0,141.970703125
1,0.0003000000142492354,12029,143.98617553710938,0.0,143.98617553710938
1,0.0003000000142492354,12039,152.63455200195312,0.0,152.63455200195312
1,0.0003000000142492354,12049,136.75753784179688,0.0,136.75753784179688
1,0.0003000000142492354,12059,138.0675048828125,0.0,138.0675048828125
1,0.0003000000142492354,12069,142.80775451660156,0.0,142.80775451660156
1,0.0003000000142492354,12079,146.87295532226562,0.0,146.87295532226562
1,0.0003000000142492354,12089,154.74905395507812,0.0,154.74905395507812
1,0.0003000000142492354,12099,149.6880645751953,0.0,149.6880645751953
1,0.0003000000142492354,12109,154.7755889892578,0.0,154.7755889892578
1,0.0003000000142492354,12119,147.9984130859375,0.0,147.9984130859375
1,0.0003000000142492354,12129,150.7095184326172,0.0,150.7095184326172
1,0.0003000000142492354,12139,149.594970703125,0.0,149.594970703125
1,0.0003000000142492354,12149,140.99600219726562,0.0,140.99600219726562
1,0.0003000000142492354,12159,157.98536682128906,0.0,157.98536682128906
1,0.0003000000142492354,12169,148.08544921875,0.0,148.08544921875
1,0.0003000000142492354,12179,151.14352416992188,0.0,151.14352416992188
1,0.0003000000142492354,12189,148.486328125,0.0,148.486328125
1,0.0003000000142492354,12199,132.60052490234375,0.0,132.60052490234375
1,0.0003000000142492354,12209,146.7734375,0.0,146.7734375
1,0.0003000000142492354,12219,149.68508911132812,0.0,149.68508911132812
1,0.0003000000142492354,12229,147.21475219726562,0.0,147.21475219726562
1,0.0003000000142492354,12239,150.10214233398438,0.0,150.10214233398438
1,0.0003000000142492354,12249,156.5123291015625,0.0,156.5123291015625
1,0.0003000000142492354,12259,152.12872314453125,0.0,152.12872314453125
1,0.0003000000142492354,12269,140.7910614013672,0.0,140.7910614013672
1,0.0003000000142492354,12279,160.99752807617188,0.0,160.99752807617188
1,0.0003000000142492354,12289,151.71885681152344,0.0,151.71885681152344
1,0.0003000000142492354,12299,137.60549926757812,0.0,137.60549926757812
1,0.0003000000142492354,12309,147.1396942138672,0.0,147.1396942138672
1,0.0003000000142492354,12319,151.73883056640625,0.0,151.73883056640625
1,0.0003000000142492354,12329,136.45657348632812,0.0,136.45657348632812
1,0.0003000000142492354,12339,141.7207489013672,0.0,141.7207489013672
1,0.0003000000142492354,12349,153.6951141357422,0.0,153.6951141357422
1,0.0003000000142492354,12359,130.82669067382812,0.0,130.82669067382812
1,0.0003000000142492354,12369,153.66574096679688,0.0,153.66574096679688
1,0.0003000000142492354,12379,146.63540649414062,0.0,146.63540649414062
1,0.0003000000142492354,12389,153.79135131835938,0.0,153.79135131835938
1,0.0003000000142492354,12399,158.44821166992188,0.0,158.44821166992188
1,0.0003000000142492354,12409,141.08819580078125,0.0,141.08819580078125
1,0.0003000000142492354,12419,132.2989044189453,0.0,132.2989044189453
1,0.0003000000142492354,12429,146.36737060546875,0.0,146.36737060546875
1,0.0003000000142492354,12439,143.4973602294922,0.0,143.4973602294922
1,0.0003000000142492354,12449,151.6371307373047,0.0,151.6371307373047
1,0.0003000000142492354,12459,134.707763671875,0.0,134.707763671875
1,0.0003000000142492354,12469,161.1774139404297,0.0,161.1774139404297
1,0.0003000000142492354,12479,141.6929473876953,0.0,141.6929473876953
1,0.0003000000142492354,12489,161.52529907226562,0.0,161.52529907226562
1,0.0003000000142492354,12499,139.29421997070312,0.0,139.29421997070312
1,0.0003000000142492354,12509,150.7405548095703,0.0,150.7405548095703
1,0.0003000000142492354,12519,144.28941345214844,0.0,144.28941345214844
1,0.0003000000142492354,12529,144.70819091796875,0.0,144.70819091796875
1,0.0003000000142492354,12539,149.87103271484375,0.0,149.87103271484375
1,0.0003000000142492354,12549,142.87510681152344,0.0,142.87510681152344
1,0.0003000000142492354,12559,144.5395050048828,0.0,144.5395050048828
1,0.0003000000142492354,12569,150.48736572265625,0.0,150.48736572265625
1,0.0003000000142492354,12579,153.77642822265625,0.0,153.77642822265625
1,0.0003000000142492354,12589,155.83657836914062,0.0,155.83657836914062
1,0.0003000000142492354,12599,137.6873779296875,0.0,137.6873779296875
1,0.0003000000142492354,12609,130.288330078125,0.0,130.288330078125
1,0.0003000000142492354,12619,141.67193603515625,0.0,141.67193603515625
1,0.0003000000142492354,12629,142.63449096679688,0.0,142.63449096679688
1,0.0003000000142492354,12639,142.4861297607422,0.0,142.4861297607422
1,0.0003000000142492354,12649,153.71392822265625,0.0,153.71392822265625
1,0.0003000000142492354,12659,146.50479125976562,0.0,146.50479125976562
1,0.0003000000142492354,12669,141.4150848388672,0.0,141.4150848388672
1,0.0003000000142492354,12679,149.2200927734375,0.0,149.2200927734375
1,0.0003000000142492354,12689,154.5669403076172,0.0,154.5669403076172
1,0.0003000000142492354,12699,136.6662139892578,0.0,136.6662139892578
1,0.0003000000142492354,12709,145.5223846435547,0.0,145.5223846435547
1,0.0003000000142492354,12719,132.0125732421875,0.0,132.0125732421875
1,0.0003000000142492354,12729,140.66421508789062,0.0,140.66421508789062
1,0.0003000000142492354,12739,134.91000366210938,0.0,134.91000366210938
1,0.0003000000142492354,12749,149.38479614257812,0.0,149.38479614257812
1,0.0003000000142492354,12759,151.6114959716797,0.0,151.6114959716797
1,0.0003000000142492354,12769,145.4034423828125,0.0,145.4034423828125
1,0.0003000000142492354,12779,148.0562744140625,0.0,148.0562744140625
1,0.0003000000142492354,12789,170.941162109375,0.0,170.941162109375
1,0.0003000000142492354,12799,141.04098510742188,0.0,141.04098510742188
1,0.0003000000142492354,12809,141.074462890625,0.0,141.074462890625
1,0.0003000000142492354,12819,150.70716857910156,0.0,150.70716857910156
1,0.0003000000142492354,12829,156.0708465576172,0.0,156.0708465576172
1,0.0003000000142492354,12839,160.1331024169922,0.0,160.1331024169922
1,0.0003000000142492354,12849,152.1610565185547,0.0,152.1610565185547
1,0.0003000000142492354,12859,147.94357299804688,0.0,147.94357299804688
1,0.0003000000142492354,12869,134.035888671875,0.0,134.035888671875
1,0.0003000000142492354,12879,149.5537109375,0.0,149.5537109375
1,0.0003000000142492354,12889,142.62318420410156,0.0,142.62318420410156
1,0.0003000000142492354,12899,154.31802368164062,0.0,154.31802368164062
1,0.0003000000142492354,12909,153.55184936523438,0.0,153.55184936523438
1,0.0003000000142492354,12919,136.72047424316406,0.0,136.72047424316406
1,0.0003000000142492354,12929,145.94891357421875,0.0,145.94891357421875
1,0.0003000000142492354,12939,135.73495483398438,0.0,135.73495483398438
1,0.0003000000142492354,12949,155.83607482910156,0.0,155.83607482910156
1,0.0003000000142492354,12959,146.22772216796875,0.0,146.22772216796875
1,0.0003000000142492354,12969,147.23526000976562,0.0,147.23526000976562
1,0.0003000000142492354,12979,142.8104248046875,0.0,142.8104248046875
1,0.0003000000142492354,12989,139.01187133789062,0.0,139.01187133789062
1,0.0003000000142492354,12999,161.28756713867188,0.0,161.28756713867188
1,0.0003000000142492354,13009,156.7393798828125,0.0,156.7393798828125
1,0.0003000000142492354,13019,142.59376525878906,0.0,142.59376525878906
1,0.0003000000142492354,13029,156.15591430664062,0.0,156.15591430664062
1,0.0003000000142492354,13039,157.9730224609375,0.0,157.9730224609375
1,0.0003000000142492354,13049,133.59759521484375,0.0,133.59759521484375
1,0.0003000000142492354,13059,147.2764892578125,0.0,147.2764892578125
1,0.0003000000142492354,13069,131.1818084716797,0.0,131.1818084716797
1,0.0003000000142492354,13079,140.3536376953125,0.0,140.3536376953125
1,0.0003000000142492354,13089,142.10130310058594,0.0,142.10130310058594
1,0.0003000000142492354,13099,143.34596252441406,0.0,143.34596252441406
1,0.0003000000142492354,13109,147.83192443847656,0.0,147.83192443847656
1,0.0003000000142492354,13119,141.33236694335938,0.0,141.33236694335938
1,0.0003000000142492354,13129,140.1838836669922,0.0,140.1838836669922
1,0.0003000000142492354,13139,151.04750061035156,0.0,151.04750061035156
1,0.0003000000142492354,13149,143.1853485107422,0.0,143.1853485107422
1,0.0003000000142492354,13159,145.91864013671875,0.0,145.91864013671875
1,0.0003000000142492354,13169,140.60414123535156,0.0,140.60414123535156
1,0.0003000000142492354,13179,148.81002807617188,0.0,148.81002807617188
1,0.0003000000142492354,13189,148.69903564453125,0.0,148.69903564453125
1,0.0003000000142492354,13199,153.7974090576172,0.0,153.7974090576172
1,0.0003000000142492354,13209,131.22943115234375,0.0,131.22943115234375
1,0.0003000000142492354,13219,148.39889526367188,0.0,148.39889526367188
1,0.0003000000142492354,13229,149.36053466796875,0.0,149.36053466796875
1,0.0003000000142492354,13239,136.30972290039062,0.0,136.30972290039062
1,0.0003000000142492354,13249,151.53179931640625,0.0,151.53179931640625
1,0.0003000000142492354,13259,145.94052124023438,0.0,145.94052124023438
1,0.0003000000142492354,13269,147.33648681640625,0.0,147.33648681640625
1,0.0003000000142492354,13279,162.54498291015625,0.0,162.54498291015625
1,0.0003000000142492354,13289,136.09703063964844,0.0,136.09703063964844
1,0.0003000000142492354,13299,143.49172973632812,0.0,143.49172973632812
1,0.0003000000142492354,13309,131.49966430664062,0.0,131.49966430664062
1,0.0003000000142492354,13319,144.29412841796875,0.0,144.29412841796875
1,0.0003000000142492354,13329,144.92535400390625,0.0,144.92535400390625
1,0.0003000000142492354,13339,146.4635467529297,0.0,146.4635467529297
1,0.0003000000142492354,13349,130.74899291992188,0.0,130.74899291992188
1,0.0003000000142492354,13359,139.74952697753906,0.0,139.74952697753906
1,0.0003000000142492354,13369,142.50201416015625,0.0,142.50201416015625
1,0.0003000000142492354,13379,149.01104736328125,0.0,149.01104736328125
1,0.0003000000142492354,13389,145.14927673339844,0.0,145.14927673339844
1,0.0003000000142492354,13399,164.90565490722656,0.0,164.90565490722656
1,0.0003000000142492354,13409,142.20252990722656,0.0,142.20252990722656
1,0.0003000000142492354,13419,138.25579833984375,0.0,138.25579833984375
1,0.0003000000142492354,13429,157.56790161132812,0.0,157.56790161132812
1,0.0003000000142492354,13439,146.58575439453125,0.0,146.58575439453125
1,0.0003000000142492354,13449,145.81077575683594,0.0,145.81077575683594
1,0.0003000000142492354,13459,142.39285278320312,0.0,142.39285278320312
1,0.0003000000142492354,13469,139.61697387695312,0.0,139.61697387695312
1,0.0003000000142492354,13479,140.3306884765625,0.0,140.3306884765625
1,0.0003000000142492354,13489,166.49984741210938,0.0,166.49984741210938
1,0.0003000000142492354,13499,138.4338836669922,0.0,138.4338836669922
1,0.0003000000142492354,13509,131.74801635742188,0.0,131.74801635742188
1,0.0003000000142492354,13519,150.66383361816406,0.0,150.66383361816406
1,0.0003000000142492354,13529,158.6206512451172,0.0,158.6206512451172
1,0.0003000000142492354,13539,146.2808837890625,0.0,146.2808837890625
1,0.0003000000142492354,13549,152.03219604492188,0.0,152.03219604492188
1,0.0003000000142492354,13559,146.32766723632812,0.0,146.32766723632812
1,0.0003000000142492354,13569,141.91810607910156,0.0,141.91810607910156
1,0.0003000000142492354,13579,152.5761260986328,0.0,152.5761260986328
1,0.0003000000142492354,13589,132.55877685546875,0.0,132.55877685546875
1,0.0003000000142492354,13599,144.7058868408203,0.0,144.7058868408203
1,0.0003000000142492354,13609,146.1365509033203,0.0,146.1365509033203
1,0.0003000000142492354,13619,148.8396759033203,0.0,148.8396759033203
1,0.0003000000142492354,13629,151.4337615966797,0.0,151.4337615966797
1,0.0003000000142492354,13639,154.464111328125,0.0,154.464111328125
1,0.0003000000142492354,13649,141.6240234375,0.0,141.6240234375
1,0.0003000000142492354,13659,145.25979614257812,0.0,145.25979614257812
1,0.0003000000142492354,13669,151.7489776611328,0.0,151.7489776611328
1,0.0003000000142492354,13679,141.67384338378906,0.0,141.67384338378906
1,0.0003000000142492354,13689,146.63821411132812,0.0,146.63821411132812
1,0.0003000000142492354,13699,169.93756103515625,0.0,169.93756103515625
1,0.0003000000142492354,13709,147.30128479003906,0.0,147.30128479003906
1,0.0003000000142492354,13719,150.02969360351562,0.0,150.02969360351562
1,0.0003000000142492354,13729,153.06851196289062,0.0,153.06851196289062
1,0.0003000000142492354,13739,136.47958374023438,0.0,136.47958374023438
1,0.0003000000142492354,13749,146.75161743164062,0.0,146.75161743164062
1,0.0003000000142492354,13759,148.28436279296875,0.0,148.28436279296875
1,0.0003000000142492354,13769,138.68092346191406,0.0,138.68092346191406
1,0.0003000000142492354,13779,155.703369140625,0.0,155.703369140625
1,0.0003000000142492354,13789,159.02720642089844,0.0,159.02720642089844
1,0.0003000000142492354,13799,143.011474609375,0.0,143.011474609375
1,0.0003000000142492354,13809,136.83030700683594,0.0,136.83030700683594
1,0.0003000000142492354,13819,129.30079650878906,0.0,129.30079650878906
1,0.0003000000142492354,13829,147.24948120117188,0.0,147.24948120117188
1,0.0003000000142492354,13839,143.56935119628906,0.0,143.56935119628906
1,0.0003000000142492354,13849,133.89242553710938,0.0,133.89242553710938
1,0.0003000000142492354,13859,145.83724975585938,0.0,145.83724975585938
1,0.0003000000142492354,13869,149.03323364257812,0.0,149.03323364257812
1,0.0003000000142492354,13879,138.46084594726562,0.0,138.46084594726562
1,0.0003000000142492354,13889,141.706298828125,0.0,141.706298828125
1,0.0003000000142492354,13899,167.04281616210938,0.0,167.04281616210938
1,0.0003000000142492354,13909,132.89071655273438,0.0,132.89071655273438
1,0.0003000000142492354,13919,153.33145141601562,0.0,153.33145141601562
1,0.0003000000142492354,13929,133.19100952148438,0.0,133.19100952148438
1,0.0003000000142492354,13939,150.4965362548828,0.0,150.4965362548828
1,0.0003000000142492354,13949,131.85289001464844,0.0,131.85289001464844
1,0.0003000000142492354,13959,155.22178649902344,0.0,155.22178649902344
1,0.0003000000142492354,13969,152.4351348876953,0.0,152.4351348876953
1,0.0003000000142492354,13979,155.16490173339844,0.0,155.16490173339844
1,0.0003000000142492354,13989,141.67178344726562,0.0,141.67178344726562
1,0.0003000000142492354,13999,149.93930053710938,0.0,149.93930053710938
1,0.0003000000142492354,14009,145.17337036132812,0.0,145.17337036132812
1,0.0003000000142492354,14019,145.73284912109375,0.0,145.73284912109375
1,0.0003000000142492354,14029,144.240478515625,0.0,144.240478515625
1,0.0003000000142492354,14039,153.003662109375,0.0,153.003662109375
1,0.0003000000142492354,14049,142.87100219726562,0.0,142.87100219726562
1,0.0003000000142492354,14059,142.02621459960938,0.0,142.02621459960938
1,0.0003000000142492354,14069,146.9923095703125,0.0,146.9923095703125
1,0.0003000000142492354,14079,146.09104919433594,0.0,146.09104919433594
1,0.0003000000142492354,14089,140.59188842773438,0.0,140.59188842773438
1,0.0003000000142492354,14099,138.91444396972656,0.0,138.91444396972656
1,0.0003000000142492354,14109,132.60548400878906,0.0,132.60548400878906
1,0.0003000000142492354,14119,149.35137939453125,0.0,149.35137939453125
1,0.0003000000142492354,14129,138.6538848876953,0.0,138.6538848876953
1,0.0003000000142492354,14139,145.23486328125,0.0,145.23486328125
1,0.0003000000142492354,14149,158.0946044921875,0.0,158.0946044921875
1,0.0003000000142492354,14159,126.19342041015625,0.0,126.19342041015625
1,0.0003000000142492354,14169,128.75112915039062,0.0,128.75112915039062
1,0.0003000000142492354,14179,149.61648559570312,0.0,149.61648559570312
1,0.0003000000142492354,14189,141.45291137695312,0.0,141.45291137695312
1,0.0003000000142492354,14199,145.5009765625,0.0,145.5009765625
1,0.0003000000142492354,14209,129.16769409179688,0.0,129.16769409179688
1,0.0003000000142492354,14219,144.99554443359375,0.0,144.99554443359375
1,0.0003000000142492354,14229,157.28746032714844,0.0,157.28746032714844
1,0.0003000000142492354,14239,142.61814880371094,0.0,142.61814880371094
1,0.0003000000142492354,14249,133.40573120117188,0.0,133.40573120117188
1,0.0003000000142492354,14259,131.9709930419922,0.0,131.9709930419922
1,0.0003000000142492354,14269,148.40084838867188,0.0,148.40084838867188
1,0.0003000000142492354,14279,158.18479919433594,0.0,158.18479919433594
1,0.0003000000142492354,14289,153.04832458496094,0.0,153.04832458496094
1,0.0003000000142492354,14299,156.78399658203125,0.0,156.78399658203125
1,0.0003000000142492354,14309,142.6851806640625,0.0,142.6851806640625
1,0.0003000000142492354,14319,139.73500061035156,0.0,139.73500061035156
1,0.0003000000142492354,14329,145.8529052734375,0.0,145.8529052734375
1,0.0003000000142492354,14339,142.4665069580078,0.0,142.4665069580078
1,0.0003000000142492354,14349,138.49537658691406,0.0,138.49537658691406
1,0.0003000000142492354,14359,135.60995483398438,0.0,135.60995483398438
1,0.0003000000142492354,14369,140.8582763671875,0.0,140.8582763671875
1,0.0003000000142492354,14379,143.91275024414062,0.0,143.91275024414062
1,0.0003000000142492354,14389,153.68319702148438,0.0,153.68319702148438
1,0.0003000000142492354,14399,135.98324584960938,0.0,135.98324584960938
1,0.0003000000142492354,14409,150.11074829101562,0.0,150.11074829101562
1,0.0003000000142492354,14419,134.18663024902344,0.0,134.18663024902344
1,0.0003000000142492354,14429,152.93212890625,0.0,152.93212890625
1,0.0003000000142492354,14439,128.73228454589844,0.0,128.73228454589844
1,0.0003000000142492354,14449,142.06536865234375,0.0,142.06536865234375
1,0.0003000000142492354,14459,138.50001525878906,0.0,138.50001525878906
1,0.0003000000142492354,14469,144.50271606445312,0.0,144.50271606445312
1,0.0003000000142492354,14479,127.24398803710938,0.0,127.24398803710938
1,0.0003000000142492354,14489,137.5244903564453,0.0,137.5244903564453
1,0.0003000000142492354,14499,147.13845825195312,0.0,147.13845825195312
1,0.0003000000142492354,14509,128.305419921875,0.0,128.305419921875
1,0.0003000000142492354,14519,146.39208984375,0.0,146.39208984375
1,0.0003000000142492354,14529,141.10150146484375,0.0,141.10150146484375
1,0.0003000000142492354,14539,153.59054565429688,0.0,153.59054565429688
1,0.0003000000142492354,14549,138.770263671875,0.0,138.770263671875
1,0.0003000000142492354,14559,148.01153564453125,0.0,148.01153564453125
1,0.0003000000142492354,14569,144.98672485351562,0.0,144.98672485351562
1,0.0003000000142492354,14579,145.4052734375,0.0,145.4052734375
1,0.0003000000142492354,14589,137.812744140625,0.0,137.812744140625
1,0.0003000000142492354,14599,152.83197021484375,0.0,152.83197021484375
1,0.0003000000142492354,14609,150.98641967773438,0.0,150.98641967773438
1,0.0003000000142492354,14619,155.44195556640625,0.0,155.44195556640625
1,0.0003000000142492354,14629,150.14193725585938,0.0,150.14193725585938
1,0.0003000000142492354,14639,147.00904846191406,0.0,147.00904846191406
1,0.0003000000142492354,14649,136.35350036621094,0.0,136.35350036621094
1,0.0003000000142492354,14659,156.75904846191406,0.0,156.75904846191406
1,0.0003000000142492354,14669,142.1934051513672,0.0,142.1934051513672
1,0.0003000000142492354,14679,156.7666015625,0.0,156.7666015625
1,0.0003000000142492354,14689,147.4181671142578,0.0,147.4181671142578
1,0.0003000000142492354,14699,139.70777893066406,0.0,139.70777893066406
1,0.0003000000142492354,14709,149.51866149902344,0.0,149.51866149902344
1,0.0003000000142492354,14719,139.60684204101562,0.0,139.60684204101562
1,0.0003000000142492354,14729,151.626220703125,0.0,151.626220703125
1,0.0003000000142492354,14739,144.8495635986328,0.0,144.8495635986328
1,0.0003000000142492354,14749,137.57196044921875,0.0,137.57196044921875
1,0.0003000000142492354,14759,143.00851440429688,0.0,143.00851440429688
1,0.0003000000142492354,14769,142.98487854003906,0.0,142.98487854003906
1,0.0003000000142492354,14779,144.7640380859375,0.0,144.7640380859375
1,0.0003000000142492354,14789,144.82737731933594,0.0,144.82737731933594
1,0.0003000000142492354,14799,142.49288940429688,0.0,142.49288940429688
1,0.0003000000142492354,14809,134.14456176757812,0.0,134.14456176757812
1,0.0003000000142492354,14819,153.7829132080078,0.0,153.7829132080078
1,0.0003000000142492354,14829,148.93106079101562,0.0,148.93106079101562
1,0.0003000000142492354,14839,145.85963439941406,0.0,145.85963439941406
1,0.0003000000142492354,14849,151.87054443359375,0.0,151.87054443359375
1,0.0003000000142492354,14859,140.06222534179688,0.0,140.06222534179688
1,0.0003000000142492354,14869,155.41651916503906,0.0,155.41651916503906
1,0.0003000000142492354,14879,145.92755126953125,0.0,145.92755126953125
1,0.0003000000142492354,14889,136.86514282226562,0.0,136.86514282226562
1,0.0003000000142492354,14899,139.3072967529297,0.0,139.3072967529297
1,0.0003000000142492354,14909,140.593017578125,0.0,140.593017578125
1,0.0003000000142492354,14919,135.8497314453125,0.0,135.8497314453125
1,0.0003000000142492354,14929,135.6322021484375,0.0,135.6322021484375
1,0.0003000000142492354,14939,142.2464599609375,0.0,142.2464599609375
1,0.0003000000142492354,14949,138.99539184570312,0.0,138.99539184570312
1,0.0003000000142492354,14959,147.17324829101562,0.0,147.17324829101562
1,0.0003000000142492354,14969,153.08377075195312,0.0,153.08377075195312
1,0.0003000000142492354,14979,146.09535217285156,0.0,146.09535217285156
1,0.0003000000142492354,14989,149.5304412841797,0.0,149.5304412841797
1,0.0003000000142492354,14999,131.85333251953125,0.0,131.85333251953125
1,0.0003000000142492354,15009,143.89942932128906,0.0,143.89942932128906
1,0.0003000000142492354,15019,136.27227783203125,0.0,136.27227783203125
1,0.0003000000142492354,15029,143.05975341796875,0.0,143.05975341796875
1,0.0003000000142492354,15039,159.71359252929688,0.0,159.71359252929688
1,0.0003000000142492354,15049,137.9222412109375,0.0,137.9222412109375
1,0.0003000000142492354,15059,124.99561309814453,0.0,124.99561309814453
1,0.0003000000142492354,15069,143.10311889648438,0.0,143.10311889648438
1,0.0003000000142492354,15079,172.35446166992188,0.0,172.35446166992188
1,0.0003000000142492354,15089,141.61627197265625,0.0,141.61627197265625
1,0.0003000000142492354,15099,153.01805114746094,0.0,153.01805114746094
1,0.0003000000142492354,15109,145.72793579101562,0.0,145.72793579101562
1,0.0003000000142492354,15119,127.87677001953125,0.0,127.87677001953125
1,0.0003000000142492354,15129,141.85333251953125,0.0,141.85333251953125
1,0.0003000000142492354,15139,138.215087890625,0.0,138.215087890625
1,0.0003000000142492354,15149,146.06790161132812,0.0,146.06790161132812
1,0.0003000000142492354,15159,135.13162231445312,0.0,135.13162231445312
1,0.0003000000142492354,15169,146.8061981201172,0.0,146.8061981201172
1,0.0003000000142492354,15179,126.35054779052734,0.0,126.35054779052734
1,0.0003000000142492354,15189,145.67953491210938,0.0,145.67953491210938
1,0.0003000000142492354,15199,142.26824951171875,0.0,142.26824951171875
1,0.0003000000142492354,15209,132.49368286132812,0.0,132.49368286132812
1,0.0003000000142492354,15219,138.45733642578125,0.0,138.45733642578125
1,0.0003000000142492354,15229,149.29840087890625,0.0,149.29840087890625
1,0.0003000000142492354,15239,136.1132049560547,0.0,136.1132049560547
1,0.0003000000142492354,15249,152.14707946777344,0.0,152.14707946777344
1,0.0003000000142492354,15259,155.62783813476562,0.0,155.62783813476562
1,0.0003000000142492354,15269,131.08163452148438,0.0,131.08163452148438
1,0.0003000000142492354,15279,159.79078674316406,0.0,159.79078674316406
1,0.0003000000142492354,15289,146.1759033203125,0.0,146.1759033203125
1,0.0003000000142492354,15299,144.67010498046875,0.0,144.67010498046875
1,0.0003000000142492354,15309,140.87197875976562,0.0,140.87197875976562
1,0.0003000000142492354,15319,138.13677978515625,0.0,138.13677978515625
1,0.0003000000142492354,15329,142.73553466796875,0.0,142.73553466796875
1,0.0003000000142492354,15339,144.22702026367188,0.0,144.22702026367188
1,0.0003000000142492354,15349,140.96945190429688,0.0,140.96945190429688
1,0.0003000000142492354,15359,139.1160888671875,0.0,139.1160888671875
1,0.0003000000142492354,15369,134.70657348632812,0.0,134.70657348632812
1,0.0003000000142492354,15379,145.19677734375,0.0,145.19677734375
1,0.0003000000142492354,15389,142.87648010253906,0.0,142.87648010253906
1,0.0003000000142492354,15399,152.00637817382812,0.0,152.00637817382812
1,0.0003000000142492354,15409,140.9407958984375,0.0,140.9407958984375
1,0.0003000000142492354,15419,142.83645629882812,0.0,142.83645629882812
1,0.0003000000142492354,15429,144.5802001953125,0.0,144.5802001953125
1,0.0003000000142492354,15439,130.4979248046875,0.0,130.4979248046875
1,0.0003000000142492354,15449,139.48532104492188,0.0,139.48532104492188
1,0.0003000000142492354,15459,144.1974334716797,0.0,144.1974334716797
1,0.0003000000142492354,15469,138.497802734375,0.0,138.497802734375
1,0.0003000000142492354,15479,148.57566833496094,0.0,148.57566833496094
1,0.0003000000142492354,15489,147.69631958007812,0.0,147.69631958007812
1,0.0003000000142492354,15499,140.95956420898438,0.0,140.95956420898438
1,0.0003000000142492354,15509,147.48385620117188,0.0,147.48385620117188
1,0.0003000000142492354,15519,148.68603515625,0.0,148.68603515625
1,0.0003000000142492354,15529,143.5507049560547,0.0,143.5507049560547
1,0.0003000000142492354,15539,145.85943603515625,0.0,145.85943603515625
1,0.0003000000142492354,15549,153.94322204589844,0.0,153.94322204589844
1,0.0003000000142492354,15559,145.0584716796875,0.0,145.0584716796875
1,0.0003000000142492354,15569,133.95590209960938,0.0,133.95590209960938
1,0.0003000000142492354,15579,155.1108856201172,0.0,155.1108856201172
1,0.0003000000142492354,15589,143.0511016845703,0.0,143.0511016845703
1,0.0003000000142492354,15599,139.96592712402344,0.0,139.96592712402344
1,0.0003000000142492354,15609,145.57467651367188,0.0,145.57467651367188
1,0.0003000000142492354,15619,139.04269409179688,0.0,139.04269409179688
1,0.0003000000142492354,15629,138.48876953125,0.0,138.48876953125
1,0.0003000000142492354,15639,159.90029907226562,0.0,159.90029907226562
1,0.0003000000142492354,15649,147.5995330810547,0.0,147.5995330810547
1,0.0003000000142492354,15659,134.00726318359375,0.0,134.00726318359375
1,0.0003000000142492354,15669,152.72412109375,0.0,152.72412109375
1,0.0003000000142492354,15679,141.31846618652344,0.0,141.31846618652344
1,0.0003000000142492354,15689,142.6684112548828,0.0,142.6684112548828
1,0.0003000000142492354,15699,145.3408203125,0.0,145.3408203125
1,0.0003000000142492354,15709,151.9405517578125,0.0,151.9405517578125
1,0.0003000000142492354,15719,143.8182830810547,0.0,143.8182830810547
1,0.0003000000142492354,15729,140.3184814453125,0.0,140.3184814453125
1,0.0003000000142492354,15739,147.65345764160156,0.0,147.65345764160156
1,0.0003000000142492354,15749,139.83926391601562,0.0,139.83926391601562
1,0.0003000000142492354,15759,150.45413208007812,0.0,150.45413208007812
1,0.0003000000142492354,15769,139.041748046875,0.0,139.041748046875
1,0.0003000000142492354,15779,135.4080352783203,0.0,135.4080352783203
1,0.0003000000142492354,15789,144.3509979248047,0.0,144.3509979248047
1,0.0003000000142492354,15799,149.89028930664062,0.0,149.89028930664062
1,0.0003000000142492354,15809,159.39486694335938,0.0,159.39486694335938
1,0.0003000000142492354,15819,142.34689331054688,0.0,142.34689331054688
1,0.0003000000142492354,15829,156.17637634277344,0.0,156.17637634277344
1,0.0003000000142492354,15839,148.97821044921875,0.0,148.97821044921875
1,0.0003000000142492354,15849,141.53643798828125,0.0,141.53643798828125
1,0.0003000000142492354,15859,137.8775177001953,0.0,137.8775177001953
1,0.0003000000142492354,15869,152.88014221191406,0.0,152.88014221191406
1,0.0003000000142492354,15879,153.46942138671875,0.0,153.46942138671875
1,0.0003000000142492354,15889,145.389892578125,0.0,145.389892578125
1,0.0003000000142492354,15899,139.34005737304688,0.0,139.34005737304688
1,0.0003000000142492354,15909,137.63662719726562,0.0,137.63662719726562
1,0.0003000000142492354,15919,145.57606506347656,0.0,145.57606506347656
1,0.0003000000142492354,15929,144.0740509033203,0.0,144.0740509033203
1,0.0003000000142492354,15939,137.50808715820312,0.0,137.50808715820312
1,0.0003000000142492354,15949,139.43423461914062,0.0,139.43423461914062
1,0.0003000000142492354,15959,142.86717224121094,0.0,142.86717224121094
1,0.0003000000142492354,15969,150.02835083007812,0.0,150.02835083007812
1,0.0003000000142492354,15979,142.5517578125,0.0,142.5517578125
1,0.0003000000142492354,15989,136.8429412841797,0.0,136.8429412841797
1,0.0003000000142492354,15999,137.203125,0.0,137.203125
1,0.0003000000142492354,16009,160.7926483154297,0.0,160.7926483154297
1,0.0003000000142492354,16019,154.31546020507812,0.0,154.31546020507812
1,0.0003000000142492354,16029,148.09190368652344,0.0,148.09190368652344
1,0.0003000000142492354,16039,143.5478973388672,0.0,143.5478973388672
1,0.0003000000142492354,16049,138.92559814453125,0.0,138.92559814453125
1,0.0003000000142492354,16059,141.8822479248047,0.0,141.8822479248047
1,0.0003000000142492354,16069,151.22964477539062,0.0,151.22964477539062
1,0.0003000000142492354,16079,142.1847686767578,0.0,142.1847686767578
1,0.0003000000142492354,16089,136.51470947265625,0.0,136.51470947265625
1,0.0003000000142492354,16099,134.42184448242188,0.0,134.42184448242188
1,0.0003000000142492354,16109,147.51931762695312,0.0,147.51931762695312
1,0.0003000000142492354,16119,151.30453491210938,0.0,151.30453491210938
1,0.0003000000142492354,16129,156.21990966796875,0.0,156.21990966796875
1,0.0003000000142492354,16139,151.72837829589844,0.0,151.72837829589844
1,0.0003000000142492354,16149,130.81100463867188,0.0,130.81100463867188
1,0.0003000000142492354,16159,140.5474853515625,0.0,140.5474853515625
1,0.0003000000142492354,16169,161.4029083251953,0.0,161.4029083251953
1,0.0003000000142492354,16179,141.1111602783203,0.0,141.1111602783203
1,0.0003000000142492354,16189,161.623046875,0.0,161.623046875
1,0.0003000000142492354,16199,150.13845825195312,0.0,150.13845825195312
1,0.0003000000142492354,16209,140.05628967285156,0.0,140.05628967285156
1,0.0003000000142492354,16219,150.29971313476562,0.0,150.29971313476562
1,0.0003000000142492354,16229,143.19601440429688,0.0,143.19601440429688
1,0.0003000000142492354,16239,151.35250854492188,0.0,151.35250854492188
1,0.0003000000142492354,16249,137.94647216796875,0.0,137.94647216796875
1,0.0003000000142492354,16259,131.93544006347656,0.0,131.93544006347656
1,0.0003000000142492354,16269,152.18914794921875,0.0,152.18914794921875
1,0.0003000000142492354,16279,149.2442626953125,0.0,149.2442626953125
1,0.0003000000142492354,16289,146.155517578125,0.0,146.155517578125
1,0.0003000000142492354,16299,143.10311889648438,0.0,143.10311889648438
1,0.0003000000142492354,16309,157.94021606445312,0.0,157.94021606445312
1,0.0003000000142492354,16319,133.63841247558594,0.0,133.63841247558594
1,0.0003000000142492354,16329,138.7103271484375,0.0,138.7103271484375
1,0.0003000000142492354,16339,141.2347869873047,0.0,141.2347869873047
1,0.0003000000142492354,16349,140.277587890625,0.0,140.277587890625
1,0.0003000000142492354,16359,137.49655151367188,0.0,137.49655151367188
1,0.0003000000142492354,16369,142.53106689453125,0.0,142.53106689453125
1,0.0003000000142492354,16379,131.75064086914062,0.0,131.75064086914062
1,0.0003000000142492354,16389,145.08157348632812,0.0,145.08157348632812
1,0.0003000000142492354,16399,139.63865661621094,0.0,139.63865661621094
1,0.0003000000142492354,16409,137.8640594482422,0.0,137.8640594482422
1,0.0003000000142492354,16419,150.92446899414062,0.0,150.92446899414062
1,0.0003000000142492354,16429,143.73849487304688,0.0,143.73849487304688
1,0.0003000000142492354,16439,150.5205535888672,0.0,150.5205535888672
1,0.0003000000142492354,16449,141.7130126953125,0.0,141.7130126953125
1,0.0003000000142492354,16459,150.26705932617188,0.0,150.26705932617188
1,0.0003000000142492354,16469,149.49258422851562,0.0,149.49258422851562
1,0.0003000000142492354,16479,144.18646240234375,0.0,144.18646240234375
1,0.0003000000142492354,16489,140.63916015625,0.0,140.63916015625
1,0.0003000000142492354,16499,134.02830505371094,0.0,134.02830505371094
1,0.0003000000142492354,16509,136.29006958007812,0.0,136.29006958007812
2,0.0003000000142492354,16519,130.59698486328125,0.0,130.59698486328125
2,0.0003000000142492354,16529,142.053955078125,0.0,142.053955078125
2,0.0003000000142492354,16539,152.52630615234375,0.0,152.52630615234375
2,0.0003000000142492354,16549,131.88929748535156,0.0,131.88929748535156
2,0.0003000000142492354,16559,145.02410888671875,0.0,145.02410888671875
2,0.0003000000142492354,16569,137.9862518310547,0.0,137.9862518310547
2,0.0003000000142492354,16579,130.76885986328125,0.0,130.76885986328125
2,0.0003000000142492354,16589,132.67478942871094,0.0,132.67478942871094
2,0.0003000000142492354,16599,148.1533966064453,0.0,148.1533966064453
2,0.0003000000142492354,16609,140.67739868164062,0.0,140.67739868164062
2,0.0003000000142492354,16619,144.5692138671875,0.0,144.5692138671875
2,0.0003000000142492354,16629,131.55657958984375,0.0,131.55657958984375
2,0.0003000000142492354,16639,148.81202697753906,0.0,148.81202697753906
2,0.0003000000142492354,16649,132.9352264404297,0.0,132.9352264404297
2,0.0003000000142492354,16659,139.72393798828125,0.0,139.72393798828125
2,0.0003000000142492354,16669,138.83656311035156,0.0,138.83656311035156
2,0.0003000000142492354,16679,146.55963134765625,0.0,146.55963134765625
2,0.0003000000142492354,16689,156.75779724121094,0.0,156.75779724121094
2,0.0003000000142492354,16699,150.60777282714844,0.0,150.60777282714844
2,0.0003000000142492354,16709,132.49551391601562,0.0,132.49551391601562
2,0.0003000000142492354,16719,156.10406494140625,0.0,156.10406494140625
2,0.0003000000142492354,16729,136.62771606445312,0.0,136.62771606445312
2,0.0003000000142492354,16739,146.44252014160156,0.0,146.44252014160156
2,0.0003000000142492354,16749,142.16961669921875,0.0,142.16961669921875
2,0.0003000000142492354,16759,141.67843627929688,0.0,141.67843627929688
2,0.0003000000142492354,16769,137.42431640625,0.0,137.42431640625
2,0.0003000000142492354,16779,133.24594116210938,0.0,133.24594116210938
2,0.0003000000142492354,16789,149.26513671875,0.0,149.26513671875
2,0.0003000000142492354,16799,137.60324096679688,0.0,137.60324096679688
2,0.0003000000142492354,16809,134.23641967773438,0.0,134.23641967773438
2,0.0003000000142492354,16819,144.4490966796875,0.0,144.4490966796875
2,0.0003000000142492354,16829,130.69845581054688,0.0,130.69845581054688
2,0.0003000000142492354,16839,135.5262908935547,0.0,135.5262908935547
2,0.0003000000142492354,16849,148.03094482421875,0.0,148.03094482421875
2,0.0003000000142492354,16859,142.87051391601562,0.0,142.87051391601562
2,0.0003000000142492354,16869,141.62765502929688,0.0,141.62765502929688
2,0.0003000000142492354,16879,144.95872497558594,0.0,144.95872497558594
2,0.0003000000142492354,16889,141.82052612304688,0.0,141.82052612304688
2,0.0003000000142492354,16899,144.7490234375,0.0,144.7490234375
2,0.0003000000142492354,16909,132.12179565429688,0.0,132.12179565429688
2,0.0003000000142492354,16919,128.5182647705078,0.0,128.5182647705078
2,0.0003000000142492354,16929,147.65701293945312,0.0,147.65701293945312
2,0.0003000000142492354,16939,132.96389770507812,0.0,132.96389770507812
2,0.0003000000142492354,16949,120.90470886230469,0.0,120.90470886230469
2,0.0003000000142492354,16959,136.40444946289062,0.0,136.40444946289062
2,0.0003000000142492354,16969,142.81585693359375,0.0,142.81585693359375
2,0.0003000000142492354,16979,141.44461059570312,0.0,141.44461059570312
2,0.0003000000142492354,16989,142.18975830078125,0.0,142.18975830078125
2,0.0003000000142492354,16999,142.10302734375,0.0,142.10302734375
2,0.0003000000142492354,17009,134.60923767089844,0.0,134.60923767089844
2,0.0003000000142492354,17019,146.81687927246094,0.0,146.81687927246094
2,0.0003000000142492354,17029,133.09512329101562,0.0,133.09512329101562
2,0.0003000000142492354,17039,127.38668060302734,0.0,127.38668060302734
2,0.0003000000142492354,17049,143.12796020507812,0.0,143.12796020507812
2,0.0003000000142492354,17059,135.31593322753906,0.0,135.31593322753906
2,0.0003000000142492354,17069,146.1195068359375,0.0,146.1195068359375
2,0.0003000000142492354,17079,137.8668975830078,0.0,137.8668975830078
2,0.0003000000142492354,17089,139.92034912109375,0.0,139.92034912109375
2,0.0003000000142492354,17099,125.28802490234375,0.0,125.28802490234375
2,0.0003000000142492354,17109,151.6826171875,0.0,151.6826171875
2,0.0003000000142492354,17119,133.56935119628906,0.0,133.56935119628906
2,0.0003000000142492354,17129,150.32406616210938,0.0,150.32406616210938
2,0.0003000000142492354,17139,137.27972412109375,0.0,137.27972412109375
2,0.0003000000142492354,17149,140.15858459472656,0.0,140.15858459472656
2,0.0003000000142492354,17159,149.94886779785156,0.0,149.94886779785156
2,0.0003000000142492354,17169,145.48193359375,0.0,145.48193359375
2,0.0003000000142492354,17179,136.16064453125,0.0,136.16064453125
2,0.0003000000142492354,17189,156.14797973632812,0.0,156.14797973632812
2,0.0003000000142492354,17199,150.93115234375,0.0,150.93115234375
2,0.0003000000142492354,17209,161.06292724609375,0.0,161.06292724609375
2,0.0003000000142492354,17219,146.7856903076172,0.0,146.7856903076172
2,0.0003000000142492354,17229,142.42742919921875,0.0,142.42742919921875
2,0.0003000000142492354,17239,132.98402404785156,0.0,132.98402404785156
2,0.0003000000142492354,17249,135.31137084960938,0.0,135.31137084960938
2,0.0003000000142492354,17259,162.10610961914062,0.0,162.10610961914062
2,0.0003000000142492354,17269,164.1943359375,0.0,164.1943359375
2,0.0003000000142492354,17279,136.7486114501953,0.0,136.7486114501953
2,0.0003000000142492354,17289,151.3489990234375,0.0,151.3489990234375
2,0.0003000000142492354,17299,146.6829071044922,0.0,146.6829071044922
2,0.0003000000142492354,17309,145.73504638671875,0.0,145.73504638671875
2,0.0003000000142492354,17319,150.099853515625,0.0,150.099853515625
2,0.0003000000142492354,17329,146.07696533203125,0.0,146.07696533203125
2,0.0003000000142492354,17339,144.35577392578125,0.0,144.35577392578125
2,0.0003000000142492354,17349,147.5203857421875,0.0,147.5203857421875
2,0.0003000000142492354,17359,153.87069702148438,0.0,153.87069702148438
2,0.0003000000142492354,17369,144.99447631835938,0.0,144.99447631835938
2,0.0003000000142492354,17379,130.53024291992188,0.0,130.53024291992188
2,0.0003000000142492354,17389,124.21065521240234,0.0,124.21065521240234
2,0.0003000000142492354,17399,139.54388427734375,0.0,139.54388427734375
2,0.0003000000142492354,17409,140.6554412841797,0.0,140.6554412841797
2,0.0003000000142492354,17419,141.890625,0.0,141.890625
2,0.0003000000142492354,17429,161.2006072998047,0.0,161.2006072998047
2,0.0003000000142492354,17439,141.81719970703125,0.0,141.81719970703125
2,0.0003000000142492354,17449,148.83599853515625,0.0,148.83599853515625
2,0.0003000000142492354,17459,149.2066192626953,0.0,149.2066192626953
2,0.0003000000142492354,17469,136.89456176757812,0.0,136.89456176757812
2,0.0003000000142492354,17479,142.15577697753906,0.0,142.15577697753906
2,0.0003000000142492354,17489,146.70010375976562,0.0,146.70010375976562
2,0.0003000000142492354,17499,147.28945922851562,0.0,147.28945922851562
2,0.0003000000142492354,17509,138.06512451171875,0.0,138.06512451171875
2,0.0003000000142492354,17519,150.88975524902344,0.0,150.88975524902344
2,0.0003000000142492354,17529,130.97596740722656,0.0,130.97596740722656
2,0.0003000000142492354,17539,150.5086669921875,0.0,150.5086669921875
2,0.0003000000142492354,17549,142.18075561523438,0.0,142.18075561523438
2,0.0003000000142492354,17559,140.98806762695312,0.0,140.98806762695312
2,0.0003000000142492354,17569,145.59571838378906,0.0,145.59571838378906
2,0.0003000000142492354,17579,124.73023986816406,0.0,124.73023986816406
2,0.0003000000142492354,17589,144.62498474121094,0.0,144.62498474121094
2,0.0003000000142492354,17599,141.37890625,0.0,141.37890625
2,0.0003000000142492354,17609,145.4437255859375,0.0,145.4437255859375
2,0.0003000000142492354,17619,155.91481018066406,0.0,155.91481018066406
2,0.0003000000142492354,17629,136.04904174804688,0.0,136.04904174804688
2,0.0003000000142492354,17639,143.1011199951172,0.0,143.1011199951172
2,0.0003000000142492354,17649,161.59384155273438,0.0,161.59384155273438
2,0.0003000000142492354,17659,131.46389770507812,0.0,131.46389770507812
2,0.0003000000142492354,17669,139.58636474609375,0.0,139.58636474609375
2,0.0003000000142492354,17679,148.34027099609375,0.0,148.34027099609375
2,0.0003000000142492354,17689,148.15902709960938,0.0,148.15902709960938
2,0.0003000000142492354,17699,132.74563598632812,0.0,132.74563598632812
2,0.0003000000142492354,17709,132.73179626464844,0.0,132.73179626464844
2,0.0003000000142492354,17719,152.63002014160156,0.0,152.63002014160156
2,0.0003000000142492354,17729,146.00411987304688,0.0,146.00411987304688
2,0.0003000000142492354,17739,150.13853454589844,0.0,150.13853454589844
2,0.0003000000142492354,17749,136.62277221679688,0.0,136.62277221679688
2,0.0003000000142492354,17759,132.6360321044922,0.0,132.6360321044922
2,0.0003000000142492354,17769,140.01092529296875,0.0,140.01092529296875
2,0.0003000000142492354,17779,143.79440307617188,0.0,143.79440307617188
2,0.0003000000142492354,17789,149.7176055908203,0.0,149.7176055908203
2,0.0003000000142492354,17799,133.24539184570312,0.0,133.24539184570312
2,0.0003000000142492354,17809,141.74481201171875,0.0,141.74481201171875
2,0.0003000000142492354,17819,148.1451873779297,0.0,148.1451873779297
2,0.0003000000142492354,17829,141.933349609375,0.0,141.933349609375
2,0.0003000000142492354,17839,143.12277221679688,0.0,143.12277221679688
2,0.0003000000142492354,17849,149.5049285888672,0.0,149.5049285888672
2,0.0003000000142492354,17859,137.27761840820312,0.0,137.27761840820312
2,0.0003000000142492354,17869,133.92864990234375,0.0,133.92864990234375
2,0.0003000000142492354,17879,148.99630737304688,0.0,148.99630737304688
2,0.0003000000142492354,17889,156.91278076171875,0.0,156.91278076171875
2,0.0003000000142492354,17899,142.53335571289062,0.0,142.53335571289062
2,0.0003000000142492354,17909,136.98501586914062,0.0,136.98501586914062
2,0.0003000000142492354,17919,124.8733901977539,0.0,124.8733901977539
2,0.0003000000142492354,17929,136.1683349609375,0.0,136.1683349609375
2,0.0003000000142492354,17939,132.45628356933594,0.0,132.45628356933594
2,0.0003000000142492354,17949,155.68617248535156,0.0,155.68617248535156
2,0.0003000000142492354,17959,143.86428833007812,0.0,143.86428833007812
2,0.0003000000142492354,17969,150.7599639892578,0.0,150.7599639892578
2,0.0003000000142492354,17979,147.21966552734375,0.0,147.21966552734375
2,0.0003000000142492354,17989,127.59182739257812,0.0,127.59182739257812
2,0.0003000000142492354,17999,147.7101593017578,0.0,147.7101593017578
2,0.0003000000142492354,18009,132.74537658691406,0.0,132.74537658691406
2,0.0003000000142492354,18019,133.51162719726562,0.0,133.51162719726562
2,0.0003000000142492354,18029,140.32669067382812,0.0,140.32669067382812
2,0.0003000000142492354,18039,139.12677001953125,0.0,139.12677001953125
2,0.0003000000142492354,18049,159.38058471679688,0.0,159.38058471679688
2,0.0003000000142492354,18059,140.55288696289062,0.0,140.55288696289062
2,0.0003000000142492354,18069,137.9239501953125,0.0,137.9239501953125
2,0.0003000000142492354,18079,138.625732421875,0.0,138.625732421875
2,0.0003000000142492354,18089,148.348388671875,0.0,148.348388671875
2,0.0003000000142492354,18099,132.70651245117188,0.0,132.70651245117188
2,0.0003000000142492354,18109,147.248779296875,0.0,147.248779296875
2,0.0003000000142492354,18119,139.7528076171875,0.0,139.7528076171875
2,0.0003000000142492354,18129,142.67686462402344,0.0,142.67686462402344
2,0.0003000000142492354,18139,142.13040161132812,0.0,142.13040161132812
2,0.0003000000142492354,18149,139.43783569335938,0.0,139.43783569335938
2,0.0003000000142492354,18159,125.05471801757812,0.0,125.05471801757812
2,0.0003000000142492354,18169,131.92381286621094,0.0,131.92381286621094
2,0.0003000000142492354,18179,139.73974609375,0.0,139.73974609375
2,0.0003000000142492354,18189,139.98953247070312,0.0,139.98953247070312
2,0.0003000000142492354,18199,146.6463165283203,0.0,146.6463165283203
2,0.0003000000142492354,18209,149.56591796875,0.0,149.56591796875
2,0.0003000000142492354,18219,141.01602172851562,0.0,141.01602172851562
2,0.0003000000142492354,18229,128.8812255859375,0.0,128.8812255859375
2,0.0003000000142492354,18239,142.38375854492188,0.0,142.38375854492188
2,0.0003000000142492354,18249,144.83555603027344,0.0,144.83555603027344
2,0.0003000000142492354,18259,141.97637939453125,0.0,141.97637939453125
2,0.0003000000142492354,18269,139.11473083496094,0.0,139.11473083496094
2,0.0003000000142492354,18279,133.22494506835938,0.0,133.22494506835938
2,0.0003000000142492354,18289,144.250732421875,0.0,144.250732421875
2,0.0003000000142492354,18299,149.03506469726562,0.0,149.03506469726562
2,0.0003000000142492354,18309,137.25381469726562,0.0,137.25381469726562
2,0.0003000000142492354,18319,139.61827087402344,0.0,139.61827087402344
2,0.0003000000142492354,18329,142.00352478027344,0.0,142.00352478027344
2,0.0003000000142492354,18339,130.91685485839844,0.0,130.91685485839844
2,0.0003000000142492354,18349,151.839599609375,0.0,151.839599609375
2,0.0003000000142492354,18359,156.57257080078125,0.0,156.57257080078125
2,0.0003000000142492354,18369,145.08714294433594,0.0,145.08714294433594
2,0.0003000000142492354,18379,151.90966796875,0.0,151.90966796875
2,0.0003000000142492354,18389,133.62095642089844,0.0,133.62095642089844
2,0.0003000000142492354,18399,135.74594116210938,0.0,135.74594116210938
2,0.0003000000142492354,18409,122.87799072265625,0.0,122.87799072265625
2,0.0003000000142492354,18419,135.1330108642578,0.0,135.1330108642578
2,0.0003000000142492354,18429,160.15518188476562,0.0,160.15518188476562
2,0.0003000000142492354,18439,138.77789306640625,0.0,138.77789306640625
2,0.0003000000142492354,18449,150.87860107421875,0.0,150.87860107421875
2,0.0003000000142492354,18459,141.53012084960938,0.0,141.53012084960938
2,0.0003000000142492354,18469,132.8977508544922,0.0,132.8977508544922
2,0.0003000000142492354,18479,136.71450805664062,0.0,136.71450805664062
2,0.0003000000142492354,18489,135.6813507080078,0.0,135.6813507080078
2,0.0003000000142492354,18499,144.9774169921875,0.0,144.9774169921875
2,0.0003000000142492354,18509,143.1908721923828,0.0,143.1908721923828
2,0.0003000000142492354,18519,148.6898651123047,0.0,148.6898651123047
2,0.0003000000142492354,18529,133.63507080078125,0.0,133.63507080078125
2,0.0003000000142492354,18539,134.42477416992188,0.0,134.42477416992188
2,0.0003000000142492354,18549,138.65786743164062,0.0,138.65786743164062
2,0.0003000000142492354,18559,141.27105712890625,0.0,141.27105712890625
2,0.0003000000142492354,18569,143.64195251464844,0.0,143.64195251464844
2,0.0003000000142492354,18579,140.4613494873047,0.0,140.4613494873047
2,0.0003000000142492354,18589,138.06385803222656,0.0,138.06385803222656
2,0.0003000000142492354,18599,143.02621459960938,0.0,143.02621459960938
2,0.0003000000142492354,18609,143.17010498046875,0.0,143.17010498046875
2,0.0003000000142492354,18619,143.47702026367188,0.0,143.47702026367188
2,0.0003000000142492354,18629,139.23373413085938,0.0,139.23373413085938
2,0.0003000000142492354,18639,130.80116271972656,0.0,130.80116271972656
2,0.0003000000142492354,18649,131.19065856933594,0.0,131.19065856933594
2,0.0003000000142492354,18659,133.2174530029297,0.0,133.2174530029297
2,0.0003000000142492354,18669,140.8339385986328,0.0,140.8339385986328
2,0.0003000000142492354,18679,140.12564086914062,0.0,140.12564086914062
2,0.0003000000142492354,18689,135.48703002929688,0.0,135.48703002929688
2,0.0003000000142492354,18699,152.29949951171875,0.0,152.29949951171875
2,0.0003000000142492354,18709,144.9759521484375,0.0,144.9759521484375
2,0.0003000000142492354,18719,130.64610290527344,0.0,130.64610290527344
2,0.0003000000142492354,18729,148.63375854492188,0.0,148.63375854492188
2,0.0003000000142492354,18739,141.70664978027344,0.0,141.70664978027344
2,0.0003000000142492354,18749,148.0699462890625,0.0,148.0699462890625
2,0.0003000000142492354,18759,139.92628479003906,0.0,139.92628479003906
2,0.0003000000142492354,18769,134.74569702148438,0.0,134.74569702148438
2,0.0003000000142492354,18779,136.6368408203125,0.0,136.6368408203125
2,0.0003000000142492354,18789,120.69419860839844,0.0,120.69419860839844
2,0.0003000000142492354,18799,139.1834716796875,0.0,139.1834716796875
2,0.0003000000142492354,18809,138.61026000976562,0.0,138.61026000976562
2,0.0003000000142492354,18819,139.23013305664062,0.0,139.23013305664062
2,0.0003000000142492354,18829,128.05557250976562,0.0,128.05557250976562
2,0.0003000000142492354,18839,136.14149475097656,0.0,136.14149475097656
2,0.0003000000142492354,18849,144.8599395751953,0.0,144.8599395751953
2,0.0003000000142492354,18859,133.71897888183594,0.0,133.71897888183594
2,0.0003000000142492354,18869,134.29083251953125,0.0,134.29083251953125
2,0.0003000000142492354,18879,137.34927368164062,0.0,137.34927368164062
2,0.0003000000142492354,18889,133.4990692138672,0.0,133.4990692138672
2,0.0003000000142492354,18899,140.28067016601562,0.0,140.28067016601562
2,0.0003000000142492354,18909,141.95343017578125,0.0,141.95343017578125
2,0.0003000000142492354,18919,136.61505126953125,0.0,136.61505126953125
2,0.0003000000142492354,18929,143.59756469726562,0.0,143.59756469726562
2,0.0003000000142492354,18939,134.81590270996094,0.0,134.81590270996094
2,0.0003000000142492354,18949,140.44268798828125,0.0,140.44268798828125
2,0.0003000000142492354,18959,147.20162963867188,0.0,147.20162963867188
2,0.0003000000142492354,18969,136.90074157714844,0.0,136.90074157714844
2,0.0003000000142492354,18979,133.05386352539062,0.0,133.05386352539062
2,0.0003000000142492354,18989,137.93035888671875,0.0,137.93035888671875
2,0.0003000000142492354,18999,140.77159118652344,0.0,140.77159118652344
2,0.0003000000142492354,19009,139.3068084716797,0.0,139.3068084716797
2,0.0003000000142492354,19019,135.4193115234375,0.0,135.4193115234375
2,0.0003000000142492354,19029,129.9890899658203,0.0,129.9890899658203
2,0.0003000000142492354,19039,140.3217315673828,0.0,140.3217315673828
2,0.0003000000142492354,19049,156.572998046875,0.0,156.572998046875
2,0.0003000000142492354,19059,145.6113739013672,0.0,145.6113739013672
2,0.0003000000142492354,19069,151.49725341796875,0.0,151.49725341796875
2,0.0003000000142492354,19079,150.42568969726562,0.0,150.42568969726562
2,0.0003000000142492354,19089,139.73486328125,0.0,139.73486328125
2,0.0003000000142492354,19099,140.51251220703125,0.0,140.51251220703125
2,0.0003000000142492354,19109,152.28900146484375,0.0,152.28900146484375
2,0.0003000000142492354,19119,135.48406982421875,0.0,135.48406982421875
2,0.0003000000142492354,19129,137.99485778808594,0.0,137.99485778808594
2,0.0003000000142492354,19139,142.34912109375,0.0,142.34912109375
2,0.0003000000142492354,19149,130.67666625976562,0.0,130.67666625976562
2,0.0003000000142492354,19159,146.04379272460938,0.0,146.04379272460938
2,0.0003000000142492354,19169,141.9907684326172,0.0,141.9907684326172
2,0.0003000000142492354,19179,133.23448181152344,0.0,133.23448181152344
2,0.0003000000142492354,19189,133.25152587890625,0.0,133.25152587890625
2,0.0003000000142492354,19199,154.242919921875,0.0,154.242919921875
2,0.0003000000142492354,19209,132.5652618408203,0.0,132.5652618408203
2,0.0003000000142492354,19219,143.48287963867188,0.0,143.48287963867188
2,0.0003000000142492354,19229,138.560302734375,0.0,138.560302734375
2,0.0003000000142492354,19239,128.87408447265625,0.0,128.87408447265625
2,0.0003000000142492354,19249,131.54241943359375,0.0,131.54241943359375
2,0.0003000000142492354,19259,133.78433227539062,0.0,133.78433227539062
2,0.0003000000142492354,19269,148.47940063476562,0.0,148.47940063476562
2,0.0003000000142492354,19279,156.2698516845703,0.0,156.2698516845703
2,0.0003000000142492354,19289,133.64700317382812,0.0,133.64700317382812
2,0.0003000000142492354,19299,154.04248046875,0.0,154.04248046875
2,0.0003000000142492354,19309,141.1290283203125,0.0,141.1290283203125
2,0.0003000000142492354,19319,136.26690673828125,0.0,136.26690673828125
2,0.0003000000142492354,19329,153.97970581054688,0.0,153.97970581054688
2,0.0003000000142492354,19339,135.40359497070312,0.0,135.40359497070312
2,0.0003000000142492354,19349,147.10150146484375,0.0,147.10150146484375
2,0.0003000000142492354,19359,128.7718505859375,0.0,128.7718505859375
2,0.0003000000142492354,19369,145.09036254882812,0.0,145.09036254882812
2,0.0003000000142492354,19379,149.44091796875,0.0,149.44091796875
2,0.0003000000142492354,19389,142.85108947753906,0.0,142.85108947753906
2,0.0003000000142492354,19399,132.2200164794922,0.0,132.2200164794922
2,0.0003000000142492354,19409,149.74649047851562,0.0,149.74649047851562
2,0.0003000000142492354,19419,139.34786987304688,0.0,139.34786987304688
2,0.0003000000142492354,19429,144.06964111328125,0.0,144.06964111328125
2,0.0003000000142492354,19439,148.97906494140625,0.0,148.97906494140625
2,0.0003000000142492354,19449,150.0686798095703,0.0,150.0686798095703
2,0.0003000000142492354,19459,151.07223510742188,0.0,151.07223510742188
2,0.0003000000142492354,19469,124.97535705566406,0.0,124.97535705566406
2,0.0003000000142492354,19479,141.23403930664062,0.0,141.23403930664062
2,0.0003000000142492354,19489,143.82179260253906,0.0,143.82179260253906
2,0.0003000000142492354,19499,121.43669128417969,0.0,121.43669128417969
2,0.0003000000142492354,19509,140.99044799804688,0.0,140.99044799804688
2,0.0003000000142492354,19519,145.98831176757812,0.0,145.98831176757812
2,0.0003000000142492354,19529,136.2672119140625,0.0,136.2672119140625
2,0.0003000000142492354,19539,158.38760375976562,0.0,158.38760375976562
2,0.0003000000142492354,19549,152.1604766845703,0.0,152.1604766845703
2,0.0003000000142492354,19559,144.6352996826172,0.0,144.6352996826172
2,0.0003000000142492354,19569,144.16180419921875,0.0,144.16180419921875
2,0.0003000000142492354,19579,145.71363830566406,0.0,145.71363830566406
2,0.0003000000142492354,19589,139.08978271484375,0.0,139.08978271484375
2,0.0003000000142492354,19599,132.6514892578125,0.0,132.6514892578125
2,0.0003000000142492354,19609,147.1087646484375,0.0,147.1087646484375
2,0.0003000000142492354,19619,130.1725616455078,0.0,130.1725616455078
2,0.0003000000142492354,19629,126.29365539550781,0.0,126.29365539550781
2,0.0003000000142492354,19639,144.19866943359375,0.0,144.19866943359375
2,0.0003000000142492354,19649,140.3242645263672,0.0,140.3242645263672
2,0.0003000000142492354,19659,132.66360473632812,0.0,132.66360473632812
2,0.0003000000142492354,19669,135.48394775390625,0.0,135.48394775390625
2,0.0003000000142492354,19679,138.3170928955078,0.0,138.3170928955078
2,0.0003000000142492354,19689,130.58135986328125,0.0,130.58135986328125
2,0.0003000000142492354,19699,129.8701629638672,0.0,129.8701629638672
2,0.0003000000142492354,19709,139.20404052734375,0.0,139.20404052734375
2,0.0003000000142492354,19719,139.27053833007812,0.0,139.27053833007812
2,0.0003000000142492354,19729,142.07064819335938,0.0,142.07064819335938
2,0.0003000000142492354,19739,128.90316772460938,0.0,128.90316772460938
2,0.0003000000142492354,19749,137.7216796875,0.0,137.7216796875
2,0.0003000000142492354,19759,152.70787048339844,0.0,152.70787048339844
2,0.0003000000142492354,19769,140.0355987548828,0.0,140.0355987548828
2,0.0003000000142492354,19779,135.95639038085938,0.0,135.95639038085938
2,0.0003000000142492354,19789,143.1279296875,0.0,143.1279296875
2,0.0003000000142492354,19799,144.98406982421875,0.0,144.98406982421875
2,0.0003000000142492354,19809,139.1582794189453,0.0,139.1582794189453
2,0.0003000000142492354,19819,139.06390380859375,0.0,139.06390380859375
2,0.0003000000142492354,19829,146.1090545654297,0.0,146.1090545654297
2,0.0003000000142492354,19839,152.75840759277344,0.0,152.75840759277344
2,0.0003000000142492354,19849,125.55890655517578,0.0,125.55890655517578
2,0.0003000000142492354,19859,138.37649536132812,0.0,138.37649536132812
2,0.0003000000142492354,19869,132.21751403808594,0.0,132.21751403808594
2,0.0003000000142492354,19879,135.45664978027344,0.0,135.45664978027344
2,0.0003000000142492354,19889,135.71343994140625,0.0,135.71343994140625
2,0.0003000000142492354,19899,154.746826171875,0.0,154.746826171875
2,0.0003000000142492354,19909,147.93728637695312,0.0,147.93728637695312
2,0.0003000000142492354,19919,147.8202667236328,0.0,147.8202667236328
2,0.0003000000142492354,19929,146.1193389892578,0.0,146.1193389892578
2,0.0003000000142492354,19939,156.9571533203125,0.0,156.9571533203125
2,0.0003000000142492354,19949,138.55535888671875,0.0,138.55535888671875
2,0.0003000000142492354,19959,129.52040100097656,0.0,129.52040100097656
2,0.0003000000142492354,19969,122.02265930175781,0.0,122.02265930175781
2,0.0003000000142492354,19979,130.85850524902344,0.0,130.85850524902344
2,0.0003000000142492354,19989,146.1614227294922,0.0,146.1614227294922
2,0.0003000000142492354,19999,137.02706909179688,0.0,137.02706909179688
2,0.0003000000142492354,20009,142.87847900390625,0.0,142.87847900390625
2,0.0003000000142492354,20019,142.35968017578125,0.0,142.35968017578125
2,0.0003000000142492354,20029,129.05630493164062,0.0,129.05630493164062
2,0.0003000000142492354,20039,141.71942138671875,0.0,141.71942138671875
2,0.0003000000142492354,20049,131.65939331054688,0.0,131.65939331054688
2,0.0003000000142492354,20059,140.0633544921875,0.0,140.0633544921875
2,0.0003000000142492354,20069,127.38838195800781,0.0,127.38838195800781
2,0.0003000000142492354,20079,134.65211486816406,0.0,134.65211486816406
2,0.0003000000142492354,20089,136.1766357421875,0.0,136.1766357421875
2,0.0003000000142492354,20099,139.06253051757812,0.0,139.06253051757812
2,0.0003000000142492354,20109,134.4443817138672,0.0,134.4443817138672
2,0.0003000000142492354,20119,146.69601440429688,0.0,146.69601440429688
2,0.0003000000142492354,20129,143.51214599609375,0.0,143.51214599609375
2,0.0003000000142492354,20139,152.6611328125,0.0,152.6611328125
2,0.0003000000142492354,20149,143.53701782226562,0.0,143.53701782226562
2,0.0003000000142492354,20159,139.86219787597656,0.0,139.86219787597656
2,0.0003000000142492354,20169,148.02499389648438,0.0,148.02499389648438
2,0.0003000000142492354,20179,135.29385375976562,0.0,135.29385375976562
2,0.0003000000142492354,20189,130.2336883544922,0.0,130.2336883544922
2,0.0003000000142492354,20199,142.19842529296875,0.0,142.19842529296875
2,0.0003000000142492354,20209,125.46198272705078,0.0,125.46198272705078
2,0.0003000000142492354,20219,129.31570434570312,0.0,129.31570434570312
2,0.0003000000142492354,20229,135.80572509765625,0.0,135.80572509765625
2,0.0003000000142492354,20239,150.31690979003906,0.0,150.31690979003906
2,0.0003000000142492354,20249,144.57977294921875,0.0,144.57977294921875
2,0.0003000000142492354,20259,131.30169677734375,0.0,131.30169677734375
2,0.0003000000142492354,20269,146.15142822265625,0.0,146.15142822265625
2,0.0003000000142492354,20279,140.2352294921875,0.0,140.2352294921875
2,0.0003000000142492354,20289,150.29861450195312,0.0,150.29861450195312
2,0.0003000000142492354,20299,148.88671875,0.0,148.88671875
2,0.0003000000142492354,20309,133.75352478027344,0.0,133.75352478027344
2,0.0003000000142492354,20319,130.31483459472656,0.0,130.31483459472656
2,0.0003000000142492354,20329,139.13116455078125,0.0,139.13116455078125
2,0.0003000000142492354,20339,138.1326904296875,0.0,138.1326904296875
2,0.0003000000142492354,20349,145.1966552734375,0.0,145.1966552734375
2,0.0003000000142492354,20359,143.71585083007812,0.0,143.71585083007812
2,0.0003000000142492354,20369,143.0122528076172,0.0,143.0122528076172
2,0.0003000000142492354,20379,125.3189697265625,0.0,125.3189697265625
2,0.0003000000142492354,20389,133.37603759765625,0.0,133.37603759765625
2,0.0003000000142492354,20399,122.67587280273438,0.0,122.67587280273438
2,0.0003000000142492354,20409,154.23138427734375,0.0,154.23138427734375
2,0.0003000000142492354,20419,147.2433624267578,0.0,147.2433624267578
2,0.0003000000142492354,20429,134.46221923828125,0.0,134.46221923828125
2,0.0003000000142492354,20439,128.05929565429688,0.0,128.05929565429688
2,0.0003000000142492354,20449,130.42312622070312,0.0,130.42312622070312
2,0.0003000000142492354,20459,127.78795623779297,0.0,127.78795623779297
2,0.0003000000142492354,20469,133.75982666015625,0.0,133.75982666015625
2,0.0003000000142492354,20479,132.14566040039062,0.0,132.14566040039062
2,0.0003000000142492354,20489,141.2750244140625,0.0,141.2750244140625
2,0.0003000000142492354,20499,117.02104187011719,0.0,117.02104187011719
2,0.0003000000142492354,20509,149.20733642578125,0.0,149.20733642578125
2,0.0003000000142492354,20519,131.47544860839844,0.0,131.47544860839844
2,0.0003000000142492354,20529,131.27484130859375,0.0,131.27484130859375
2,0.0003000000142492354,20539,146.882568359375,0.0,146.882568359375
2,0.0003000000142492354,20549,147.6444854736328,0.0,147.6444854736328
2,0.0003000000142492354,20559,140.96974182128906,0.0,140.96974182128906
2,0.0003000000142492354,20569,135.41441345214844,0.0,135.41441345214844
2,0.0003000000142492354,20579,137.72927856445312,0.0,137.72927856445312
2,0.0003000000142492354,20589,147.47189331054688,0.0,147.47189331054688
2,0.0003000000142492354,20599,139.08053588867188,0.0,139.08053588867188
2,0.0003000000142492354,20609,142.1090087890625,0.0,142.1090087890625
2,0.0003000000142492354,20619,136.01992797851562,0.0,136.01992797851562
2,0.0003000000142492354,20629,141.492919921875,0.0,141.492919921875
2,0.0003000000142492354,20639,137.51358032226562,0.0,137.51358032226562
2,0.0003000000142492354,20649,140.78262329101562,0.0,140.78262329101562
2,0.0003000000142492354,20659,128.76065063476562,0.0,128.76065063476562
2,0.0003000000142492354,20669,134.3878173828125,0.0,134.3878173828125
2,0.0003000000142492354,20679,139.65390014648438,0.0,139.65390014648438
2,0.0003000000142492354,20689,127.21369171142578,0.0,127.21369171142578
2,0.0003000000142492354,20699,133.05758666992188,0.0,133.05758666992188
2,0.0003000000142492354,20709,135.72857666015625,0.0,135.72857666015625
2,0.0003000000142492354,20719,139.6697235107422,0.0,139.6697235107422
2,0.0003000000142492354,20729,128.82757568359375,0.0,128.82757568359375
2,0.0003000000142492354,20739,137.50660705566406,0.0,137.50660705566406
2,0.0003000000142492354,20749,141.16302490234375,0.0,141.16302490234375
2,0.0003000000142492354,20759,147.11019897460938,0.0,147.11019897460938
2,0.0003000000142492354,20769,138.2254638671875,0.0,138.2254638671875
2,0.0003000000142492354,20779,124.37882995605469,0.0,124.37882995605469
2,0.0003000000142492354,20789,140.92257690429688,0.0,140.92257690429688
2,0.0003000000142492354,20799,150.07962036132812,0.0,150.07962036132812
2,0.0003000000142492354,20809,143.60443115234375,0.0,143.60443115234375
2,0.0003000000142492354,20819,133.9088134765625,0.0,133.9088134765625
2,0.0003000000142492354,20829,143.6853485107422,0.0,143.6853485107422
2,0.0003000000142492354,20839,145.5015869140625,0.0,145.5015869140625
2,0.0003000000142492354,20849,141.6442108154297,0.0,141.6442108154297
2,0.0003000000142492354,20859,139.48399353027344,0.0,139.48399353027344
2,0.0003000000142492354,20869,128.836181640625,0.0,128.836181640625
2,0.0003000000142492354,20879,136.71847534179688,0.0,136.71847534179688
2,0.0003000000142492354,20889,150.75387573242188,0.0,150.75387573242188
2,0.0003000000142492354,20899,138.98690795898438,0.0,138.98690795898438
2,0.0003000000142492354,20909,137.09829711914062,0.0,137.09829711914062
2,0.0003000000142492354,20919,144.50250244140625,0.0,144.50250244140625
2,0.0003000000142492354,20929,162.35501098632812,0.0,162.35501098632812
2,0.0003000000142492354,20939,137.2509002685547,0.0,137.2509002685547
2,0.0003000000142492354,20949,142.1387939453125,0.0,142.1387939453125
2,0.0003000000142492354,20959,134.80258178710938,0.0,134.80258178710938
2,0.0003000000142492354,20969,134.24746704101562,0.0,134.24746704101562
2,0.0003000000142492354,20979,158.6431427001953,0.0,158.6431427001953
2,0.0003000000142492354,20989,159.6845703125,0.0,159.6845703125
2,0.0003000000142492354,20999,138.3263397216797,0.0,138.3263397216797
2,0.0003000000142492354,21009,138.7382049560547,0.0,138.7382049560547
2,0.0003000000142492354,21019,143.46014404296875,0.0,143.46014404296875
2,0.0003000000142492354,21029,141.59217834472656,0.0,141.59217834472656
2,0.0003000000142492354,21039,136.13595581054688,0.0,136.13595581054688
2,0.0003000000142492354,21049,126.68612670898438,0.0,126.68612670898438
2,0.0003000000142492354,21059,139.80828857421875,0.0,139.80828857421875
2,0.0003000000142492354,21069,132.4944610595703,0.0,132.4944610595703
2,0.0003000000142492354,21079,136.68661499023438,0.0,136.68661499023438
2,0.0003000000142492354,21089,141.06529235839844,0.0,141.06529235839844
2,0.0003000000142492354,21099,139.6881561279297,0.0,139.6881561279297
2,0.0003000000142492354,21109,143.63436889648438,0.0,143.63436889648438
2,0.0003000000142492354,21119,144.09381103515625,0.0,144.09381103515625
2,0.0003000000142492354,21129,123.64437866210938,0.0,123.64437866210938
2,0.0003000000142492354,21139,130.90911865234375,0.0,130.90911865234375
2,0.0003000000142492354,21149,131.2691192626953,0.0,131.2691192626953
2,0.0003000000142492354,21159,125.10374450683594,0.0,125.10374450683594
2,0.0003000000142492354,21169,127.42076873779297,0.0,127.42076873779297
2,0.0003000000142492354,21179,131.20907592773438,0.0,131.20907592773438
2,0.0003000000142492354,21189,148.01559448242188,0.0,148.01559448242188
2,0.0003000000142492354,21199,140.7129364013672,0.0,140.7129364013672
2,0.0003000000142492354,21209,142.0949249267578,0.0,142.0949249267578
2,0.0003000000142492354,21219,148.95249938964844,0.0,148.95249938964844
2,0.0003000000142492354,21229,134.1838836669922,0.0,134.1838836669922
2,0.0003000000142492354,21239,128.242431640625,0.0,128.242431640625
2,0.0003000000142492354,21249,134.59799194335938,0.0,134.59799194335938
2,0.0003000000142492354,21259,131.0220947265625,0.0,131.0220947265625
2,0.0003000000142492354,21269,125.59648895263672,0.0,125.59648895263672
2,0.0003000000142492354,21279,149.07656860351562,0.0,149.07656860351562
2,0.0003000000142492354,21289,139.35614013671875,0.0,139.35614013671875
2,0.0003000000142492354,21299,142.6751708984375,0.0,142.6751708984375
2,0.0003000000142492354,21309,129.15740966796875,0.0,129.15740966796875
2,0.0003000000142492354,21319,143.45529174804688,0.0,143.45529174804688
2,0.0003000000142492354,21329,118.22864532470703,0.0,118.22864532470703
2,0.0003000000142492354,21339,122.98564147949219,0.0,122.98564147949219
2,0.0003000000142492354,21349,142.99044799804688,0.0,142.99044799804688
2,0.0003000000142492354,21359,134.9579315185547,0.0,134.9579315185547
2,0.0003000000142492354,21369,129.20468139648438,0.0,129.20468139648438
2,0.0003000000142492354,21379,151.98741149902344,0.0,151.98741149902344
2,0.0003000000142492354,21389,128.49729919433594,0.0,128.49729919433594
2,0.0003000000142492354,21399,140.5316162109375,0.0,140.5316162109375
2,0.0003000000142492354,21409,131.45492553710938,0.0,131.45492553710938
2,0.0003000000142492354,21419,131.18994140625,0.0,131.18994140625
2,0.0003000000142492354,21429,130.9652557373047,0.0,130.9652557373047
2,0.0003000000142492354,21439,148.85064697265625,0.0,148.85064697265625
2,0.0003000000142492354,21449,123.68840789794922,0.0,123.68840789794922
2,0.0003000000142492354,21459,144.80352783203125,0.0,144.80352783203125
2,0.0003000000142492354,21469,138.26150512695312,0.0,138.26150512695312
2,0.0003000000142492354,21479,141.62020874023438,0.0,141.62020874023438
2,0.0003000000142492354,21489,137.79660034179688,0.0,137.79660034179688
2,0.0003000000142492354,21499,145.06265258789062,0.0,145.06265258789062
2,0.0003000000142492354,21509,128.72970581054688,0.0,128.72970581054688
2,0.0003000000142492354,21519,139.05093383789062,0.0,139.05093383789062
2,0.0003000000142492354,21529,168.00474548339844,0.0,168.00474548339844
2,0.0003000000142492354,21539,128.44027709960938,0.0,128.44027709960938
2,0.0003000000142492354,21549,142.00283813476562,0.0,142.00283813476562
2,0.0003000000142492354,21559,127.76521301269531,0.0,127.76521301269531
2,0.0003000000142492354,21569,141.35385131835938,0.0,141.35385131835938
2,0.0003000000142492354,21579,142.85452270507812,0.0,142.85452270507812
2,0.0003000000142492354,21589,136.49029541015625,0.0,136.49029541015625
2,0.0003000000142492354,21599,123.2000503540039,0.0,123.2000503540039
2,0.0003000000142492354,21609,143.72732543945312,0.0,143.72732543945312
2,0.0003000000142492354,21619,136.02134704589844,0.0,136.02134704589844
2,0.0003000000142492354,21629,124.8663558959961,0.0,124.8663558959961
2,0.0003000000142492354,21639,139.81765747070312,0.0,139.81765747070312
2,0.0003000000142492354,21649,133.2303009033203,0.0,133.2303009033203
2,0.0003000000142492354,21659,138.32049560546875,0.0,138.32049560546875
2,0.0003000000142492354,21669,133.34295654296875,0.0,133.34295654296875
2,0.0003000000142492354,21679,117.51714324951172,0.0,117.51714324951172
2,0.0003000000142492354,21689,145.31732177734375,0.0,145.31732177734375
2,0.0003000000142492354,21699,135.3350830078125,0.0,135.3350830078125
2,0.0003000000142492354,21709,129.33087158203125,0.0,129.33087158203125
2,0.0003000000142492354,21719,141.2045135498047,0.0,141.2045135498047
2,0.0003000000142492354,21729,125.06033325195312,0.0,125.06033325195312
2,0.0003000000142492354,21739,135.1571044921875,0.0,135.1571044921875
2,0.0003000000142492354,21749,133.89044189453125,0.0,133.89044189453125
2,0.0003000000142492354,21759,140.3693084716797,0.0,140.3693084716797
2,0.0003000000142492354,21769,139.57752990722656,0.0,139.57752990722656
2,0.0003000000142492354,21779,124.39242553710938,0.0,124.39242553710938
2,0.0003000000142492354,21789,135.62905883789062,0.0,135.62905883789062
2,0.0003000000142492354,21799,143.6174774169922,0.0,143.6174774169922
2,0.0003000000142492354,21809,129.08746337890625,0.0,129.08746337890625
2,0.0003000000142492354,21819,140.80975341796875,0.0,140.80975341796875
2,0.0003000000142492354,21829,137.37637329101562,0.0,137.37637329101562
2,0.0003000000142492354,21839,148.73757934570312,0.0,148.73757934570312
2,0.0003000000142492354,21849,155.40054321289062,0.0,155.40054321289062
2,0.0003000000142492354,21859,129.8201446533203,0.0,129.8201446533203
2,0.0003000000142492354,21869,136.17453002929688,0.0,136.17453002929688
2,0.0003000000142492354,21879,134.92385864257812,0.0,134.92385864257812
2,0.0003000000142492354,21889,138.19761657714844,0.0,138.19761657714844
2,0.0003000000142492354,21899,141.03341674804688,0.0,141.03341674804688
2,0.0003000000142492354,21909,129.46148681640625,0.0,129.46148681640625
2,0.0003000000142492354,21919,136.44888305664062,0.0,136.44888305664062
2,0.0003000000142492354,21929,130.27459716796875,0.0,130.27459716796875
2,0.0003000000142492354,21939,137.78704833984375,0.0,137.78704833984375
2,0.0003000000142492354,21949,141.67881774902344,0.0,141.67881774902344
2,0.0003000000142492354,21959,129.96771240234375,0.0,129.96771240234375
2,0.0003000000142492354,21969,138.3203582763672,0.0,138.3203582763672
2,0.0003000000142492354,21979,154.52459716796875,0.0,154.52459716796875
2,0.0003000000142492354,21989,127.12127685546875,0.0,127.12127685546875
2,0.0003000000142492354,21999,131.29087829589844,0.0,131.29087829589844
2,0.0003000000142492354,22009,132.87847900390625,0.0,132.87847900390625
2,0.0003000000142492354,22019,132.5673065185547,0.0,132.5673065185547
2,0.0003000000142492354,22029,147.56930541992188,0.0,147.56930541992188
2,0.0003000000142492354,22039,139.9215850830078,0.0,139.9215850830078
2,0.0003000000142492354,22049,131.93975830078125,0.0,131.93975830078125
2,0.0003000000142492354,22059,138.11856079101562,0.0,138.11856079101562
2,0.0003000000142492354,22069,146.93002319335938,0.0,146.93002319335938
2,0.0003000000142492354,22079,133.65109252929688,0.0,133.65109252929688
2,0.0003000000142492354,22089,137.22206115722656,0.0,137.22206115722656
2,0.0003000000142492354,22099,146.69854736328125,0.0,146.69854736328125
2,0.0003000000142492354,22109,136.77940368652344,0.0,136.77940368652344
2,0.0003000000142492354,22119,134.76919555664062,0.0,134.76919555664062
2,0.0003000000142492354,22129,133.67453002929688,0.0,133.67453002929688
2,0.0003000000142492354,22139,134.31460571289062,0.0,134.31460571289062
2,0.0003000000142492354,22149,150.35177612304688,0.0,150.35177612304688
2,0.0003000000142492354,22159,134.97299194335938,0.0,134.97299194335938
2,0.0003000000142492354,22169,130.97218322753906,0.0,130.97218322753906
2,0.0003000000142492354,22179,129.7533416748047,0.0,129.7533416748047
2,0.0003000000142492354,22189,134.28439331054688,0.0,134.28439331054688
2,0.0003000000142492354,22199,131.8858184814453,0.0,131.8858184814453
2,0.0003000000142492354,22209,125.890869140625,0.0,125.890869140625
2,0.0003000000142492354,22219,135.92816162109375,0.0,135.92816162109375
2,0.0003000000142492354,22229,133.07916259765625,0.0,133.07916259765625
2,0.0003000000142492354,22239,130.23936462402344,0.0,130.23936462402344
2,0.0003000000142492354,22249,131.8350067138672,0.0,131.8350067138672
2,0.0003000000142492354,22259,133.3693084716797,0.0,133.3693084716797
2,0.0003000000142492354,22269,131.98594665527344,0.0,131.98594665527344
2,0.0003000000142492354,22279,154.88153076171875,0.0,154.88153076171875
2,0.0003000000142492354,22289,134.32632446289062,0.0,134.32632446289062
2,0.0003000000142492354,22299,135.8889617919922,0.0,135.8889617919922
2,0.0003000000142492354,22309,135.80917358398438,0.0,135.80917358398438
2,0.0003000000142492354,22319,135.03460693359375,0.0,135.03460693359375
2,0.0003000000142492354,22329,127.73975372314453,0.0,127.73975372314453
2,0.0003000000142492354,22339,139.83570861816406,0.0,139.83570861816406
2,0.0003000000142492354,22349,142.2139129638672,0.0,142.2139129638672
2,0.0003000000142492354,22359,136.548583984375,0.0,136.548583984375
2,0.0003000000142492354,22369,147.54931640625,0.0,147.54931640625
2,0.0003000000142492354,22379,134.64747619628906,0.0,134.64747619628906
2,0.0003000000142492354,22389,141.32518005371094,0.0,141.32518005371094
2,0.0003000000142492354,22399,138.0216064453125,0.0,138.0216064453125
2,0.0003000000142492354,22409,132.41653442382812,0.0,132.41653442382812
2,0.0003000000142492354,22419,135.36172485351562,0.0,135.36172485351562
2,0.0003000000142492354,22429,123.46177673339844,0.0,123.46177673339844
2,0.0003000000142492354,22439,139.81228637695312,0.0,139.81228637695312
2,0.0003000000142492354,22449,130.49722290039062,0.0,130.49722290039062
2,0.0003000000142492354,22459,136.47598266601562,0.0,136.47598266601562
2,0.0003000000142492354,22469,135.18968200683594,0.0,135.18968200683594
2,0.0003000000142492354,22479,131.41455078125,0.0,131.41455078125
2,0.0003000000142492354,22489,140.1885986328125,0.0,140.1885986328125
2,0.0003000000142492354,22499,133.47157287597656,0.0,133.47157287597656
2,0.0003000000142492354,22509,147.31759643554688,0.0,147.31759643554688
2,0.0003000000142492354,22519,141.2914581298828,0.0,141.2914581298828
2,0.0003000000142492354,22529,134.15370178222656,0.0,134.15370178222656
2,0.0003000000142492354,22539,131.19979858398438,0.0,131.19979858398438
2,0.0003000000142492354,22549,126.67157745361328,0.0,126.67157745361328
2,0.0003000000142492354,22559,136.0818634033203,0.0,136.0818634033203
2,0.0003000000142492354,22569,137.39517211914062,0.0,137.39517211914062
2,0.0003000000142492354,22579,125.2294921875,0.0,125.2294921875
2,0.0003000000142492354,22589,135.740478515625,0.0,135.740478515625
2,0.0003000000142492354,22599,145.56837463378906,0.0,145.56837463378906
2,0.0003000000142492354,22609,126.85426330566406,0.0,126.85426330566406
2,0.0003000000142492354,22619,132.29946899414062,0.0,132.29946899414062
2,0.0003000000142492354,22629,132.3944091796875,0.0,132.3944091796875
2,0.0003000000142492354,22639,141.58782958984375,0.0,141.58782958984375
2,0.0003000000142492354,22649,134.81655883789062,0.0,134.81655883789062
2,0.0003000000142492354,22659,147.50924682617188,0.0,147.50924682617188
2,0.0003000000142492354,22669,129.60061645507812,0.0,129.60061645507812
2,0.0003000000142492354,22679,136.9290008544922,0.0,136.9290008544922
2,0.0003000000142492354,22689,132.50534057617188,0.0,132.50534057617188
2,0.0003000000142492354,22699,125.2662353515625,0.0,125.2662353515625
2,0.0003000000142492354,22709,131.11224365234375,0.0,131.11224365234375
2,0.0003000000142492354,22719,145.8028564453125,0.0,145.8028564453125
2,0.0003000000142492354,22729,135.53016662597656,0.0,135.53016662597656
2,0.0003000000142492354,22739,134.6016082763672,0.0,134.6016082763672
2,0.0003000000142492354,22749,129.17437744140625,0.0,129.17437744140625
2,0.0003000000142492354,22759,136.45420837402344,0.0,136.45420837402344
2,0.0003000000142492354,22769,126.62075805664062,0.0,126.62075805664062
2,0.0003000000142492354,22779,139.7083282470703,0.0,139.7083282470703
2,0.0003000000142492354,22789,155.66148376464844,0.0,155.66148376464844
2,0.0003000000142492354,22799,139.70071411132812,0.0,139.70071411132812
2,0.0003000000142492354,22809,143.5650634765625,0.0,143.5650634765625
2,0.0003000000142492354,22819,139.2074737548828,0.0,139.2074737548828
2,0.0003000000142492354,22829,131.30178833007812,0.0,131.30178833007812
2,0.0003000000142492354,22839,123.48992156982422,0.0,123.48992156982422
2,0.0003000000142492354,22849,129.39144897460938,0.0,129.39144897460938
2,0.0003000000142492354,22859,143.89378356933594,0.0,143.89378356933594
2,0.0003000000142492354,22869,137.43240356445312,0.0,137.43240356445312
2,0.0003000000142492354,22879,123.81831359863281,0.0,123.81831359863281
2,0.0003000000142492354,22889,135.15269470214844,0.0,135.15269470214844
2,0.0003000000142492354,22899,120.069091796875,0.0,120.069091796875
2,0.0003000000142492354,22909,152.557373046875,0.0,152.557373046875
2,0.0003000000142492354,22919,141.8093719482422,0.0,141.8093719482422
2,0.0003000000142492354,22929,144.41128540039062,0.0,144.41128540039062
2,0.0003000000142492354,22939,139.48065185546875,0.0,139.48065185546875
2,0.0003000000142492354,22949,131.60076904296875,0.0,131.60076904296875
2,0.0003000000142492354,22959,134.560302734375,0.0,134.560302734375
2,0.0003000000142492354,22969,138.82159423828125,0.0,138.82159423828125
2,0.0003000000142492354,22979,135.2686004638672,0.0,135.2686004638672
2,0.0003000000142492354,22989,136.765625,0.0,136.765625
2,0.0003000000142492354,22999,135.09043884277344,0.0,135.09043884277344
2,0.0003000000142492354,23009,138.7154541015625,0.0,138.7154541015625
2,0.0003000000142492354,23019,155.62548828125,0.0,155.62548828125
2,0.0003000000142492354,23029,121.14208221435547,0.0,121.14208221435547
2,0.0003000000142492354,23039,132.97955322265625,0.0,132.97955322265625
2,0.0003000000142492354,23049,139.66563415527344,0.0,139.66563415527344
2,0.0003000000142492354,23059,132.57266235351562,0.0,132.57266235351562
2,0.0003000000142492354,23069,132.37445068359375,0.0,132.37445068359375
2,0.0003000000142492354,23079,149.79107666015625,0.0,149.79107666015625
2,0.0003000000142492354,23089,129.5962677001953,0.0,129.5962677001953
2,0.0003000000142492354,23099,130.38717651367188,0.0,130.38717651367188
2,0.0003000000142492354,23109,130.38243103027344,0.0,130.38243103027344
2,0.0003000000142492354,23119,139.12425231933594,0.0,139.12425231933594
2,0.0003000000142492354,23129,132.27720642089844,0.0,132.27720642089844
2,0.0003000000142492354,23139,135.59341430664062,0.0,135.59341430664062
2,0.0003000000142492354,23149,120.20829772949219,0.0,120.20829772949219
2,0.0003000000142492354,23159,140.78765869140625,0.0,140.78765869140625
2,0.0003000000142492354,23169,137.46823120117188,0.0,137.46823120117188
2,0.0003000000142492354,23179,146.5173797607422,0.0,146.5173797607422
2,0.0003000000142492354,23189,148.53372192382812,0.0,148.53372192382812
2,0.0003000000142492354,23199,130.615966796875,0.0,130.615966796875
2,0.0003000000142492354,23209,134.63650512695312,0.0,134.63650512695312
2,0.0003000000142492354,23219,135.89968872070312,0.0,135.89968872070312
2,0.0003000000142492354,23229,130.40692138671875,0.0,130.40692138671875
2,0.0003000000142492354,23239,133.42929077148438,0.0,133.42929077148438
2,0.0003000000142492354,23249,133.54385375976562,0.0,133.54385375976562
2,0.0003000000142492354,23259,129.80825805664062,0.0,129.80825805664062
2,0.0003000000142492354,23269,118.1029052734375,0.0,118.1029052734375
2,0.0003000000142492354,23279,137.68423461914062,0.0,137.68423461914062
2,0.0003000000142492354,23289,147.3885955810547,0.0,147.3885955810547
2,0.0003000000142492354,23299,139.07330322265625,0.0,139.07330322265625
2,0.0003000000142492354,23309,131.75222778320312,0.0,131.75222778320312
2,0.0003000000142492354,23319,136.46859741210938,0.0,136.46859741210938
2,0.0003000000142492354,23329,133.63186645507812,0.0,133.63186645507812
2,0.0003000000142492354,23339,126.4541015625,0.0,126.4541015625
2,0.0003000000142492354,23349,135.73782348632812,0.0,135.73782348632812
2,0.0003000000142492354,23359,134.97662353515625,0.0,134.97662353515625
2,0.0003000000142492354,23369,133.37606811523438,0.0,133.37606811523438
2,0.0003000000142492354,23379,125.66316223144531,0.0,125.66316223144531
2,0.0003000000142492354,23389,131.5607452392578,0.0,131.5607452392578
2,0.0003000000142492354,23399,141.47784423828125,0.0,141.47784423828125
2,0.0003000000142492354,23409,136.85662841796875,0.0,136.85662841796875
2,0.0003000000142492354,23419,121.73275756835938,0.0,121.73275756835938
2,0.0003000000142492354,23429,139.35031127929688,0.0,139.35031127929688
2,0.0003000000142492354,23439,120.30703735351562,0.0,120.30703735351562
2,0.0003000000142492354,23449,125.98368835449219,0.0,125.98368835449219
2,0.0003000000142492354,23459,132.48599243164062,0.0,132.48599243164062
2,0.0003000000142492354,23469,119.47644805908203,0.0,119.47644805908203
2,0.0003000000142492354,23479,146.3568878173828,0.0,146.3568878173828
2,0.0003000000142492354,23489,141.32546997070312,0.0,141.32546997070312
2,0.0003000000142492354,23499,129.70712280273438,0.0,129.70712280273438
2,0.0003000000142492354,23509,136.34506225585938,0.0,136.34506225585938
2,0.0003000000142492354,23519,143.32888793945312,0.0,143.32888793945312
2,0.0003000000142492354,23529,137.45559692382812,0.0,137.45559692382812
2,0.0003000000142492354,23539,139.37698364257812,0.0,139.37698364257812
2,0.0003000000142492354,23549,142.5242919921875,0.0,142.5242919921875
2,0.0003000000142492354,23559,141.20452880859375,0.0,141.20452880859375
2,0.0003000000142492354,23569,135.7100830078125,0.0,135.7100830078125
2,0.0003000000142492354,23579,128.35452270507812,0.0,128.35452270507812
2,0.0003000000142492354,23589,142.91738891601562,0.0,142.91738891601562
2,0.0003000000142492354,23599,136.85940551757812,0.0,136.85940551757812
2,0.0003000000142492354,23609,131.2693634033203,0.0,131.2693634033203
2,0.0003000000142492354,23619,137.1580810546875,0.0,137.1580810546875
2,0.0003000000142492354,23629,131.2554931640625,0.0,131.2554931640625
2,0.0003000000142492354,23639,119.83740997314453,0.0,119.83740997314453
2,0.0003000000142492354,23649,125.1114730834961,0.0,125.1114730834961
2,0.0003000000142492354,23659,140.9788055419922,0.0,140.9788055419922
2,0.0003000000142492354,23669,127.22338104248047,0.0,127.22338104248047
2,0.0003000000142492354,23679,141.15780639648438,0.0,141.15780639648438
2,0.0003000000142492354,23689,131.27784729003906,0.0,131.27784729003906
2,0.0003000000142492354,23699,129.6369171142578,0.0,129.6369171142578
2,0.0003000000142492354,23709,135.11807250976562,0.0,135.11807250976562
2,0.0003000000142492354,23719,142.1754913330078,0.0,142.1754913330078
2,0.0003000000142492354,23729,140.0735321044922,0.0,140.0735321044922
2,0.0003000000142492354,23739,128.3877410888672,0.0,128.3877410888672
2,0.0003000000142492354,23749,130.8709716796875,0.0,130.8709716796875
2,0.0003000000142492354,23759,142.67022705078125,0.0,142.67022705078125
2,0.0003000000142492354,23769,134.2476806640625,0.0,134.2476806640625
2,0.0003000000142492354,23779,131.96188354492188,0.0,131.96188354492188
2,0.0003000000142492354,23789,136.76974487304688,0.0,136.76974487304688
2,0.0003000000142492354,23799,138.81362915039062,0.0,138.81362915039062
2,0.0003000000142492354,23809,125.99342346191406,0.0,125.99342346191406
2,0.0003000000142492354,23819,130.91925048828125,0.0,130.91925048828125
2,0.0003000000142492354,23829,133.45668029785156,0.0,133.45668029785156
2,0.0003000000142492354,23839,120.8891372680664,0.0,120.8891372680664
2,0.0003000000142492354,23849,144.84500122070312,0.0,144.84500122070312
2,0.0003000000142492354,23859,153.93157958984375,0.0,153.93157958984375
2,0.0003000000142492354,23869,135.6952362060547,0.0,135.6952362060547
2,0.0003000000142492354,23879,117.8209228515625,0.0,117.8209228515625
2,0.0003000000142492354,23889,131.8416290283203,0.0,131.8416290283203
2,0.0003000000142492354,23899,139.11322021484375,0.0,139.11322021484375
2,0.0003000000142492354,23909,141.79010009765625,0.0,141.79010009765625
2,0.0003000000142492354,23919,135.3192901611328,0.0,135.3192901611328
2,0.0003000000142492354,23929,137.7985382080078,0.0,137.7985382080078
2,0.0003000000142492354,23939,139.4095458984375,0.0,139.4095458984375
2,0.0003000000142492354,23949,140.46702575683594,0.0,140.46702575683594
2,0.0003000000142492354,23959,135.78453063964844,0.0,135.78453063964844
2,0.0003000000142492354,23969,126.6753921508789,0.0,126.6753921508789
2,0.0003000000142492354,23979,127.88301849365234,0.0,127.88301849365234
2,0.0003000000142492354,23989,122.40689849853516,0.0,122.40689849853516
2,0.0003000000142492354,23999,136.60379028320312,0.0,136.60379028320312
2,0.0003000000142492354,24009,118.19026184082031,0.0,118.19026184082031
2,0.0003000000142492354,24019,131.39984130859375,0.0,131.39984130859375
2,0.0003000000142492354,24029,117.3907470703125,0.0,117.3907470703125
2,0.0003000000142492354,24039,134.88333129882812,0.0,134.88333129882812
2,0.0003000000142492354,24049,129.56549072265625,0.0,129.56549072265625
2,0.0003000000142492354,24059,139.4241943359375,0.0,139.4241943359375
2,0.0003000000142492354,24069,126.10099029541016,0.0,126.10099029541016
2,0.0003000000142492354,24079,129.18516540527344,0.0,129.18516540527344
2,0.0003000000142492354,24089,148.864013671875,0.0,148.864013671875
2,0.0003000000142492354,24099,134.8172607421875,0.0,134.8172607421875
2,0.0003000000142492354,24109,123.93094635009766,0.0,123.93094635009766
2,0.0003000000142492354,24119,128.31378173828125,0.0,128.31378173828125
2,0.0003000000142492354,24129,142.20877075195312,0.0,142.20877075195312
2,0.0003000000142492354,24139,129.67454528808594,0.0,129.67454528808594
2,0.0003000000142492354,24149,146.16693115234375,0.0,146.16693115234375
2,0.0003000000142492354,24159,125.6374282836914,0.0,125.6374282836914
2,0.0003000000142492354,24169,125.69117736816406,0.0,125.69117736816406
2,0.0003000000142492354,24179,132.60879516601562,0.0,132.60879516601562
2,0.0003000000142492354,24189,115.5115966796875,0.0,115.5115966796875
2,0.0003000000142492354,24199,141.97840881347656,0.0,141.97840881347656
2,0.0003000000142492354,24209,144.12283325195312,0.0,144.12283325195312
2,0.0003000000142492354,24219,132.4878387451172,0.0,132.4878387451172
2,0.0003000000142492354,24229,128.63934326171875,0.0,128.63934326171875
2,0.0003000000142492354,24239,131.58438110351562,0.0,131.58438110351562
2,0.0003000000142492354,24249,143.65155029296875,0.0,143.65155029296875
2,0.0003000000142492354,24259,148.0139617919922,0.0,148.0139617919922
2,0.0003000000142492354,24269,147.09945678710938,0.0,147.09945678710938
2,0.0003000000142492354,24279,138.1926727294922,0.0,138.1926727294922
2,0.0003000000142492354,24289,136.65399169921875,0.0,136.65399169921875
2,0.0003000000142492354,24299,141.02700805664062,0.0,141.02700805664062
2,0.0003000000142492354,24309,128.51731872558594,0.0,128.51731872558594
2,0.0003000000142492354,24319,126.72150421142578,0.0,126.72150421142578
2,0.0003000000142492354,24329,130.2432861328125,0.0,130.2432861328125
2,0.0003000000142492354,24339,126.3495864868164,0.0,126.3495864868164
2,0.0003000000142492354,24349,139.38514709472656,0.0,139.38514709472656
2,0.0003000000142492354,24359,138.2381591796875,0.0,138.2381591796875
2,0.0003000000142492354,24369,139.87615966796875,0.0,139.87615966796875
2,0.0003000000142492354,24379,140.8480224609375,0.0,140.8480224609375
2,0.0003000000142492354,24389,150.06668090820312,0.0,150.06668090820312
2,0.0003000000142492354,24399,134.09967041015625,0.0,134.09967041015625
2,0.0003000000142492354,24409,132.9850311279297,0.0,132.9850311279297
2,0.0003000000142492354,24419,137.94813537597656,0.0,137.94813537597656
2,0.0003000000142492354,24429,127.60746765136719,0.0,127.60746765136719
2,0.0003000000142492354,24439,134.51075744628906,0.0,134.51075744628906
2,0.0003000000142492354,24449,134.54075622558594,0.0,134.54075622558594
2,0.0003000000142492354,24459,122.91545104980469,0.0,122.91545104980469
2,0.0003000000142492354,24469,153.37619018554688,0.0,153.37619018554688
2,0.0003000000142492354,24479,133.08631896972656,0.0,133.08631896972656
2,0.0003000000142492354,24489,138.91720581054688,0.0,138.91720581054688
2,0.0003000000142492354,24499,129.6485595703125,0.0,129.6485595703125
2,0.0003000000142492354,24509,139.240234375,0.0,139.240234375
2,0.0003000000142492354,24519,142.33175659179688,0.0,142.33175659179688
2,0.0003000000142492354,24529,130.91270446777344,0.0,130.91270446777344
2,0.0003000000142492354,24539,122.82575225830078,0.0,122.82575225830078
2,0.0003000000142492354,24549,142.13320922851562,0.0,142.13320922851562
2,0.0003000000142492354,24559,136.87954711914062,0.0,136.87954711914062
2,0.0003000000142492354,24569,131.7304229736328,0.0,131.7304229736328
2,0.0003000000142492354,24579,133.2144317626953,0.0,133.2144317626953
2,0.0003000000142492354,24589,125.89850616455078,0.0,125.89850616455078
2,0.0003000000142492354,24599,138.5400390625,0.0,138.5400390625
2,0.0003000000142492354,24609,121.72660064697266,0.0,121.72660064697266
2,0.0003000000142492354,24619,127.09170532226562,0.0,127.09170532226562
2,0.0003000000142492354,24629,139.54989624023438,0.0,139.54989624023438
2,0.0003000000142492354,24639,115.58448791503906,0.0,115.58448791503906
2,0.0003000000142492354,24649,134.4798126220703,0.0,134.4798126220703
2,0.0003000000142492354,24659,122.05282592773438,0.0,122.05282592773438
2,0.0003000000142492354,24669,140.06996154785156,0.0,140.06996154785156
2,0.0003000000142492354,24679,150.1963653564453,0.0,150.1963653564453
2,0.0003000000142492354,24689,131.2277374267578,0.0,131.2277374267578
2,0.0003000000142492354,24699,126.8868637084961,0.0,126.8868637084961
2,0.0003000000142492354,24709,121.80012512207031,0.0,121.80012512207031
2,0.0003000000142492354,24719,138.2554931640625,0.0,138.2554931640625
2,0.0003000000142492354,24729,120.70390319824219,0.0,120.70390319824219
2,0.0003000000142492354,24739,132.910400390625,0.0,132.910400390625
2,0.0003000000142492354,24749,138.14419555664062,0.0,138.14419555664062
2,0.0003000000142492354,24759,129.58352661132812,0.0,129.58352661132812
2,0.0003000000142492354,24769,130.69158935546875,0.0,130.69158935546875
3,0.0003000000142492354,24779,152.50897216796875,0.0,152.50897216796875
3,0.0003000000142492354,24789,134.931884765625,0.0,134.931884765625
3,0.0003000000142492354,24799,129.88121032714844,0.0,129.88121032714844
3,0.0003000000142492354,24809,127.00672149658203,0.0,127.00672149658203
3,0.0003000000142492354,24819,139.90589904785156,0.0,139.90589904785156
3,0.0003000000142492354,24829,129.8511199951172,0.0,129.8511199951172
3,0.0003000000142492354,24839,122.51087188720703,0.0,122.51087188720703
3,0.0003000000142492354,24849,132.97586059570312,0.0,132.97586059570312
3,0.0003000000142492354,24859,155.10757446289062,0.0,155.10757446289062
3,0.0003000000142492354,24869,151.36248779296875,0.0,151.36248779296875
3,0.0003000000142492354,24879,124.8072280883789,0.0,124.8072280883789
3,0.0003000000142492354,24889,123.1143798828125,0.0,123.1143798828125
3,0.0003000000142492354,24899,136.2119598388672,0.0,136.2119598388672
3,0.0003000000142492354,24909,137.15579223632812,0.0,137.15579223632812
3,0.0003000000142492354,24919,128.2870635986328,0.0,128.2870635986328
3,0.0003000000142492354,24929,135.3048095703125,0.0,135.3048095703125
3,0.0003000000142492354,24939,133.17947387695312,0.0,133.17947387695312
3,0.0003000000142492354,24949,143.12649536132812,0.0,143.12649536132812
3,0.0003000000142492354,24959,146.4116973876953,0.0,146.4116973876953
3,0.0003000000142492354,24969,125.5149154663086,0.0,125.5149154663086
3,0.0003000000142492354,24979,128.60568237304688,0.0,128.60568237304688
3,0.0003000000142492354,24989,130.30914306640625,0.0,130.30914306640625
3,0.0003000000142492354,24999,130.43580627441406,0.0,130.43580627441406
3,0.0003000000142492354,25009,113.12369537353516,0.0,113.12369537353516
3,0.0003000000142492354,25019,119.50148010253906,0.0,119.50148010253906
3,0.0003000000142492354,25029,132.32229614257812,0.0,132.32229614257812
3,0.0003000000142492354,25039,120.61235809326172,0.0,120.61235809326172
3,0.0003000000142492354,25049,135.9349365234375,0.0,135.9349365234375
3,0.0003000000142492354,25059,131.3237762451172,0.0,131.3237762451172
3,0.0003000000142492354,25069,127.37068176269531,0.0,127.37068176269531
3,0.0003000000142492354,25079,126.20117950439453,0.0,126.20117950439453
3,0.0003000000142492354,25089,137.5888671875,0.0,137.5888671875
3,0.0003000000142492354,25099,127.3694076538086,0.0,127.3694076538086
3,0.0003000000142492354,25109,143.75685119628906,0.0,143.75685119628906
3,0.0003000000142492354,25119,126.96005249023438,0.0,126.96005249023438
3,0.0003000000142492354,25129,124.00499725341797,0.0,124.00499725341797
3,0.0003000000142492354,25139,131.04612731933594,0.0,131.04612731933594
3,0.0003000000142492354,25149,127.21131896972656,0.0,127.21131896972656
3,0.0003000000142492354,25159,131.198974609375,0.0,131.198974609375
3,0.0003000000142492354,25169,119.7052230834961,0.0,119.7052230834961
3,0.0003000000142492354,25179,127.42146301269531,0.0,127.42146301269531
3,0.0003000000142492354,25189,131.4748077392578,0.0,131.4748077392578
3,0.0003000000142492354,25199,131.08935546875,0.0,131.08935546875
3,0.0003000000142492354,25209,128.30966186523438,0.0,128.30966186523438
3,0.0003000000142492354,25219,129.10836791992188,0.0,129.10836791992188
3,0.0003000000142492354,25229,119.2364501953125,0.0,119.2364501953125
3,0.0003000000142492354,25239,133.22695922851562,0.0,133.22695922851562
3,0.0003000000142492354,25249,136.02174377441406,0.0,136.02174377441406
3,0.0003000000142492354,25259,139.52304077148438,0.0,139.52304077148438
3,0.0003000000142492354,25269,131.48846435546875,0.0,131.48846435546875
3,0.0003000000142492354,25279,143.53372192382812,0.0,143.53372192382812
3,0.0003000000142492354,25289,126.34657287597656,0.0,126.34657287597656
3,0.0003000000142492354,25299,131.37808227539062,0.0,131.37808227539062
3,0.0003000000142492354,25309,121.877685546875,0.0,121.877685546875
3,0.0003000000142492354,25319,145.35678100585938,0.0,145.35678100585938
3,0.0003000000142492354,25329,142.52084350585938,0.0,142.52084350585938
3,0.0003000000142492354,25339,130.47434997558594,0.0,130.47434997558594
3,0.0003000000142492354,25349,133.71401977539062,0.0,133.71401977539062
3,0.0003000000142492354,25359,129.15057373046875,0.0,129.15057373046875
3,0.0003000000142492354,25369,119.71731567382812,0.0,119.71731567382812
3,0.0003000000142492354,25379,126.96488952636719,0.0,126.96488952636719
3,0.0003000000142492354,25389,127.90221405029297,0.0,127.90221405029297
3,0.0003000000142492354,25399,145.60366821289062,0.0,145.60366821289062
3,0.0003000000142492354,25409,116.00907135009766,0.0,116.00907135009766
3,0.0003000000142492354,25419,124.17174530029297,0.0,124.17174530029297
3,0.0003000000142492354,25429,136.30096435546875,0.0,136.30096435546875
3,0.0003000000142492354,25439,132.93994140625,0.0,132.93994140625
3,0.0003000000142492354,25449,137.4278106689453,0.0,137.4278106689453
3,0.0003000000142492354,25459,131.735595703125,0.0,131.735595703125
3,0.0003000000142492354,25469,144.65260314941406,0.0,144.65260314941406
3,0.0003000000142492354,25479,130.66937255859375,0.0,130.66937255859375
3,0.0003000000142492354,25489,124.24064636230469,0.0,124.24064636230469
3,0.0003000000142492354,25499,127.44160461425781,0.0,127.44160461425781
3,0.0003000000142492354,25509,147.41928100585938,0.0,147.41928100585938
3,0.0003000000142492354,25519,127.22845458984375,0.0,127.22845458984375
3,0.0003000000142492354,25529,131.073974609375,0.0,131.073974609375
3,0.0003000000142492354,25539,140.1395721435547,0.0,140.1395721435547
3,0.0003000000142492354,25549,126.7724609375,0.0,126.7724609375
3,0.0003000000142492354,25559,130.4580078125,0.0,130.4580078125
3,0.0003000000142492354,25569,125.17853546142578,0.0,125.17853546142578
3,0.0003000000142492354,25579,145.23556518554688,0.0,145.23556518554688
3,0.0003000000142492354,25589,143.77711486816406,0.0,143.77711486816406
3,0.0003000000142492354,25599,128.77178955078125,0.0,128.77178955078125
3,0.0003000000142492354,25609,137.29763793945312,0.0,137.29763793945312
3,0.0003000000142492354,25619,141.60964965820312,0.0,141.60964965820312
3,0.0003000000142492354,25629,120.98545837402344,0.0,120.98545837402344
3,0.0003000000142492354,25639,132.34814453125,0.0,132.34814453125
3,0.0003000000142492354,25649,139.43289184570312,0.0,139.43289184570312
3,0.0003000000142492354,25659,138.51593017578125,0.0,138.51593017578125
3,0.0003000000142492354,25669,140.44326782226562,0.0,140.44326782226562
3,0.0003000000142492354,25679,143.01416015625,0.0,143.01416015625
3,0.0003000000142492354,25689,134.5041046142578,0.0,134.5041046142578
3,0.0003000000142492354,25699,131.92276000976562,0.0,131.92276000976562
3,0.0003000000142492354,25709,125.51133728027344,0.0,125.51133728027344
3,0.0003000000142492354,25719,126.51058959960938,0.0,126.51058959960938
3,0.0003000000142492354,25729,142.882568359375,0.0,142.882568359375
3,0.0003000000142492354,25739,128.822998046875,0.0,128.822998046875
3,0.0003000000142492354,25749,124.18208312988281,0.0,124.18208312988281
3,0.0003000000142492354,25759,119.341796875,0.0,119.341796875
3,0.0003000000142492354,25769,160.91030883789062,0.0,160.91030883789062
3,0.0003000000142492354,25779,133.61676025390625,0.0,133.61676025390625
3,0.0003000000142492354,25789,129.65196228027344,0.0,129.65196228027344
3,0.0003000000142492354,25799,122.3425064086914,0.0,122.3425064086914
3,0.0003000000142492354,25809,124.1652603149414,0.0,124.1652603149414
3,0.0003000000142492354,25819,129.50955200195312,0.0,129.50955200195312
3,0.0003000000142492354,25829,123.73664855957031,0.0,123.73664855957031
3,0.0003000000142492354,25839,131.97813415527344,0.0,131.97813415527344
3,0.0003000000142492354,25849,133.1604461669922,0.0,133.1604461669922
3,0.0003000000142492354,25859,119.95995330810547,0.0,119.95995330810547
3,0.0003000000142492354,25869,137.94866943359375,0.0,137.94866943359375
3,0.0003000000142492354,25879,123.16840362548828,0.0,123.16840362548828
3,0.0003000000142492354,25889,133.94581604003906,0.0,133.94581604003906
3,0.0003000000142492354,25899,135.33956909179688,0.0,135.33956909179688
3,0.0003000000142492354,25909,152.89382934570312,0.0,152.89382934570312
3,0.0003000000142492354,25919,121.6435546875,0.0,121.6435546875
3,0.0003000000142492354,25929,127.43997192382812,0.0,127.43997192382812
3,0.0003000000142492354,25939,139.5142822265625,0.0,139.5142822265625
3,0.0003000000142492354,25949,122.18881225585938,0.0,122.18881225585938
3,0.0003000000142492354,25959,127.33546447753906,0.0,127.33546447753906
3,0.0003000000142492354,25969,130.30128479003906,0.0,130.30128479003906
3,0.0003000000142492354,25979,127.7112045288086,0.0,127.7112045288086
3,0.0003000000142492354,25989,130.9418182373047,0.0,130.9418182373047
3,0.0003000000142492354,25999,121.39677429199219,0.0,121.39677429199219
3,0.0003000000142492354,26009,134.35411071777344,0.0,134.35411071777344
3,0.0003000000142492354,26019,134.77224731445312,0.0,134.77224731445312
3,0.0003000000142492354,26029,125.1944580078125,0.0,125.1944580078125
3,0.0003000000142492354,26039,128.09803771972656,0.0,128.09803771972656
3,0.0003000000142492354,26049,129.1746826171875,0.0,129.1746826171875
3,0.0003000000142492354,26059,124.1552734375,0.0,124.1552734375
3,0.0003000000142492354,26069,123.83833312988281,0.0,123.83833312988281
3,0.0003000000142492354,26079,132.3963623046875,0.0,132.3963623046875
3,0.0003000000142492354,26089,132.60546875,0.0,132.60546875
3,0.0003000000142492354,26099,131.02041625976562,0.0,131.02041625976562
3,0.0003000000142492354,26109,129.72854614257812,0.0,129.72854614257812
3,0.0003000000142492354,26119,132.72576904296875,0.0,132.72576904296875
3,0.0003000000142492354,26129,125.90818786621094,0.0,125.90818786621094
3,0.0003000000142492354,26139,131.54519653320312,0.0,131.54519653320312
3,0.0003000000142492354,26149,140.72796630859375,0.0,140.72796630859375
3,0.0003000000142492354,26159,116.43896484375,0.0,116.43896484375
3,0.0003000000142492354,26169,139.09994506835938,0.0,139.09994506835938
3,0.0003000000142492354,26179,136.45144653320312,0.0,136.45144653320312
3,0.0003000000142492354,26189,128.20054626464844,0.0,128.20054626464844
3,0.0003000000142492354,26199,136.70626831054688,0.0,136.70626831054688
3,0.0003000000142492354,26209,130.39027404785156,0.0,130.39027404785156
3,0.0003000000142492354,26219,144.42938232421875,0.0,144.42938232421875
3,0.0003000000142492354,26229,124.3719482421875,0.0,124.3719482421875
3,0.0003000000142492354,26239,132.7298583984375,0.0,132.7298583984375
3,0.0003000000142492354,26249,125.0062255859375,0.0,125.0062255859375
3,0.0003000000142492354,26259,126.07350158691406,0.0,126.07350158691406
3,0.0003000000142492354,26269,123.30286407470703,0.0,123.30286407470703
3,0.0003000000142492354,26279,118.79188537597656,0.0,118.79188537597656
3,0.0003000000142492354,26289,130.01913452148438,0.0,130.01913452148438
3,0.0003000000142492354,26299,133.89981079101562,0.0,133.89981079101562
3,0.0003000000142492354,26309,129.37106323242188,0.0,129.37106323242188
3,0.0003000000142492354,26319,131.68324279785156,0.0,131.68324279785156
3,0.0003000000142492354,26329,127.95089721679688,0.0,127.95089721679688
3,0.0003000000142492354,26339,133.16046142578125,0.0,133.16046142578125
3,0.0003000000142492354,26349,143.260498046875,0.0,143.260498046875
3,0.0003000000142492354,26359,132.2239227294922,0.0,132.2239227294922
3,0.0003000000142492354,26369,141.27587890625,0.0,141.27587890625
3,0.0003000000142492354,26379,138.658935546875,0.0,138.658935546875
3,0.0003000000142492354,26389,117.06238555908203,0.0,117.06238555908203
3,0.0003000000142492354,26399,141.25572204589844,0.0,141.25572204589844
3,0.0003000000142492354,26409,139.92745971679688,0.0,139.92745971679688
3,0.0003000000142492354,26419,145.82748413085938,0.0,145.82748413085938
3,0.0003000000142492354,26429,137.0453643798828,0.0,137.0453643798828
3,0.0003000000142492354,26439,130.94198608398438,0.0,130.94198608398438
3,0.0003000000142492354,26449,138.79345703125,0.0,138.79345703125
3,0.0003000000142492354,26459,125.96578979492188,0.0,125.96578979492188
3,0.0003000000142492354,26469,139.7568359375,0.0,139.7568359375
3,0.0003000000142492354,26479,140.76409912109375,0.0,140.76409912109375
3,0.0003000000142492354,26489,144.21102905273438,0.0,144.21102905273438
3,0.0003000000142492354,26499,133.21484375,0.0,133.21484375
3,0.0003000000142492354,26509,130.49307250976562,0.0,130.49307250976562
3,0.0003000000142492354,26519,132.6410369873047,0.0,132.6410369873047
3,0.0003000000142492354,26529,141.20419311523438,0.0,141.20419311523438
3,0.0003000000142492354,26539,139.2458038330078,0.0,139.2458038330078
3,0.0003000000142492354,26549,137.30056762695312,0.0,137.30056762695312
3,0.0003000000142492354,26559,124.04711151123047,0.0,124.04711151123047
3,0.0003000000142492354,26569,151.13433837890625,0.0,151.13433837890625
3,0.0003000000142492354,26579,140.43460083007812,0.0,140.43460083007812
3,0.0003000000142492354,26589,136.47262573242188,0.0,136.47262573242188
3,0.0003000000142492354,26599,138.26913452148438,0.0,138.26913452148438
3,0.0003000000142492354,26609,124.10591125488281,0.0,124.10591125488281
3,0.0003000000142492354,26619,125.53905487060547,0.0,125.53905487060547
3,0.0003000000142492354,26629,127.00251007080078,0.0,127.00251007080078
3,0.0003000000142492354,26639,127.05529022216797,0.0,127.05529022216797
3,0.0003000000142492354,26649,133.2722625732422,0.0,133.2722625732422
3,0.0003000000142492354,26659,127.6453857421875,0.0,127.6453857421875
3,0.0003000000142492354,26669,126.09856414794922,0.0,126.09856414794922
3,0.0003000000142492354,26679,132.12985229492188,0.0,132.12985229492188
3,0.0003000000142492354,26689,126.46932220458984,0.0,126.46932220458984
3,0.0003000000142492354,26699,143.24989318847656,0.0,143.24989318847656
3,0.0003000000142492354,26709,125.44194030761719,0.0,125.44194030761719
3,0.0003000000142492354,26719,138.03857421875,0.0,138.03857421875
3,0.0003000000142492354,26729,141.87893676757812,0.0,141.87893676757812
3,0.0003000000142492354,26739,142.0771942138672,0.0,142.0771942138672
3,0.0003000000142492354,26749,133.637939453125,0.0,133.637939453125
3,0.0003000000142492354,26759,122.59521484375,0.0,122.59521484375
3,0.0003000000142492354,26769,131.16136169433594,0.0,131.16136169433594
3,0.0003000000142492354,26779,123.626953125,0.0,123.626953125
3,0.0003000000142492354,26789,136.1212921142578,0.0,136.1212921142578
3,0.0003000000142492354,26799,144.98883056640625,0.0,144.98883056640625
3,0.0003000000142492354,26809,131.95440673828125,0.0,131.95440673828125
3,0.0003000000142492354,26819,133.26303100585938,0.0,133.26303100585938
3,0.0003000000142492354,26829,128.11514282226562,0.0,128.11514282226562
3,0.0003000000142492354,26839,130.40301513671875,0.0,130.40301513671875
3,0.0003000000142492354,26849,162.8603515625,0.0,162.8603515625
3,0.0003000000142492354,26859,130.8741455078125,0.0,130.8741455078125
3,0.0003000000142492354,26869,125.13684844970703,0.0,125.13684844970703
3,0.0003000000142492354,26879,142.05702209472656,0.0,142.05702209472656
3,0.0003000000142492354,26889,121.13279724121094,0.0,121.13279724121094
3,0.0003000000142492354,26899,124.26869201660156,0.0,124.26869201660156
3,0.0003000000142492354,26909,120.3458251953125,0.0,120.3458251953125
3,0.0003000000142492354,26919,122.24861907958984,0.0,122.24861907958984
3,0.0003000000142492354,26929,133.646728515625,0.0,133.646728515625
3,0.0003000000142492354,26939,131.67657470703125,0.0,131.67657470703125
3,0.0003000000142492354,26949,128.71717834472656,0.0,128.71717834472656
3,0.0003000000142492354,26959,125.68060302734375,0.0,125.68060302734375
3,0.0003000000142492354,26969,133.7528076171875,0.0,133.7528076171875
3,0.0003000000142492354,26979,125.16912078857422,0.0,125.16912078857422
3,0.0003000000142492354,26989,132.7516326904297,0.0,132.7516326904297
3,0.0003000000142492354,26999,145.3191680908203,0.0,145.3191680908203
3,0.0003000000142492354,27009,131.99461364746094,0.0,131.99461364746094
3,0.0003000000142492354,27019,133.85777282714844,0.0,133.85777282714844
3,0.0003000000142492354,27029,115.91022491455078,0.0,115.91022491455078
3,0.0003000000142492354,27039,137.52301025390625,0.0,137.52301025390625
3,0.0003000000142492354,27049,117.73883819580078,0.0,117.73883819580078
3,0.0003000000142492354,27059,126.41145324707031,0.0,126.41145324707031
3,0.0003000000142492354,27069,138.0878143310547,0.0,138.0878143310547
3,0.0003000000142492354,27079,134.0850372314453,0.0,134.0850372314453
3,0.0003000000142492354,27089,144.19451904296875,0.0,144.19451904296875
3,0.0003000000142492354,27099,127.66307067871094,0.0,127.66307067871094
3,0.0003000000142492354,27109,120.88987731933594,0.0,120.88987731933594
3,0.0003000000142492354,27119,128.67864990234375,0.0,128.67864990234375
3,0.0003000000142492354,27129,116.78385162353516,0.0,116.78385162353516
3,0.0003000000142492354,27139,133.60739135742188,0.0,133.60739135742188
3,0.0003000000142492354,27149,144.0649871826172,0.0,144.0649871826172
3,0.0003000000142492354,27159,141.15924072265625,0.0,141.15924072265625
3,0.0003000000142492354,27169,115.42662811279297,0.0,115.42662811279297
3,0.0003000000142492354,27179,122.51531982421875,0.0,122.51531982421875
3,0.0003000000142492354,27189,115.81744384765625,0.0,115.81744384765625
3,0.0003000000142492354,27199,129.4266357421875,0.0,129.4266357421875
3,0.0003000000142492354,27209,127.49795532226562,0.0,127.49795532226562
3,0.0003000000142492354,27219,119.84766387939453,0.0,119.84766387939453
3,0.0003000000142492354,27229,153.07229614257812,0.0,153.07229614257812
3,0.0003000000142492354,27239,124.09190368652344,0.0,124.09190368652344
3,0.0003000000142492354,27249,131.08999633789062,0.0,131.08999633789062
3,0.0003000000142492354,27259,124.70106506347656,0.0,124.70106506347656
3,0.0003000000142492354,27269,133.28948974609375,0.0,133.28948974609375
3,0.0003000000142492354,27279,129.9816131591797,0.0,129.9816131591797
3,0.0003000000142492354,27289,126.26077270507812,0.0,126.26077270507812
3,0.0003000000142492354,27299,135.54513549804688,0.0,135.54513549804688
3,0.0003000000142492354,27309,129.631591796875,0.0,129.631591796875
3,0.0003000000142492354,27319,125.57444763183594,0.0,125.57444763183594
3,0.0003000000142492354,27329,131.60824584960938,0.0,131.60824584960938
3,0.0003000000142492354,27339,143.73074340820312,0.0,143.73074340820312
3,0.0003000000142492354,27349,136.34072875976562,0.0,136.34072875976562
3,0.0003000000142492354,27359,113.78933715820312,0.0,113.78933715820312
3,0.0003000000142492354,27369,139.25604248046875,0.0,139.25604248046875
3,0.0003000000142492354,27379,133.7239990234375,0.0,133.7239990234375
3,0.0003000000142492354,27389,120.80947875976562,0.0,120.80947875976562
3,0.0003000000142492354,27399,133.5954132080078,0.0,133.5954132080078
3,0.0003000000142492354,27409,123.15730285644531,0.0,123.15730285644531
3,0.0003000000142492354,27419,138.5073699951172,0.0,138.5073699951172
3,0.0003000000142492354,27429,122.31991577148438,0.0,122.31991577148438
3,0.0003000000142492354,27439,118.6523666381836,0.0,118.6523666381836
3,0.0003000000142492354,27449,127.03958129882812,0.0,127.03958129882812
3,0.0003000000142492354,27459,123.52886962890625,0.0,123.52886962890625
3,0.0003000000142492354,27469,138.42254638671875,0.0,138.42254638671875
3,0.0003000000142492354,27479,123.7684555053711,0.0,123.7684555053711
3,0.0003000000142492354,27489,126.70661163330078,0.0,126.70661163330078
3,0.0003000000142492354,27499,128.35418701171875,0.0,128.35418701171875
3,0.0003000000142492354,27509,130.63128662109375,0.0,130.63128662109375
3,0.0003000000142492354,27519,144.39300537109375,0.0,144.39300537109375
3,0.0003000000142492354,27529,118.27561950683594,0.0,118.27561950683594
3,0.0003000000142492354,27539,127.92564392089844,0.0,127.92564392089844
3,0.0003000000142492354,27549,133.30850219726562,0.0,133.30850219726562
3,0.0003000000142492354,27559,124.33523559570312,0.0,124.33523559570312
3,0.0003000000142492354,27569,144.32318115234375,0.0,144.32318115234375
3,0.0003000000142492354,27579,118.23556518554688,0.0,118.23556518554688
3,0.0003000000142492354,27589,146.26405334472656,0.0,146.26405334472656
3,0.0003000000142492354,27599,112.304931640625,0.0,112.304931640625
3,0.0003000000142492354,27609,132.20579528808594,0.0,132.20579528808594
3,0.0003000000142492354,27619,142.76902770996094,0.0,142.76902770996094
3,0.0003000000142492354,27629,132.43768310546875,0.0,132.43768310546875
3,0.0003000000142492354,27639,120.88644409179688,0.0,120.88644409179688
3,0.0003000000142492354,27649,127.48978424072266,0.0,127.48978424072266
3,0.0003000000142492354,27659,137.03672790527344,0.0,137.03672790527344
3,0.0003000000142492354,27669,132.4080352783203,0.0,132.4080352783203
3,0.0003000000142492354,27679,127.747802734375,0.0,127.747802734375
3,0.0003000000142492354,27689,121.86920166015625,0.0,121.86920166015625
3,0.0003000000142492354,27699,130.6898193359375,0.0,130.6898193359375
3,0.0003000000142492354,27709,138.48880004882812,0.0,138.48880004882812
3,0.0003000000142492354,27719,145.1038818359375,0.0,145.1038818359375
3,0.0003000000142492354,27729,117.12327575683594,0.0,117.12327575683594
3,0.0003000000142492354,27739,131.07077026367188,0.0,131.07077026367188
3,0.0003000000142492354,27749,130.15121459960938,0.0,130.15121459960938
3,0.0003000000142492354,27759,129.42276000976562,0.0,129.42276000976562
3,0.0003000000142492354,27769,124.37440490722656,0.0,124.37440490722656
3,0.0003000000142492354,27779,149.8719940185547,0.0,149.8719940185547
3,0.0003000000142492354,27789,133.2049560546875,0.0,133.2049560546875
3,0.0003000000142492354,27799,129.62327575683594,0.0,129.62327575683594
3,0.0003000000142492354,27809,130.97808837890625,0.0,130.97808837890625
3,0.0003000000142492354,27819,122.86402130126953,0.0,122.86402130126953
3,0.0003000000142492354,27829,136.1504364013672,0.0,136.1504364013672
3,0.0003000000142492354,27839,140.49655151367188,0.0,140.49655151367188
3,0.0003000000142492354,27849,150.33526611328125,0.0,150.33526611328125
3,0.0003000000142492354,27859,126.12053680419922,0.0,126.12053680419922
3,0.0003000000142492354,27869,136.8763427734375,0.0,136.8763427734375
3,0.0003000000142492354,27879,121.2313003540039,0.0,121.2313003540039
3,0.0003000000142492354,27889,133.94192504882812,0.0,133.94192504882812
3,0.0003000000142492354,27899,128.0277099609375,0.0,128.0277099609375
3,0.0003000000142492354,27909,135.92564392089844,0.0,135.92564392089844
3,0.0003000000142492354,27919,151.51406860351562,0.0,151.51406860351562
3,0.0003000000142492354,27929,132.57264709472656,0.0,132.57264709472656
3,0.0003000000142492354,27939,120.0225601196289,0.0,120.0225601196289
3,0.0003000000142492354,27949,124.95944213867188,0.0,124.95944213867188
3,0.0003000000142492354,27959,121.21385192871094,0.0,121.21385192871094
3,0.0003000000142492354,27969,122.62556457519531,0.0,122.62556457519531
3,0.0003000000142492354,27979,138.5750732421875,0.0,138.5750732421875
3,0.0003000000142492354,27989,132.3172607421875,0.0,132.3172607421875
3,0.0003000000142492354,27999,143.67547607421875,0.0,143.67547607421875
3,0.0003000000142492354,28009,137.97422790527344,0.0,137.97422790527344
3,0.0003000000142492354,28019,144.58609008789062,0.0,144.58609008789062
3,0.0003000000142492354,28029,121.78311157226562,0.0,121.78311157226562
3,0.0003000000142492354,28039,117.32704162597656,0.0,117.32704162597656
3,0.0003000000142492354,28049,129.29931640625,0.0,129.29931640625
3,0.0003000000142492354,28059,131.96121215820312,0.0,131.96121215820312
3,0.0003000000142492354,28069,130.25962829589844,0.0,130.25962829589844
3,0.0003000000142492354,28079,109.91361236572266,0.0,109.91361236572266
3,0.0003000000142492354,28089,127.94447326660156,0.0,127.94447326660156
3,0.0003000000142492354,28099,127.38367462158203,0.0,127.38367462158203
3,0.0003000000142492354,28109,127.86019897460938,0.0,127.86019897460938
3,0.0003000000142492354,28119,129.68212890625,0.0,129.68212890625
3,0.0003000000142492354,28129,145.9146728515625,0.0,145.9146728515625
3,0.0003000000142492354,28139,129.46812438964844,0.0,129.46812438964844
3,0.0003000000142492354,28149,130.95521545410156,0.0,130.95521545410156
3,0.0003000000142492354,28159,128.45501708984375,0.0,128.45501708984375
3,0.0003000000142492354,28169,111.27256774902344,0.0,111.27256774902344
3,0.0003000000142492354,28179,127.70380401611328,0.0,127.70380401611328
3,0.0003000000142492354,28189,132.58993530273438,0.0,132.58993530273438
3,0.0003000000142492354,28199,124.03544616699219,0.0,124.03544616699219
3,0.0003000000142492354,28209,124.82137298583984,0.0,124.82137298583984
3,0.0003000000142492354,28219,130.5506591796875,0.0,130.5506591796875
3,0.0003000000142492354,28229,140.48391723632812,0.0,140.48391723632812
3,0.0003000000142492354,28239,123.79795837402344,0.0,123.79795837402344
3,0.0003000000142492354,28249,139.39248657226562,0.0,139.39248657226562
3,0.0003000000142492354,28259,140.83160400390625,0.0,140.83160400390625
3,0.0003000000142492354,28269,134.88446044921875,0.0,134.88446044921875
3,0.0003000000142492354,28279,123.66036224365234,0.0,123.66036224365234
3,0.0003000000142492354,28289,138.67030334472656,0.0,138.67030334472656
3,0.0003000000142492354,28299,139.34994506835938,0.0,139.34994506835938
3,0.0003000000142492354,28309,131.8990020751953,0.0,131.8990020751953
3,0.0003000000142492354,28319,124.97500610351562,0.0,124.97500610351562
3,0.0003000000142492354,28329,129.20787048339844,0.0,129.20787048339844
3,0.0003000000142492354,28339,123.37017822265625,0.0,123.37017822265625
3,0.0003000000142492354,28349,125.5745620727539,0.0,125.5745620727539
3,0.0003000000142492354,28359,127.9740219116211,0.0,127.9740219116211
3,0.0003000000142492354,28369,128.31658935546875,0.0,128.31658935546875
3,0.0003000000142492354,28379,122.6624755859375,0.0,122.6624755859375
3,0.0003000000142492354,28389,126.54722595214844,0.0,126.54722595214844
3,0.0003000000142492354,28399,132.0324249267578,0.0,132.0324249267578
3,0.0003000000142492354,28409,124.16962432861328,0.0,124.16962432861328
3,0.0003000000142492354,28419,141.40298461914062,0.0,141.40298461914062
3,0.0003000000142492354,28429,124.52442932128906,0.0,124.52442932128906
3,0.0003000000142492354,28439,124.04562377929688,0.0,124.04562377929688
3,0.0003000000142492354,28449,124.38733673095703,0.0,124.38733673095703
3,0.0003000000142492354,28459,140.70167541503906,0.0,140.70167541503906
3,0.0003000000142492354,28469,114.97993469238281,0.0,114.97993469238281
3,0.0003000000142492354,28479,123.26860046386719,0.0,123.26860046386719
3,0.0003000000142492354,28489,131.239501953125,0.0,131.239501953125
3,0.0003000000142492354,28499,127.91841125488281,0.0,127.91841125488281
3,0.0003000000142492354,28509,130.82131958007812,0.0,130.82131958007812
3,0.0003000000142492354,28519,131.8323974609375,0.0,131.8323974609375
3,0.0003000000142492354,28529,129.81158447265625,0.0,129.81158447265625
3,0.0003000000142492354,28539,128.70233154296875,0.0,128.70233154296875
3,0.0003000000142492354,28549,118.45040893554688,0.0,118.45040893554688
3,0.0003000000142492354,28559,149.5565185546875,0.0,149.5565185546875
3,0.0003000000142492354,28569,143.74774169921875,0.0,143.74774169921875
3,0.0003000000142492354,28579,134.72906494140625,0.0,134.72906494140625
3,0.0003000000142492354,28589,128.10012817382812,0.0,128.10012817382812
3,0.0003000000142492354,28599,113.22732543945312,0.0,113.22732543945312
3,0.0003000000142492354,28609,130.2274169921875,0.0,130.2274169921875
3,0.0003000000142492354,28619,125.00458526611328,0.0,125.00458526611328
3,0.0003000000142492354,28629,136.61753845214844,0.0,136.61753845214844
3,0.0003000000142492354,28639,125.03780364990234,0.0,125.03780364990234
3,0.0003000000142492354,28649,134.9596710205078,0.0,134.9596710205078
3,0.0003000000142492354,28659,121.2688217163086,0.0,121.2688217163086
3,0.0003000000142492354,28669,135.18276977539062,0.0,135.18276977539062
3,0.0003000000142492354,28679,145.03054809570312,0.0,145.03054809570312
3,0.0003000000142492354,28689,127.09247589111328,0.0,127.09247589111328
3,0.0003000000142492354,28699,128.53823852539062,0.0,128.53823852539062
3,0.0003000000142492354,28709,132.50070190429688,0.0,132.50070190429688
3,0.0003000000142492354,28719,117.83163452148438,0.0,117.83163452148438
3,0.0003000000142492354,28729,126.71620178222656,0.0,126.71620178222656
3,0.0003000000142492354,28739,145.05792236328125,0.0,145.05792236328125
3,0.0003000000142492354,28749,125.13288879394531,0.0,125.13288879394531
3,0.0003000000142492354,28759,126.76364135742188,0.0,126.76364135742188
3,0.0003000000142492354,28769,117.27409362792969,0.0,117.27409362792969
3,0.0003000000142492354,28779,136.200927734375,0.0,136.200927734375
3,0.0003000000142492354,28789,137.6688690185547,0.0,137.6688690185547
3,0.0003000000142492354,28799,121.47296142578125,0.0,121.47296142578125
3,0.0003000000142492354,28809,122.22245025634766,0.0,122.22245025634766
3,0.0003000000142492354,28819,129.20404052734375,0.0,129.20404052734375
3,0.0003000000142492354,28829,120.15107727050781,0.0,120.15107727050781
3,0.0003000000142492354,28839,129.19879150390625,0.0,129.19879150390625
3,0.0003000000142492354,28849,114.55523681640625,0.0,114.55523681640625
3,0.0003000000142492354,28859,122.7613296508789,0.0,122.7613296508789
3,0.0003000000142492354,28869,139.8052215576172,0.0,139.8052215576172
3,0.0003000000142492354,28879,127.86601257324219,0.0,127.86601257324219
3,0.0003000000142492354,28889,134.5781707763672,0.0,134.5781707763672
3,0.0003000000142492354,28899,114.371337890625,0.0,114.371337890625
3,0.0003000000142492354,28909,135.09906005859375,0.0,135.09906005859375
3,0.0003000000142492354,28919,123.5919189453125,0.0,123.5919189453125
3,0.0003000000142492354,28929,124.6553955078125,0.0,124.6553955078125
3,0.0003000000142492354,28939,115.1642074584961,0.0,115.1642074584961
3,0.0003000000142492354,28949,139.0286407470703,0.0,139.0286407470703
3,0.0003000000142492354,28959,127.8178939819336,0.0,127.8178939819336
3,0.0003000000142492354,28969,137.4281005859375,0.0,137.4281005859375
3,0.0003000000142492354,28979,108.2364273071289,0.0,108.2364273071289
3,0.0003000000142492354,28989,134.777587890625,0.0,134.777587890625
3,0.0003000000142492354,28999,143.28704833984375,0.0,143.28704833984375
3,0.0003000000142492354,29009,134.61618041992188,0.0,134.61618041992188
3,0.0003000000142492354,29019,127.92137908935547,0.0,127.92137908935547
3,0.0003000000142492354,29029,125.95964813232422,0.0,125.95964813232422
3,0.0003000000142492354,29039,116.63565063476562,0.0,116.63565063476562
3,0.0003000000142492354,29049,121.09637451171875,0.0,121.09637451171875
3,0.0003000000142492354,29059,118.99501037597656,0.0,118.99501037597656
3,0.0003000000142492354,29069,127.35773468017578,0.0,127.35773468017578
3,0.0003000000142492354,29079,120.09829711914062,0.0,120.09829711914062
3,0.0003000000142492354,29089,124.36761474609375,0.0,124.36761474609375
3,0.0003000000142492354,29099,125.50164031982422,0.0,125.50164031982422
3,0.0003000000142492354,29109,125.64739227294922,0.0,125.64739227294922
3,0.0003000000142492354,29119,127.44295501708984,0.0,127.44295501708984
3,0.0003000000142492354,29129,128.0218963623047,0.0,128.0218963623047
3,0.0003000000142492354,29139,123.75543975830078,0.0,123.75543975830078
3,0.0003000000142492354,29149,126.88953399658203,0.0,126.88953399658203
3,0.0003000000142492354,29159,119.71075439453125,0.0,119.71075439453125
3,0.0003000000142492354,29169,110.138671875,0.0,110.138671875
3,0.0003000000142492354,29179,134.86795043945312,0.0,134.86795043945312
3,0.0003000000142492354,29189,132.62159729003906,0.0,132.62159729003906
3,0.0003000000142492354,29199,119.36189270019531,0.0,119.36189270019531
3,0.0003000000142492354,29209,122.47393798828125,0.0,122.47393798828125
3,0.0003000000142492354,29219,125.08538818359375,0.0,125.08538818359375
3,0.0003000000142492354,29229,127.5191879272461,0.0,127.5191879272461
3,0.0003000000142492354,29239,124.51239013671875,0.0,124.51239013671875
3,0.0003000000142492354,29249,122.54066467285156,0.0,122.54066467285156
3,0.0003000000142492354,29259,135.7332000732422,0.0,135.7332000732422
3,0.0003000000142492354,29269,139.134521484375,0.0,139.134521484375
3,0.0003000000142492354,29279,132.15724182128906,0.0,132.15724182128906
3,0.0003000000142492354,29289,118.58202362060547,0.0,118.58202362060547
3,0.0003000000142492354,29299,123.00151824951172,0.0,123.00151824951172
3,0.0003000000142492354,29309,121.21556854248047,0.0,121.21556854248047
3,0.0003000000142492354,29319,140.5504608154297,0.0,140.5504608154297
3,0.0003000000142492354,29329,132.00119018554688,0.0,132.00119018554688
3,0.0003000000142492354,29339,115.42947387695312,0.0,115.42947387695312
3,0.0003000000142492354,29349,127.91109466552734,0.0,127.91109466552734
3,0.0003000000142492354,29359,126.30912780761719,0.0,126.30912780761719
3,0.0003000000142492354,29369,117.00491333007812,0.0,117.00491333007812
3,0.0003000000142492354,29379,125.38571166992188,0.0,125.38571166992188
3,0.0003000000142492354,29389,131.43775939941406,0.0,131.43775939941406
3,0.0003000000142492354,29399,137.74844360351562,0.0,137.74844360351562
3,0.0003000000142492354,29409,122.79020690917969,0.0,122.79020690917969
3,0.0003000000142492354,29419,133.276123046875,0.0,133.276123046875
3,0.0003000000142492354,29429,125.60688781738281,0.0,125.60688781738281
3,0.0003000000142492354,29439,129.6275634765625,0.0,129.6275634765625
3,0.0003000000142492354,29449,120.25321197509766,0.0,120.25321197509766
3,0.0003000000142492354,29459,114.64441680908203,0.0,114.64441680908203
3,0.0003000000142492354,29469,132.1513214111328,0.0,132.1513214111328
3,0.0003000000142492354,29479,116.96620178222656,0.0,116.96620178222656
3,0.0003000000142492354,29489,126.97515869140625,0.0,126.97515869140625
3,0.0003000000142492354,29499,128.37600708007812,0.0,128.37600708007812
3,0.0003000000142492354,29509,130.90988159179688,0.0,130.90988159179688
3,0.0003000000142492354,29519,138.39361572265625,0.0,138.39361572265625
3,0.0003000000142492354,29529,132.24856567382812,0.0,132.24856567382812
3,0.0003000000142492354,29539,120.18693542480469,0.0,120.18693542480469
3,0.0003000000142492354,29549,138.40513610839844,0.0,138.40513610839844
3,0.0003000000142492354,29559,110.3048095703125,0.0,110.3048095703125
3,0.0003000000142492354,29569,125.80201721191406,0.0,125.80201721191406
3,0.0003000000142492354,29579,141.46743774414062,0.0,141.46743774414062
3,0.0003000000142492354,29589,121.37398529052734,0.0,121.37398529052734
3,0.0003000000142492354,29599,127.68700408935547,0.0,127.68700408935547
3,0.0003000000142492354,29609,139.4684295654297,0.0,139.4684295654297
3,0.0003000000142492354,29619,126.0482177734375,0.0,126.0482177734375
3,0.0003000000142492354,29629,138.4189453125,0.0,138.4189453125
3,0.0003000000142492354,29639,124.21949768066406,0.0,124.21949768066406
3,0.0003000000142492354,29649,144.111083984375,0.0,144.111083984375
3,0.0003000000142492354,29659,119.96351623535156,0.0,119.96351623535156
3,0.0003000000142492354,29669,131.63845825195312,0.0,131.63845825195312
3,0.0003000000142492354,29679,112.85124969482422,0.0,112.85124969482422
3,0.0003000000142492354,29689,135.04371643066406,0.0,135.04371643066406
3,0.0003000000142492354,29699,109.19937133789062,0.0,109.19937133789062
3,0.0003000000142492354,29709,118.89253234863281,0.0,118.89253234863281
3,0.0003000000142492354,29719,128.52037048339844,0.0,128.52037048339844
3,0.0003000000142492354,29729,127.59737396240234,0.0,127.59737396240234
3,0.0003000000142492354,29739,133.5814208984375,0.0,133.5814208984375
3,0.0003000000142492354,29749,123.94110870361328,0.0,123.94110870361328
3,0.0003000000142492354,29759,115.49650573730469,0.0,115.49650573730469
3,0.0003000000142492354,29769,137.18707275390625,0.0,137.18707275390625
3,0.0003000000142492354,29779,122.77366638183594,0.0,122.77366638183594
3,0.0003000000142492354,29789,119.276123046875,0.0,119.276123046875
3,0.0003000000142492354,29799,120.72996520996094,0.0,120.72996520996094
3,0.0003000000142492354,29809,129.563720703125,0.0,129.563720703125
3,0.0003000000142492354,29819,125.9748306274414,0.0,125.9748306274414
3,0.0003000000142492354,29829,136.13401794433594,0.0,136.13401794433594
3,0.0003000000142492354,29839,125.19091796875,0.0,125.19091796875
3,0.0003000000142492354,29849,139.80828857421875,0.0,139.80828857421875
3,0.0003000000142492354,29859,144.32296752929688,0.0,144.32296752929688
3,0.0003000000142492354,29869,132.58033752441406,0.0,132.58033752441406
3,0.0003000000142492354,29879,142.28936767578125,0.0,142.28936767578125
3,0.0003000000142492354,29889,134.23765563964844,0.0,134.23765563964844
3,0.0003000000142492354,29899,134.58441162109375,0.0,134.58441162109375
3,0.0003000000142492354,29909,143.46383666992188,0.0,143.46383666992188
3,0.0003000000142492354,29919,130.66213989257812,0.0,130.66213989257812
3,0.0003000000142492354,29929,118.33812713623047,0.0,118.33812713623047
3,0.0003000000142492354,29939,138.772216796875,0.0,138.772216796875
3,0.0003000000142492354,29949,137.6427001953125,0.0,137.6427001953125
3,0.0003000000142492354,29959,122.12997436523438,0.0,122.12997436523438
3,0.0003000000142492354,29969,127.77252960205078,0.0,127.77252960205078
3,0.0003000000142492354,29979,141.63494873046875,0.0,141.63494873046875
3,0.0003000000142492354,29989,127.18892669677734,0.0,127.18892669677734
3,0.0003000000142492354,29999,125.67037963867188,0.0,125.67037963867188
3,0.0003000000142492354,30009,107.16682434082031,0.0,107.16682434082031
3,0.0003000000142492354,30019,137.79115295410156,0.0,137.79115295410156
3,0.0003000000142492354,30029,133.35540771484375,0.0,133.35540771484375
3,0.0003000000142492354,30039,120.77935028076172,0.0,120.77935028076172
3,0.0003000000142492354,30049,127.66256713867188,0.0,127.66256713867188
3,0.0003000000142492354,30059,109.85456085205078,0.0,109.85456085205078
3,0.0003000000142492354,30069,114.64826202392578,0.0,114.64826202392578
3,0.0003000000142492354,30079,132.0767059326172,0.0,132.0767059326172
3,0.0003000000142492354,30089,123.00993347167969,0.0,123.00993347167969
3,0.0003000000142492354,30099,122.34461212158203,0.0,122.34461212158203
3,0.0003000000142492354,30109,126.3756103515625,0.0,126.3756103515625
3,0.0003000000142492354,30119,122.17217254638672,0.0,122.17217254638672
3,0.0003000000142492354,30129,127.19620513916016,0.0,127.19620513916016
3,0.0003000000142492354,30139,125.28024291992188,0.0,125.28024291992188
3,0.0003000000142492354,30149,113.8722152709961,0.0,113.8722152709961
3,0.0003000000142492354,30159,130.3418426513672,0.0,130.3418426513672
3,0.0003000000142492354,30169,129.95639038085938,0.0,129.95639038085938
3,0.0003000000142492354,30179,133.74156188964844,0.0,133.74156188964844
3,0.0003000000142492354,30189,136.46560668945312,0.0,136.46560668945312
3,0.0003000000142492354,30199,138.11459350585938,0.0,138.11459350585938
3,0.0003000000142492354,30209,123.21552276611328,0.0,123.21552276611328
3,0.0003000000142492354,30219,126.09099578857422,0.0,126.09099578857422
3,0.0003000000142492354,30229,127.02696228027344,0.0,127.02696228027344
3,0.0003000000142492354,30239,129.57135009765625,0.0,129.57135009765625
3,0.0003000000142492354,30249,127.42332458496094,0.0,127.42332458496094
3,0.0003000000142492354,30259,135.16845703125,0.0,135.16845703125
3,0.0003000000142492354,30269,132.27438354492188,0.0,132.27438354492188
3,0.0003000000142492354,30279,122.59489440917969,0.0,122.59489440917969
3,0.0003000000142492354,30289,131.58059692382812,0.0,131.58059692382812
3,0.0003000000142492354,30299,127.65130615234375,0.0,127.65130615234375
3,0.0003000000142492354,30309,135.8758544921875,0.0,135.8758544921875
3,0.0003000000142492354,30319,133.77395629882812,0.0,133.77395629882812
3,0.0003000000142492354,30329,119.22774505615234,0.0,119.22774505615234
3,0.0003000000142492354,30339,127.45364379882812,0.0,127.45364379882812
3,0.0003000000142492354,30349,135.54080200195312,0.0,135.54080200195312
3,0.0003000000142492354,30359,139.36537170410156,0.0,139.36537170410156
3,0.0003000000142492354,30369,141.35902404785156,0.0,141.35902404785156
3,0.0003000000142492354,30379,119.6513671875,0.0,119.6513671875
3,0.0003000000142492354,30389,130.81869506835938,0.0,130.81869506835938
3,0.0003000000142492354,30399,136.4160919189453,0.0,136.4160919189453
3,0.0003000000142492354,30409,129.15512084960938,0.0,129.15512084960938
3,0.0003000000142492354,30419,114.58627319335938,0.0,114.58627319335938
3,0.0003000000142492354,30429,147.84661865234375,0.0,147.84661865234375
3,0.0003000000142492354,30439,115.16001892089844,0.0,115.16001892089844
3,0.0003000000142492354,30449,129.65936279296875,0.0,129.65936279296875
3,0.0003000000142492354,30459,127.5106201171875,0.0,127.5106201171875
3,0.0003000000142492354,30469,137.80970764160156,0.0,137.80970764160156
3,0.0003000000142492354,30479,131.08474731445312,0.0,131.08474731445312
3,0.0003000000142492354,30489,131.7866668701172,0.0,131.7866668701172
3,0.0003000000142492354,30499,143.53799438476562,0.0,143.53799438476562
3,0.0003000000142492354,30509,119.10934448242188,0.0,119.10934448242188
3,0.0003000000142492354,30519,113.61390686035156,0.0,113.61390686035156
3,0.0003000000142492354,30529,146.61822509765625,0.0,146.61822509765625
3,0.0003000000142492354,30539,125.08834838867188,0.0,125.08834838867188
3,0.0003000000142492354,30549,128.33334350585938,0.0,128.33334350585938
3,0.0003000000142492354,30559,121.5176010131836,0.0,121.5176010131836
3,0.0003000000142492354,30569,126.47865295410156,0.0,126.47865295410156
3,0.0003000000142492354,30579,117.9176025390625,0.0,117.9176025390625
3,0.0003000000142492354,30589,120.51280975341797,0.0,120.51280975341797
3,0.0003000000142492354,30599,119.104248046875,0.0,119.104248046875
3,0.0003000000142492354,30609,130.51333618164062,0.0,130.51333618164062
3,0.0003000000142492354,30619,129.78860473632812,0.0,129.78860473632812
3,0.0003000000142492354,30629,123.03471374511719,0.0,123.03471374511719
3,0.0003000000142492354,30639,114.63960266113281,0.0,114.63960266113281
3,0.0003000000142492354,30649,119.11839294433594,0.0,119.11839294433594
3,0.0003000000142492354,30659,114.1882553100586,0.0,114.1882553100586
3,0.0003000000142492354,30669,127.93063354492188,0.0,127.93063354492188
3,0.0003000000142492354,30679,128.96115112304688,0.0,128.96115112304688
3,0.0003000000142492354,30689,136.39404296875,0.0,136.39404296875
3,0.0003000000142492354,30699,127.05729675292969,0.0,127.05729675292969
3,0.0003000000142492354,30709,120.95561981201172,0.0,120.95561981201172
3,0.0003000000142492354,30719,131.66407775878906,0.0,131.66407775878906
3,0.0003000000142492354,30729,133.8246612548828,0.0,133.8246612548828
3,0.0003000000142492354,30739,116.02854919433594,0.0,116.02854919433594
3,0.0003000000142492354,30749,124.46916961669922,0.0,124.46916961669922
3,0.0003000000142492354,30759,117.77030944824219,0.0,117.77030944824219
3,0.0003000000142492354,30769,112.86194610595703,0.0,112.86194610595703
3,0.0003000000142492354,30779,129.12237548828125,0.0,129.12237548828125
3,0.0003000000142492354,30789,125.83125305175781,0.0,125.83125305175781
3,0.0003000000142492354,30799,137.46585083007812,0.0,137.46585083007812
3,0.0003000000142492354,30809,117.23351287841797,0.0,117.23351287841797
3,0.0003000000142492354,30819,122.65253448486328,0.0,122.65253448486328
3,0.0003000000142492354,30829,125.74447631835938,0.0,125.74447631835938
3,0.0003000000142492354,30839,129.56228637695312,0.0,129.56228637695312
3,0.0003000000142492354,30849,126.0315933227539,0.0,126.0315933227539
3,0.0003000000142492354,30859,136.9498291015625,0.0,136.9498291015625
3,0.0003000000142492354,30869,134.06161499023438,0.0,134.06161499023438
3,0.0003000000142492354,30879,115.298583984375,0.0,115.298583984375
3,0.0003000000142492354,30889,115.72941589355469,0.0,115.72941589355469
3,0.0003000000142492354,30899,119.40989685058594,0.0,119.40989685058594
3,0.0003000000142492354,30909,109.95032501220703,0.0,109.95032501220703
3,0.0003000000142492354,30919,128.4178009033203,0.0,128.4178009033203
3,0.0003000000142492354,30929,139.314697265625,0.0,139.314697265625
3,0.0003000000142492354,30939,128.44076538085938,0.0,128.44076538085938
3,0.0003000000142492354,30949,111.0429458618164,0.0,111.0429458618164
3,0.0003000000142492354,30959,127.33299255371094,0.0,127.33299255371094
3,0.0003000000142492354,30969,128.52699279785156,0.0,128.52699279785156
3,0.0003000000142492354,30979,143.7591552734375,0.0,143.7591552734375
3,0.0003000000142492354,30989,126.26026153564453,0.0,126.26026153564453
3,0.0003000000142492354,30999,125.3646469116211,0.0,125.3646469116211
3,0.0003000000142492354,31009,127.32402038574219,0.0,127.32402038574219
3,0.0003000000142492354,31019,124.03306579589844,0.0,124.03306579589844
3,0.0003000000142492354,31029,140.7594451904297,0.0,140.7594451904297
3,0.0003000000142492354,31039,133.4181365966797,0.0,133.4181365966797
3,0.0003000000142492354,31049,122.26800537109375,0.0,122.26800537109375
3,0.0003000000142492354,31059,120.78851318359375,0.0,120.78851318359375
3,0.0003000000142492354,31069,138.5418243408203,0.0,138.5418243408203
3,0.0003000000142492354,31079,129.73458862304688,0.0,129.73458862304688
3,0.0003000000142492354,31089,129.55612182617188,0.0,129.55612182617188
3,0.0003000000142492354,31099,131.11181640625,0.0,131.11181640625
3,0.0003000000142492354,31109,118.95757293701172,0.0,118.95757293701172
3,0.0003000000142492354,31119,122.0965347290039,0.0,122.0965347290039
3,0.0003000000142492354,31129,133.06764221191406,0.0,133.06764221191406
3,0.0003000000142492354,31139,135.4239501953125,0.0,135.4239501953125
3,0.0003000000142492354,31149,128.8460693359375,0.0,128.8460693359375
3,0.0003000000142492354,31159,132.00852966308594,0.0,132.00852966308594
3,0.0003000000142492354,31169,117.02835083007812,0.0,117.02835083007812
3,0.0003000000142492354,31179,134.80770874023438,0.0,134.80770874023438
3,0.0003000000142492354,31189,118.71815490722656,0.0,118.71815490722656
3,0.0003000000142492354,31199,125.80371856689453,0.0,125.80371856689453
3,0.0003000000142492354,31209,140.1546630859375,0.0,140.1546630859375
3,0.0003000000142492354,31219,120.15995025634766,0.0,120.15995025634766
3,0.0003000000142492354,31229,135.14988708496094,0.0,135.14988708496094
3,0.0003000000142492354,31239,109.78703308105469,0.0,109.78703308105469
3,0.0003000000142492354,31249,142.130859375,0.0,142.130859375
3,0.0003000000142492354,31259,129.71163940429688,0.0,129.71163940429688
3,0.0003000000142492354,31269,144.96990966796875,0.0,144.96990966796875
3,0.0003000000142492354,31279,128.0876007080078,0.0,128.0876007080078
3,0.0003000000142492354,31289,128.8980255126953,0.0,128.8980255126953
3,0.0003000000142492354,31299,131.83688354492188,0.0,131.83688354492188
3,0.0003000000142492354,31309,135.69110107421875,0.0,135.69110107421875
3,0.0003000000142492354,31319,117.71754455566406,0.0,117.71754455566406
3,0.0003000000142492354,31329,127.45010375976562,0.0,127.45010375976562
3,0.0003000000142492354,31339,121.7566909790039,0.0,121.7566909790039
3,0.0003000000142492354,31349,118.83882141113281,0.0,118.83882141113281
3,0.0003000000142492354,31359,112.3878173828125,0.0,112.3878173828125
3,0.0003000000142492354,31369,141.92630004882812,0.0,141.92630004882812
3,0.0003000000142492354,31379,121.28129577636719,0.0,121.28129577636719
3,0.0003000000142492354,31389,111.41091918945312,0.0,111.41091918945312
3,0.0003000000142492354,31399,123.83258819580078,0.0,123.83258819580078
3,0.0003000000142492354,31409,110.78645324707031,0.0,110.78645324707031
3,0.0003000000142492354,31419,143.0961456298828,0.0,143.0961456298828
3,0.0003000000142492354,31429,129.96853637695312,0.0,129.96853637695312
3,0.0003000000142492354,31439,119.96810150146484,0.0,119.96810150146484
3,0.0003000000142492354,31449,119.43836975097656,0.0,119.43836975097656
3,0.0003000000142492354,31459,122.93118286132812,0.0,122.93118286132812
3,0.0003000000142492354,31469,121.46431732177734,0.0,121.46431732177734
3,0.0003000000142492354,31479,122.96052551269531,0.0,122.96052551269531
3,0.0003000000142492354,31489,120.31937408447266,0.0,120.31937408447266
3,0.0003000000142492354,31499,143.1145782470703,0.0,143.1145782470703
3,0.0003000000142492354,31509,129.99038696289062,0.0,129.99038696289062
3,0.0003000000142492354,31519,128.11117553710938,0.0,128.11117553710938
3,0.0003000000142492354,31529,132.36962890625,0.0,132.36962890625
3,0.0003000000142492354,31539,109.423583984375,0.0,109.423583984375
3,0.0003000000142492354,31549,115.3684310913086,0.0,115.3684310913086
3,0.0003000000142492354,31559,125.42927551269531,0.0,125.42927551269531
3,0.0003000000142492354,31569,126.80313873291016,0.0,126.80313873291016
3,0.0003000000142492354,31579,126.26830291748047,0.0,126.26830291748047
3,0.0003000000142492354,31589,136.291259765625,0.0,136.291259765625
3,0.0003000000142492354,31599,123.5719223022461,0.0,123.5719223022461
3,0.0003000000142492354,31609,138.38467407226562,0.0,138.38467407226562
3,0.0003000000142492354,31619,128.98193359375,0.0,128.98193359375
3,0.0003000000142492354,31629,129.3493194580078,0.0,129.3493194580078
3,0.0003000000142492354,31639,128.400634765625,0.0,128.400634765625
3,0.0003000000142492354,31649,132.798095703125,0.0,132.798095703125
3,0.0003000000142492354,31659,122.38736724853516,0.0,122.38736724853516
3,0.0003000000142492354,31669,125.4588851928711,0.0,125.4588851928711
3,0.0003000000142492354,31679,139.06845092773438,0.0,139.06845092773438
3,0.0003000000142492354,31689,115.5809326171875,0.0,115.5809326171875
3,0.0003000000142492354,31699,141.8014678955078,0.0,141.8014678955078
3,0.0003000000142492354,31709,123.79232025146484,0.0,123.79232025146484
3,0.0003000000142492354,31719,125.29873657226562,0.0,125.29873657226562
3,0.0003000000142492354,31729,125.3283462524414,0.0,125.3283462524414
3,0.0003000000142492354,31739,121.16849517822266,0.0,121.16849517822266
3,0.0003000000142492354,31749,124.0066909790039,0.0,124.0066909790039
3,0.0003000000142492354,31759,117.95979309082031,0.0,117.95979309082031
3,0.0003000000142492354,31769,135.28555297851562,0.0,135.28555297851562
3,0.0003000000142492354,31779,133.43063354492188,0.0,133.43063354492188
3,0.0003000000142492354,31789,122.99250793457031,0.0,122.99250793457031
3,0.0003000000142492354,31799,121.0655288696289,0.0,121.0655288696289
3,0.0003000000142492354,31809,121.28217315673828,0.0,121.28217315673828
3,0.0003000000142492354,31819,127.89173126220703,0.0,127.89173126220703
3,0.0003000000142492354,31829,117.93722534179688,0.0,117.93722534179688
3,0.0003000000142492354,31839,124.68736267089844,0.0,124.68736267089844
3,0.0003000000142492354,31849,117.44659423828125,0.0,117.44659423828125
3,0.0003000000142492354,31859,126.05422973632812,0.0,126.05422973632812
3,0.0003000000142492354,31869,118.54170227050781,0.0,118.54170227050781
3,0.0003000000142492354,31879,120.94251251220703,0.0,120.94251251220703
3,0.0003000000142492354,31889,118.03341674804688,0.0,118.03341674804688
3,0.0003000000142492354,31899,122.00874328613281,0.0,122.00874328613281
3,0.0003000000142492354,31909,125.23017883300781,0.0,125.23017883300781
3,0.0003000000142492354,31919,138.88502502441406,0.0,138.88502502441406
3,0.0003000000142492354,31929,145.57730102539062,0.0,145.57730102539062
3,0.0003000000142492354,31939,123.70654296875,0.0,123.70654296875
3,0.0003000000142492354,31949,126.61671447753906,0.0,126.61671447753906
3,0.0003000000142492354,31959,125.10191345214844,0.0,125.10191345214844
3,0.0003000000142492354,31969,117.25700378417969,0.0,117.25700378417969
3,0.0003000000142492354,31979,127.96427154541016,0.0,127.96427154541016
3,0.0003000000142492354,31989,136.55870056152344,0.0,136.55870056152344
3,0.0003000000142492354,31999,120.20491027832031,0.0,120.20491027832031
3,0.0003000000142492354,32009,118.71958923339844,0.0,118.71958923339844
3,0.0003000000142492354,32019,136.78826904296875,0.0,136.78826904296875
3,0.0003000000142492354,32029,134.56039428710938,0.0,134.56039428710938
3,0.0003000000142492354,32039,129.44284057617188,0.0,129.44284057617188
3,0.0003000000142492354,32049,130.56455993652344,0.0,130.56455993652344
3,0.0003000000142492354,32059,116.1164321899414,0.0,116.1164321899414
3,0.0003000000142492354,32069,125.44981384277344,0.0,125.44981384277344
3,0.0003000000142492354,32079,123.17375183105469,0.0,123.17375183105469
3,0.0003000000142492354,32089,117.66981506347656,0.0,117.66981506347656
3,0.0003000000142492354,32099,130.48252868652344,0.0,130.48252868652344
3,0.0003000000142492354,32109,147.3830108642578,0.0,147.3830108642578
3,0.0003000000142492354,32119,131.95297241210938,0.0,131.95297241210938
3,0.0003000000142492354,32129,120.57070922851562,0.0,120.57070922851562
3,0.0003000000142492354,32139,144.2703857421875,0.0,144.2703857421875
3,0.0003000000142492354,32149,125.8517837524414,0.0,125.8517837524414
3,0.0003000000142492354,32159,122.73139953613281,0.0,122.73139953613281
3,0.0003000000142492354,32169,126.28226470947266,0.0,126.28226470947266
3,0.0003000000142492354,32179,117.81674194335938,0.0,117.81674194335938
3,0.0003000000142492354,32189,117.00004577636719,0.0,117.00004577636719
3,0.0003000000142492354,32199,124.97938537597656,0.0,124.97938537597656
3,0.0003000000142492354,32209,125.90586853027344,0.0,125.90586853027344
3,0.0003000000142492354,32219,115.69430541992188,0.0,115.69430541992188
3,0.0003000000142492354,32229,137.5997314453125,0.0,137.5997314453125
3,0.0003000000142492354,32239,111.87311553955078,0.0,111.87311553955078
3,0.0003000000142492354,32249,125.44606018066406,0.0,125.44606018066406
3,0.0003000000142492354,32259,130.9169921875,0.0,130.9169921875
3,0.0003000000142492354,32269,130.24691772460938,0.0,130.24691772460938
3,0.0003000000142492354,32279,116.95870971679688,0.0,116.95870971679688
3,0.0003000000142492354,32289,141.80288696289062,0.0,141.80288696289062
3,0.0003000000142492354,32299,133.45716857910156,0.0,133.45716857910156
3,0.0003000000142492354,32309,127.1657943725586,0.0,127.1657943725586
3,0.0003000000142492354,32319,142.29122924804688,0.0,142.29122924804688
3,0.0003000000142492354,32329,124.4222183227539,0.0,124.4222183227539
3,0.0003000000142492354,32339,119.3887939453125,0.0,119.3887939453125
3,0.0003000000142492354,32349,124.74691009521484,0.0,124.74691009521484
3,0.0003000000142492354,32359,138.58099365234375,0.0,138.58099365234375
3,0.0003000000142492354,32369,143.98843383789062,0.0,143.98843383789062
3,0.0003000000142492354,32379,121.54019165039062,0.0,121.54019165039062
3,0.0003000000142492354,32389,130.80450439453125,0.0,130.80450439453125
3,0.0003000000142492354,32399,128.3348388671875,0.0,128.3348388671875
3,0.0003000000142492354,32409,117.7822494506836,0.0,117.7822494506836
3,0.0003000000142492354,32419,110.64710235595703,0.0,110.64710235595703
3,0.0003000000142492354,32429,125.35918426513672,0.0,125.35918426513672
3,0.0003000000142492354,32439,124.43959045410156,0.0,124.43959045410156
3,0.0003000000142492354,32449,120.26568603515625,0.0,120.26568603515625
3,0.0003000000142492354,32459,137.65829467773438,0.0,137.65829467773438
3,0.0003000000142492354,32469,127.76763916015625,0.0,127.76763916015625
3,0.0003000000142492354,32479,128.72496032714844,0.0,128.72496032714844
3,0.0003000000142492354,32489,117.39949798583984,0.0,117.39949798583984
3,0.0003000000142492354,32499,123.34586334228516,0.0,123.34586334228516
3,0.0003000000142492354,32509,131.29673767089844,0.0,131.29673767089844
3,0.0003000000142492354,32519,124.37318420410156,0.0,124.37318420410156
3,0.0003000000142492354,32529,122.0888671875,0.0,122.0888671875
3,0.0003000000142492354,32539,114.09051513671875,0.0,114.09051513671875
3,0.0003000000142492354,32549,125.1226577758789,0.0,125.1226577758789
3,0.0003000000142492354,32559,139.05670166015625,0.0,139.05670166015625
3,0.0003000000142492354,32569,126.58859252929688,0.0,126.58859252929688
3,0.0003000000142492354,32579,124.78822326660156,0.0,124.78822326660156
3,0.0003000000142492354,32589,131.550537109375,0.0,131.550537109375
3,0.0003000000142492354,32599,131.39651489257812,0.0,131.39651489257812
3,0.0003000000142492354,32609,124.20003509521484,0.0,124.20003509521484
3,0.0003000000142492354,32619,136.01930236816406,0.0,136.01930236816406
3,0.0003000000142492354,32629,116.74464416503906,0.0,116.74464416503906
3,0.0003000000142492354,32639,150.96412658691406,0.0,150.96412658691406
3,0.0003000000142492354,32649,129.1260986328125,0.0,129.1260986328125
3,0.0003000000142492354,32659,119.00599670410156,0.0,119.00599670410156
3,0.0003000000142492354,32669,121.45580291748047,0.0,121.45580291748047
3,0.0003000000142492354,32679,128.25582885742188,0.0,128.25582885742188
3,0.0003000000142492354,32689,117.1473617553711,0.0,117.1473617553711
3,0.0003000000142492354,32699,118.52818298339844,0.0,118.52818298339844
3,0.0003000000142492354,32709,124.25728607177734,0.0,124.25728607177734
3,0.0003000000142492354,32719,127.64225769042969,0.0,127.64225769042969
3,0.0003000000142492354,32729,123.10124206542969,0.0,123.10124206542969
3,0.0003000000142492354,32739,136.1234130859375,0.0,136.1234130859375
3,0.0003000000142492354,32749,127.05367279052734,0.0,127.05367279052734
3,0.0003000000142492354,32759,119.02377319335938,0.0,119.02377319335938
3,0.0003000000142492354,32769,112.51622009277344,0.0,112.51622009277344
3,0.0003000000142492354,32779,132.2611541748047,0.0,132.2611541748047
3,0.0003000000142492354,32789,129.7548828125,0.0,129.7548828125
3,0.0003000000142492354,32799,129.60659790039062,0.0,129.60659790039062
3,0.0003000000142492354,32809,125.09928131103516,0.0,125.09928131103516
3,0.0003000000142492354,32819,118.1644058227539,0.0,118.1644058227539
3,0.0003000000142492354,32829,119.42367553710938,0.0,119.42367553710938
3,0.0003000000142492354,32839,124.31980895996094,0.0,124.31980895996094
3,0.0003000000142492354,32849,141.03524780273438,0.0,141.03524780273438
3,0.0003000000142492354,32859,142.52578735351562,0.0,142.52578735351562
3,0.0003000000142492354,32869,123.39425659179688,0.0,123.39425659179688
3,0.0003000000142492354,32879,114.7721176147461,0.0,114.7721176147461
3,0.0003000000142492354,32889,122.58843994140625,0.0,122.58843994140625
3,0.0003000000142492354,32899,128.32249450683594,0.0,128.32249450683594
3,0.0003000000142492354,32909,133.30615234375,0.0,133.30615234375
3,0.0003000000142492354,32919,128.7796630859375,0.0,128.7796630859375
3,0.0003000000142492354,32929,137.0119171142578,0.0,137.0119171142578
3,0.0003000000142492354,32939,127.0694808959961,0.0,127.0694808959961
3,0.0003000000142492354,32949,117.73151397705078,0.0,117.73151397705078
3,0.0003000000142492354,32959,138.73562622070312,0.0,138.73562622070312
3,0.0003000000142492354,32969,121.32476806640625,0.0,121.32476806640625
3,0.0003000000142492354,32979,123.23805236816406,0.0,123.23805236816406
3,0.0003000000142492354,32989,122.30503845214844,0.0,122.30503845214844
3,0.0003000000142492354,32999,118.08439636230469,0.0,118.08439636230469
3,0.0003000000142492354,33009,125.13441467285156,0.0,125.13441467285156
3,0.0003000000142492354,33019,122.9476547241211,0.0,122.9476547241211
4,0.0003000000142492354,33029,145.0488739013672,0.0,145.0488739013672
4,0.0003000000142492354,33039,101.63401794433594,0.0,101.63401794433594
4,0.0003000000142492354,33049,116.05839538574219,0.0,116.05839538574219
4,0.0003000000142492354,33059,123.80355072021484,0.0,123.80355072021484
4,0.0003000000142492354,33069,131.06088256835938,0.0,131.06088256835938
4,0.0003000000142492354,33079,130.89596557617188,0.0,130.89596557617188
4,0.0003000000142492354,33089,131.03689575195312,0.0,131.03689575195312
4,0.0003000000142492354,33099,113.84239196777344,0.0,113.84239196777344
4,0.0003000000142492354,33109,134.13168334960938,0.0,134.13168334960938
4,0.0003000000142492354,33119,125.95728302001953,0.0,125.95728302001953
4,0.0003000000142492354,33129,139.467529296875,0.0,139.467529296875
4,0.0003000000142492354,33139,141.01104736328125,0.0,141.01104736328125
4,0.0003000000142492354,33149,125.4598388671875,0.0,125.4598388671875
4,0.0003000000142492354,33159,111.67588806152344,0.0,111.67588806152344
4,0.0003000000142492354,33169,129.2211151123047,0.0,129.2211151123047
4,0.0003000000142492354,33179,129.23782348632812,0.0,129.23782348632812
4,0.0003000000142492354,33189,124.08949279785156,0.0,124.08949279785156
4,0.0003000000142492354,33199,140.245849609375,0.0,140.245849609375
4,0.0003000000142492354,33209,119.30730438232422,0.0,119.30730438232422
4,0.0003000000142492354,33219,139.94973754882812,0.0,139.94973754882812
4,0.0003000000142492354,33229,113.0404052734375,0.0,113.0404052734375
4,0.0003000000142492354,33239,108.87615203857422,0.0,108.87615203857422
4,0.0003000000142492354,33249,115.11727905273438,0.0,115.11727905273438
4,0.0003000000142492354,33259,116.37339782714844,0.0,116.37339782714844
4,0.0003000000142492354,33269,128.54605102539062,0.0,128.54605102539062
4,0.0003000000142492354,33279,116.7002944946289,0.0,116.7002944946289
4,0.0003000000142492354,33289,117.08378601074219,0.0,117.08378601074219
4,0.0003000000142492354,33299,124.13735961914062,0.0,124.13735961914062
4,0.0003000000142492354,33309,115.51582336425781,0.0,115.51582336425781
4,0.0003000000142492354,33319,129.51385498046875,0.0,129.51385498046875
4,0.0003000000142492354,33329,120.03746032714844,0.0,120.03746032714844
4,0.0003000000142492354,33339,114.47650146484375,0.0,114.47650146484375
4,0.0003000000142492354,33349,115.36860656738281,0.0,115.36860656738281
4,0.0003000000142492354,33359,109.44290161132812,0.0,109.44290161132812
4,0.0003000000142492354,33369,116.0800552368164,0.0,116.0800552368164
4,0.0003000000142492354,33379,123.95327758789062,0.0,123.95327758789062
4,0.0003000000142492354,33389,132.30447387695312,0.0,132.30447387695312
4,0.0003000000142492354,33399,131.18624877929688,0.0,131.18624877929688
4,0.0003000000142492354,33409,111.74726867675781,0.0,111.74726867675781
4,0.0003000000142492354,33419,134.20423889160156,0.0,134.20423889160156
4,0.0003000000142492354,33429,131.05201721191406,0.0,131.05201721191406
4,0.0003000000142492354,33439,110.80862426757812,0.0,110.80862426757812
4,0.0003000000142492354,33449,118.278076171875,0.0,118.278076171875
4,0.0003000000142492354,33459,122.29641723632812,0.0,122.29641723632812
4,0.0003000000142492354,33469,128.2574005126953,0.0,128.2574005126953
4,0.0003000000142492354,33479,142.46798706054688,0.0,142.46798706054688
4,0.0003000000142492354,33489,117.11979675292969,0.0,117.11979675292969
4,0.0003000000142492354,33499,131.005126953125,0.0,131.005126953125
4,0.0003000000142492354,33509,126.06206512451172,0.0,126.06206512451172
4,0.0003000000142492354,33519,127.61124420166016,0.0,127.61124420166016
4,0.0003000000142492354,33529,112.239501953125,0.0,112.239501953125
4,0.0003000000142492354,33539,117.17413330078125,0.0,117.17413330078125
4,0.0003000000142492354,33549,114.21261596679688,0.0,114.21261596679688
4,0.0003000000142492354,33559,134.65921020507812,0.0,134.65921020507812
4,0.0003000000142492354,33569,113.26260375976562,0.0,113.26260375976562
4,0.0003000000142492354,33579,122.34436798095703,0.0,122.34436798095703
4,0.0003000000142492354,33589,108.076171875,0.0,108.076171875
4,0.0003000000142492354,33599,115.81845092773438,0.0,115.81845092773438
4,0.0003000000142492354,33609,120.2926025390625,0.0,120.2926025390625
4,0.0003000000142492354,33619,133.69070434570312,0.0,133.69070434570312
4,0.0003000000142492354,33629,114.79096221923828,0.0,114.79096221923828
4,0.0003000000142492354,33639,136.64715576171875,0.0,136.64715576171875
4,0.0003000000142492354,33649,117.8635482788086,0.0,117.8635482788086
4,0.0003000000142492354,33659,120.60533905029297,0.0,120.60533905029297
4,0.0003000000142492354,33669,128.2091064453125,0.0,128.2091064453125
4,0.0003000000142492354,33679,127.7612533569336,0.0,127.7612533569336
4,0.0003000000142492354,33689,107.97918701171875,0.0,107.97918701171875
4,0.0003000000142492354,33699,128.65008544921875,0.0,128.65008544921875
4,0.0003000000142492354,33709,116.646728515625,0.0,116.646728515625
4,0.0003000000142492354,33719,121.45533752441406,0.0,121.45533752441406
4,0.0003000000142492354,33729,130.9846649169922,0.0,130.9846649169922
4,0.0003000000142492354,33739,128.2184295654297,0.0,128.2184295654297
4,0.0003000000142492354,33749,127.7327880859375,0.0,127.7327880859375
4,0.0003000000142492354,33759,127.80797576904297,0.0,127.80797576904297
4,0.0003000000142492354,33769,132.89080810546875,0.0,132.89080810546875
4,0.0003000000142492354,33779,112.20307159423828,0.0,112.20307159423828
4,0.0003000000142492354,33789,122.79249572753906,0.0,122.79249572753906
4,0.0003000000142492354,33799,119.19468688964844,0.0,119.19468688964844
4,0.0003000000142492354,33809,125.8995361328125,0.0,125.8995361328125
4,0.0003000000142492354,33819,118.29164123535156,0.0,118.29164123535156
4,0.0003000000142492354,33829,120.07661437988281,0.0,120.07661437988281
4,0.0003000000142492354,33839,128.66726684570312,0.0,128.66726684570312
4,0.0003000000142492354,33849,132.50457763671875,0.0,132.50457763671875
4,0.0003000000142492354,33859,124.23638916015625,0.0,124.23638916015625
4,0.0003000000142492354,33869,120.24931335449219,0.0,120.24931335449219
4,0.0003000000142492354,33879,125.74764251708984,0.0,125.74764251708984
4,0.0003000000142492354,33889,128.3907470703125,0.0,128.3907470703125
4,0.0003000000142492354,33899,123.80755615234375,0.0,123.80755615234375
4,0.0003000000142492354,33909,112.00264739990234,0.0,112.00264739990234
4,0.0003000000142492354,33919,124.88276672363281,0.0,124.88276672363281
4,0.0003000000142492354,33929,141.68569946289062,0.0,141.68569946289062
4,0.0003000000142492354,33939,133.86459350585938,0.0,133.86459350585938
4,0.0003000000142492354,33949,133.2779083251953,0.0,133.2779083251953
4,0.0003000000142492354,33959,105.50414276123047,0.0,105.50414276123047
4,0.0003000000142492354,33969,131.6997833251953,0.0,131.6997833251953
4,0.0003000000142492354,33979,141.833740234375,0.0,141.833740234375
4,0.0003000000142492354,33989,113.7922592163086,0.0,113.7922592163086
4,0.0003000000142492354,33999,129.3388671875,0.0,129.3388671875
4,0.0003000000142492354,34009,120.29354858398438,0.0,120.29354858398438
4,0.0003000000142492354,34019,139.89761352539062,0.0,139.89761352539062
4,0.0003000000142492354,34029,120.0766830444336,0.0,120.0766830444336
4,0.0003000000142492354,34039,123.50736236572266,0.0,123.50736236572266
4,0.0003000000142492354,34049,119.69441223144531,0.0,119.69441223144531
4,0.0003000000142492354,34059,120.33049011230469,0.0,120.33049011230469
4,0.0003000000142492354,34069,119.86489868164062,0.0,119.86489868164062
4,0.0003000000142492354,34079,141.35897827148438,0.0,141.35897827148438
4,0.0003000000142492354,34089,135.35890197753906,0.0,135.35890197753906
4,0.0003000000142492354,34099,120.13623046875,0.0,120.13623046875
4,0.0003000000142492354,34109,133.47817993164062,0.0,133.47817993164062
4,0.0003000000142492354,34119,132.0767822265625,0.0,132.0767822265625
4,0.0003000000142492354,34129,117.6497802734375,0.0,117.6497802734375
4,0.0003000000142492354,34139,123.42630004882812,0.0,123.42630004882812
4,0.0003000000142492354,34149,131.44580078125,0.0,131.44580078125
4,0.0003000000142492354,34159,125.40809631347656,0.0,125.40809631347656
4,0.0003000000142492354,34169,127.15164184570312,0.0,127.15164184570312
4,0.0003000000142492354,34179,124.77536010742188,0.0,124.77536010742188
4,0.0003000000142492354,34189,115.48127746582031,0.0,115.48127746582031
4,0.0003000000142492354,34199,121.60554504394531,0.0,121.60554504394531
4,0.0003000000142492354,34209,114.47209930419922,0.0,114.47209930419922
4,0.0003000000142492354,34219,109.51667785644531,0.0,109.51667785644531
4,0.0003000000142492354,34229,112.4498519897461,0.0,112.4498519897461
4,0.0003000000142492354,34239,122.00074768066406,0.0,122.00074768066406
4,0.0003000000142492354,34249,137.7671661376953,0.0,137.7671661376953
4,0.0003000000142492354,34259,107.09939575195312,0.0,107.09939575195312
4,0.0003000000142492354,34269,124.71348571777344,0.0,124.71348571777344
4,0.0003000000142492354,34279,120.21035766601562,0.0,120.21035766601562
4,0.0003000000142492354,34289,128.93673706054688,0.0,128.93673706054688
4,0.0003000000142492354,34299,116.21315002441406,0.0,116.21315002441406
4,0.0003000000142492354,34309,117.16551208496094,0.0,117.16551208496094
4,0.0003000000142492354,34319,121.61982727050781,0.0,121.61982727050781
4,0.0003000000142492354,34329,106.49652099609375,0.0,106.49652099609375
4,0.0003000000142492354,34339,124.0950927734375,0.0,124.0950927734375
4,0.0003000000142492354,34349,110.03662872314453,0.0,110.03662872314453
4,0.0003000000142492354,34359,118.52312469482422,0.0,118.52312469482422
4,0.0003000000142492354,34369,106.84156036376953,0.0,106.84156036376953
4,0.0003000000142492354,34379,110.02344512939453,0.0,110.02344512939453
4,0.0003000000142492354,34389,136.05267333984375,0.0,136.05267333984375
4,0.0003000000142492354,34399,122.74269104003906,0.0,122.74269104003906
4,0.0003000000142492354,34409,131.93902587890625,0.0,131.93902587890625
4,0.0003000000142492354,34419,115.63549041748047,0.0,115.63549041748047
4,0.0003000000142492354,34429,111.99524688720703,0.0,111.99524688720703
4,0.0003000000142492354,34439,115.48438262939453,0.0,115.48438262939453
4,0.0003000000142492354,34449,114.65631866455078,0.0,114.65631866455078
4,0.0003000000142492354,34459,115.76260375976562,0.0,115.76260375976562
4,0.0003000000142492354,34469,127.85858154296875,0.0,127.85858154296875
4,0.0003000000142492354,34479,108.35845947265625,0.0,108.35845947265625
4,0.0003000000142492354,34489,126.5256576538086,0.0,126.5256576538086
4,0.0003000000142492354,34499,106.98521423339844,0.0,106.98521423339844
4,0.0003000000142492354,34509,117.44505310058594,0.0,117.44505310058594
4,0.0003000000142492354,34519,119.69087219238281,0.0,119.69087219238281
4,0.0003000000142492354,34529,128.67098999023438,0.0,128.67098999023438
4,0.0003000000142492354,34539,120.8472900390625,0.0,120.8472900390625
4,0.0003000000142492354,34549,133.33251953125,0.0,133.33251953125
4,0.0003000000142492354,34559,122.73329162597656,0.0,122.73329162597656
4,0.0003000000142492354,34569,117.35508728027344,0.0,117.35508728027344
4,0.0003000000142492354,34579,123.21263885498047,0.0,123.21263885498047
4,0.0003000000142492354,34589,128.46783447265625,0.0,128.46783447265625
4,0.0003000000142492354,34599,120.23025512695312,0.0,120.23025512695312
4,0.0003000000142492354,34609,116.53263854980469,0.0,116.53263854980469
4,0.0003000000142492354,34619,127.43048095703125,0.0,127.43048095703125
4,0.0003000000142492354,34629,119.41484069824219,0.0,119.41484069824219
4,0.0003000000142492354,34639,143.02297973632812,0.0,143.02297973632812
4,0.0003000000142492354,34649,121.37060546875,0.0,121.37060546875
4,0.0003000000142492354,34659,121.69405364990234,0.0,121.69405364990234
4,0.0003000000142492354,34669,114.63578796386719,0.0,114.63578796386719
4,0.0003000000142492354,34679,131.26748657226562,0.0,131.26748657226562
4,0.0003000000142492354,34689,108.25839233398438,0.0,108.25839233398438
4,0.0003000000142492354,34699,127.71868133544922,0.0,127.71868133544922
4,0.0003000000142492354,34709,103.17901611328125,0.0,103.17901611328125
4,0.0003000000142492354,34719,130.9119110107422,0.0,130.9119110107422
4,0.0003000000142492354,34729,127.19499969482422,0.0,127.19499969482422
4,0.0003000000142492354,34739,121.38323211669922,0.0,121.38323211669922
4,0.0003000000142492354,34749,118.31304168701172,0.0,118.31304168701172
4,0.0003000000142492354,34759,128.21673583984375,0.0,128.21673583984375
4,0.0003000000142492354,34769,116.95138549804688,0.0,116.95138549804688
4,0.0003000000142492354,34779,123.19010925292969,0.0,123.19010925292969
4,0.0003000000142492354,34789,123.74176025390625,0.0,123.74176025390625
4,0.0003000000142492354,34799,135.4520721435547,0.0,135.4520721435547
4,0.0003000000142492354,34809,130.8549346923828,0.0,130.8549346923828
4,0.0003000000142492354,34819,127.73123931884766,0.0,127.73123931884766
4,0.0003000000142492354,34829,110.05784606933594,0.0,110.05784606933594
4,0.0003000000142492354,34839,129.435791015625,0.0,129.435791015625
4,0.0003000000142492354,34849,116.25469970703125,0.0,116.25469970703125
4,0.0003000000142492354,34859,123.83233642578125,0.0,123.83233642578125
4,0.0003000000142492354,34869,131.43466186523438,0.0,131.43466186523438
4,0.0003000000142492354,34879,126.69937896728516,0.0,126.69937896728516
4,0.0003000000142492354,34889,118.8638687133789,0.0,118.8638687133789
4,0.0003000000142492354,34899,123.53133392333984,0.0,123.53133392333984
4,0.0003000000142492354,34909,119.95740509033203,0.0,119.95740509033203
4,0.0003000000142492354,34919,130.4741973876953,0.0,130.4741973876953
4,0.0003000000142492354,34929,123.97406005859375,0.0,123.97406005859375
4,0.0003000000142492354,34939,121.87294006347656,0.0,121.87294006347656
4,0.0003000000142492354,34949,148.11917114257812,0.0,148.11917114257812
4,0.0003000000142492354,34959,119.88853454589844,0.0,119.88853454589844
4,0.0003000000142492354,34969,101.23612976074219,0.0,101.23612976074219
4,0.0003000000142492354,34979,132.73941040039062,0.0,132.73941040039062
4,0.0003000000142492354,34989,133.09280395507812,0.0,133.09280395507812
4,0.0003000000142492354,34999,121.70315551757812,0.0,121.70315551757812
4,0.0003000000142492354,35009,124.21014404296875,0.0,124.21014404296875
4,0.0003000000142492354,35019,105.45318603515625,0.0,105.45318603515625
4,0.0003000000142492354,35029,151.92974853515625,0.0,151.92974853515625
4,0.0003000000142492354,35039,125.70316314697266,0.0,125.70316314697266
4,0.0003000000142492354,35049,134.59414672851562,0.0,134.59414672851562
4,0.0003000000142492354,35059,131.61903381347656,0.0,131.61903381347656
4,0.0003000000142492354,35069,132.1929931640625,0.0,132.1929931640625
4,0.0003000000142492354,35079,135.26119995117188,0.0,135.26119995117188
4,0.0003000000142492354,35089,126.95901489257812,0.0,126.95901489257812
4,0.0003000000142492354,35099,137.28445434570312,0.0,137.28445434570312
4,0.0003000000142492354,35109,132.35101318359375,0.0,132.35101318359375
4,0.0003000000142492354,35119,109.22894287109375,0.0,109.22894287109375
4,0.0003000000142492354,35129,119.05972290039062,0.0,119.05972290039062
4,0.0003000000142492354,35139,117.18644714355469,0.0,117.18644714355469
4,0.0003000000142492354,35149,123.69197845458984,0.0,123.69197845458984
4,0.0003000000142492354,35159,126.12902069091797,0.0,126.12902069091797
4,0.0003000000142492354,35169,112.19002532958984,0.0,112.19002532958984
4,0.0003000000142492354,35179,119.4180679321289,0.0,119.4180679321289
4,0.0003000000142492354,35189,121.88490295410156,0.0,121.88490295410156
4,0.0003000000142492354,35199,123.22856140136719,0.0,123.22856140136719
4,0.0003000000142492354,35209,116.72026062011719,0.0,116.72026062011719
4,0.0003000000142492354,35219,111.09268188476562,0.0,111.09268188476562
4,0.0003000000142492354,35229,124.95259094238281,0.0,124.95259094238281
4,0.0003000000142492354,35239,128.62551879882812,0.0,128.62551879882812
4,0.0003000000142492354,35249,131.72242736816406,0.0,131.72242736816406
4,0.0003000000142492354,35259,120.95304107666016,0.0,120.95304107666016
4,0.0003000000142492354,35269,118.84538269042969,0.0,118.84538269042969
4,0.0003000000142492354,35279,110.11869049072266,0.0,110.11869049072266
4,0.0003000000142492354,35289,126.98660278320312,0.0,126.98660278320312
4,0.0003000000142492354,35299,128.66494750976562,0.0,128.66494750976562
4,0.0003000000142492354,35309,116.59983825683594,0.0,116.59983825683594
4,0.0003000000142492354,35319,117.13578033447266,0.0,117.13578033447266
4,0.0003000000142492354,35329,126.31851196289062,0.0,126.31851196289062
4,0.0003000000142492354,35339,123.13722229003906,0.0,123.13722229003906
4,0.0003000000142492354,35349,113.59358215332031,0.0,113.59358215332031
4,0.0003000000142492354,35359,128.77114868164062,0.0,128.77114868164062
4,0.0003000000142492354,35369,118.034912109375,0.0,118.034912109375
4,0.0003000000142492354,35379,121.86849975585938,0.0,121.86849975585938
4,0.0003000000142492354,35389,110.50950622558594,0.0,110.50950622558594
4,0.0003000000142492354,35399,124.56670379638672,0.0,124.56670379638672
4,0.0003000000142492354,35409,109.63838195800781,0.0,109.63838195800781
4,0.0003000000142492354,35419,123.19879150390625,0.0,123.19879150390625
4,0.0003000000142492354,35429,133.09609985351562,0.0,133.09609985351562
4,0.0003000000142492354,35439,131.6575927734375,0.0,131.6575927734375
4,0.0003000000142492354,35449,120.61641693115234,0.0,120.61641693115234
4,0.0003000000142492354,35459,124.27739715576172,0.0,124.27739715576172
4,0.0003000000142492354,35469,126.04994201660156,0.0,126.04994201660156
4,0.0003000000142492354,35479,121.91252136230469,0.0,121.91252136230469
4,0.0003000000142492354,35489,131.97010803222656,0.0,131.97010803222656
4,0.0003000000142492354,35499,117.42902374267578,0.0,117.42902374267578
4,0.0003000000142492354,35509,137.35752868652344,0.0,137.35752868652344
4,0.0003000000142492354,35519,127.34077453613281,0.0,127.34077453613281
4,0.0003000000142492354,35529,119.71044921875,0.0,119.71044921875
4,0.0003000000142492354,35539,132.05490112304688,0.0,132.05490112304688
4,0.0003000000142492354,35549,118.94532775878906,0.0,118.94532775878906
4,0.0003000000142492354,35559,125.75062561035156,0.0,125.75062561035156
4,0.0003000000142492354,35569,127.07908630371094,0.0,127.07908630371094
4,0.0003000000142492354,35579,124.2501220703125,0.0,124.2501220703125
4,0.0003000000142492354,35589,125.61707305908203,0.0,125.61707305908203
4,0.0003000000142492354,35599,122.43851470947266,0.0,122.43851470947266
4,0.0003000000142492354,35609,127.51801300048828,0.0,127.51801300048828
4,0.0003000000142492354,35619,126.35284423828125,0.0,126.35284423828125
4,0.0003000000142492354,35629,116.76008605957031,0.0,116.76008605957031
4,0.0003000000142492354,35639,124.93946838378906,0.0,124.93946838378906
4,0.0003000000142492354,35649,119.93869018554688,0.0,119.93869018554688
4,0.0003000000142492354,35659,120.68636322021484,0.0,120.68636322021484
4,0.0003000000142492354,35669,124.25822448730469,0.0,124.25822448730469
4,0.0003000000142492354,35679,127.56619262695312,0.0,127.56619262695312
4,0.0003000000142492354,35689,122.91776275634766,0.0,122.91776275634766
4,0.0003000000142492354,35699,115.5791244506836,0.0,115.5791244506836
4,0.0003000000142492354,35709,107.03097534179688,0.0,107.03097534179688
4,0.0003000000142492354,35719,124.0411376953125,0.0,124.0411376953125
4,0.0003000000142492354,35729,113.98944091796875,0.0,113.98944091796875
4,0.0003000000142492354,35739,123.68155670166016,0.0,123.68155670166016
4,0.0003000000142492354,35749,124.06597900390625,0.0,124.06597900390625
4,0.0003000000142492354,35759,122.16382598876953,0.0,122.16382598876953
4,0.0003000000142492354,35769,126.21478271484375,0.0,126.21478271484375
4,0.0003000000142492354,35779,128.26919555664062,0.0,128.26919555664062
4,0.0003000000142492354,35789,120.42290496826172,0.0,120.42290496826172
4,0.0003000000142492354,35799,129.19715881347656,0.0,129.19715881347656
4,0.0003000000142492354,35809,123.18183898925781,0.0,123.18183898925781
4,0.0003000000142492354,35819,124.1466064453125,0.0,124.1466064453125
4,0.0003000000142492354,35829,118.09013366699219,0.0,118.09013366699219
4,0.0003000000142492354,35839,134.33807373046875,0.0,134.33807373046875
4,0.0003000000142492354,35849,130.45242309570312,0.0,130.45242309570312
4,0.0003000000142492354,35859,109.70415496826172,0.0,109.70415496826172
4,0.0003000000142492354,35869,122.73743438720703,0.0,122.73743438720703
4,0.0003000000142492354,35879,113.53950500488281,0.0,113.53950500488281
4,0.0003000000142492354,35889,114.161376953125,0.0,114.161376953125
4,0.0003000000142492354,35899,122.63007354736328,0.0,122.63007354736328
4,0.0003000000142492354,35909,115.76773834228516,0.0,115.76773834228516
4,0.0003000000142492354,35919,126.5826644897461,0.0,126.5826644897461
4,0.0003000000142492354,35929,114.58964538574219,0.0,114.58964538574219
4,0.0003000000142492354,35939,122.20481872558594,0.0,122.20481872558594
4,0.0003000000142492354,35949,123.6142349243164,0.0,123.6142349243164
4,0.0003000000142492354,35959,124.98625183105469,0.0,124.98625183105469
4,0.0003000000142492354,35969,112.96450805664062,0.0,112.96450805664062
4,0.0003000000142492354,35979,120.6772689819336,0.0,120.6772689819336
4,0.0003000000142492354,35989,126.44905090332031,0.0,126.44905090332031
4,0.0003000000142492354,35999,130.74371337890625,0.0,130.74371337890625
4,0.0003000000142492354,36009,144.33450317382812,0.0,144.33450317382812
4,0.0003000000142492354,36019,114.06832122802734,0.0,114.06832122802734
4,0.0003000000142492354,36029,126.84678649902344,0.0,126.84678649902344
4,0.0003000000142492354,36039,124.30735778808594,0.0,124.30735778808594
4,0.0003000000142492354,36049,117.21083068847656,0.0,117.21083068847656
4,0.0003000000142492354,36059,122.3499755859375,0.0,122.3499755859375
4,0.0003000000142492354,36069,124.95608520507812,0.0,124.95608520507812
4,0.0003000000142492354,36079,115.51783752441406,0.0,115.51783752441406
4,0.0003000000142492354,36089,122.44176483154297,0.0,122.44176483154297
4,0.0003000000142492354,36099,124.5975341796875,0.0,124.5975341796875
4,0.0003000000142492354,36109,122.40890502929688,0.0,122.40890502929688
4,0.0003000000142492354,36119,121.32538604736328,0.0,121.32538604736328
4,0.0003000000142492354,36129,141.77200317382812,0.0,141.77200317382812
4,0.0003000000142492354,36139,111.54666137695312,0.0,111.54666137695312
4,0.0003000000142492354,36149,116.59219360351562,0.0,116.59219360351562
4,0.0003000000142492354,36159,105.57437133789062,0.0,105.57437133789062
4,0.0003000000142492354,36169,126.52429962158203,0.0,126.52429962158203
4,0.0003000000142492354,36179,121.00993347167969,0.0,121.00993347167969
4,0.0003000000142492354,36189,115.67527770996094,0.0,115.67527770996094
4,0.0003000000142492354,36199,109.68354797363281,0.0,109.68354797363281
4,0.0003000000142492354,36209,137.1764373779297,0.0,137.1764373779297
4,0.0003000000142492354,36219,136.08935546875,0.0,136.08935546875
4,0.0003000000142492354,36229,124.09687042236328,0.0,124.09687042236328
4,0.0003000000142492354,36239,130.63450622558594,0.0,130.63450622558594
4,0.0003000000142492354,36249,120.1800308227539,0.0,120.1800308227539
4,0.0003000000142492354,36259,143.48471069335938,0.0,143.48471069335938
4,0.0003000000142492354,36269,118.17935943603516,0.0,118.17935943603516
4,0.0003000000142492354,36279,124.60269927978516,0.0,124.60269927978516
4,0.0003000000142492354,36289,132.235595703125,0.0,132.235595703125
4,0.0003000000142492354,36299,125.34658813476562,0.0,125.34658813476562
4,0.0003000000142492354,36309,127.14936065673828,0.0,127.14936065673828
4,0.0003000000142492354,36319,129.06390380859375,0.0,129.06390380859375
4,0.0003000000142492354,36329,115.46833801269531,0.0,115.46833801269531
4,0.0003000000142492354,36339,110.46006774902344,0.0,110.46006774902344
4,0.0003000000142492354,36349,115.07666015625,0.0,115.07666015625
4,0.0003000000142492354,36359,144.12136840820312,0.0,144.12136840820312
4,0.0003000000142492354,36369,134.9914093017578,0.0,134.9914093017578
4,0.0003000000142492354,36379,125.60787963867188,0.0,125.60787963867188
4,0.0003000000142492354,36389,116.00923156738281,0.0,116.00923156738281
4,0.0003000000142492354,36399,129.98745727539062,0.0,129.98745727539062
4,0.0003000000142492354,36409,128.16098022460938,0.0,128.16098022460938
4,0.0003000000142492354,36419,121.50564575195312,0.0,121.50564575195312
4,0.0003000000142492354,36429,103.48149108886719,0.0,103.48149108886719
4,0.0003000000142492354,36439,128.62246704101562,0.0,128.62246704101562
4,0.0003000000142492354,36449,115.4734115600586,0.0,115.4734115600586
4,0.0003000000142492354,36459,118.74668884277344,0.0,118.74668884277344
4,0.0003000000142492354,36469,128.21969604492188,0.0,128.21969604492188
4,0.0003000000142492354,36479,134.82427978515625,0.0,134.82427978515625
4,0.0003000000142492354,36489,119.03913879394531,0.0,119.03913879394531
4,0.0003000000142492354,36499,117.8248519897461,0.0,117.8248519897461
4,0.0003000000142492354,36509,132.50054931640625,0.0,132.50054931640625
4,0.0003000000142492354,36519,116.79338073730469,0.0,116.79338073730469
4,0.0003000000142492354,36529,113.88728332519531,0.0,113.88728332519531
4,0.0003000000142492354,36539,122.19579315185547,0.0,122.19579315185547
4,0.0003000000142492354,36549,129.00619506835938,0.0,129.00619506835938
4,0.0003000000142492354,36559,118.68447875976562,0.0,118.68447875976562
4,0.0003000000142492354,36569,129.58175659179688,0.0,129.58175659179688
4,0.0003000000142492354,36579,126.80180358886719,0.0,126.80180358886719
4,0.0003000000142492354,36589,119.4913330078125,0.0,119.4913330078125
4,0.0003000000142492354,36599,120.39542388916016,0.0,120.39542388916016
4,0.0003000000142492354,36609,115.35973358154297,0.0,115.35973358154297
4,0.0003000000142492354,36619,117.14598083496094,0.0,117.14598083496094
4,0.0003000000142492354,36629,130.83795166015625,0.0,130.83795166015625
4,0.0003000000142492354,36639,133.916748046875,0.0,133.916748046875
4,0.0003000000142492354,36649,112.14900970458984,0.0,112.14900970458984
4,0.0003000000142492354,36659,114.32521057128906,0.0,114.32521057128906
4,0.0003000000142492354,36669,117.24217224121094,0.0,117.24217224121094
4,0.0003000000142492354,36679,116.3953857421875,0.0,116.3953857421875
4,0.0003000000142492354,36689,135.55787658691406,0.0,135.55787658691406
4,0.0003000000142492354,36699,129.72506713867188,0.0,129.72506713867188
4,0.0003000000142492354,36709,111.16026306152344,0.0,111.16026306152344
4,0.0003000000142492354,36719,112.76140594482422,0.0,112.76140594482422
4,0.0003000000142492354,36729,116.1915054321289,0.0,116.1915054321289
4,0.0003000000142492354,36739,126.75012969970703,0.0,126.75012969970703
4,0.0003000000142492354,36749,129.11642456054688,0.0,129.11642456054688
4,0.0003000000142492354,36759,135.90997314453125,0.0,135.90997314453125
4,0.0003000000142492354,36769,132.56993103027344,0.0,132.56993103027344
4,0.0003000000142492354,36779,112.2324447631836,0.0,112.2324447631836
4,0.0003000000142492354,36789,125.46700286865234,0.0,125.46700286865234
4,0.0003000000142492354,36799,139.44761657714844,0.0,139.44761657714844
4,0.0003000000142492354,36809,121.01332092285156,0.0,121.01332092285156
4,0.0003000000142492354,36819,131.46136474609375,0.0,131.46136474609375
4,0.0003000000142492354,36829,117.47130584716797,0.0,117.47130584716797
4,0.0003000000142492354,36839,120.51553344726562,0.0,120.51553344726562
4,0.0003000000142492354,36849,112.98251342773438,0.0,112.98251342773438
4,0.0003000000142492354,36859,136.65628051757812,0.0,136.65628051757812
4,0.0003000000142492354,36869,122.90583038330078,0.0,122.90583038330078
4,0.0003000000142492354,36879,145.3303985595703,0.0,145.3303985595703
4,0.0003000000142492354,36889,112.32080078125,0.0,112.32080078125
4,0.0003000000142492354,36899,133.6649169921875,0.0,133.6649169921875
4,0.0003000000142492354,36909,111.2401123046875,0.0,111.2401123046875
4,0.0003000000142492354,36919,118.39557647705078,0.0,118.39557647705078
4,0.0003000000142492354,36929,101.8903579711914,0.0,101.8903579711914
4,0.0003000000142492354,36939,115.6786117553711,0.0,115.6786117553711
4,0.0003000000142492354,36949,114.29655456542969,0.0,114.29655456542969
4,0.0003000000142492354,36959,113.49115753173828,0.0,113.49115753173828
4,0.0003000000142492354,36969,122.77647399902344,0.0,122.77647399902344
4,0.0003000000142492354,36979,128.18560791015625,0.0,128.18560791015625
4,0.0003000000142492354,36989,110.82775115966797,0.0,110.82775115966797
4,0.0003000000142492354,36999,114.8994140625,0.0,114.8994140625
4,0.0003000000142492354,37009,128.25994873046875,0.0,128.25994873046875
4,0.0003000000142492354,37019,117.40528106689453,0.0,117.40528106689453
4,0.0003000000142492354,37029,124.92451477050781,0.0,124.92451477050781
4,0.0003000000142492354,37039,117.35844421386719,0.0,117.35844421386719
4,0.0003000000142492354,37049,125.12138366699219,0.0,125.12138366699219
4,0.0003000000142492354,37059,126.82015228271484,0.0,126.82015228271484
4,0.0003000000142492354,37069,127.89047241210938,0.0,127.89047241210938
4,0.0003000000142492354,37079,116.80844116210938,0.0,116.80844116210938
4,0.0003000000142492354,37089,126.36299896240234,0.0,126.36299896240234
4,0.0003000000142492354,37099,110.77692413330078,0.0,110.77692413330078
4,0.0003000000142492354,37109,131.80722045898438,0.0,131.80722045898438
4,0.0003000000142492354,37119,110.33921813964844,0.0,110.33921813964844
4,0.0003000000142492354,37129,123.9426040649414,0.0,123.9426040649414
4,0.0003000000142492354,37139,126.19444274902344,0.0,126.19444274902344
4,0.0003000000142492354,37149,125.70838928222656,0.0,125.70838928222656
4,0.0003000000142492354,37159,120.38778686523438,0.0,120.38778686523438
4,0.0003000000142492354,37169,123.78314208984375,0.0,123.78314208984375
4,0.0003000000142492354,37179,129.1282958984375,0.0,129.1282958984375
4,0.0003000000142492354,37189,122.38243103027344,0.0,122.38243103027344
4,0.0003000000142492354,37199,125.28009033203125,0.0,125.28009033203125
4,0.0003000000142492354,37209,121.04527282714844,0.0,121.04527282714844
4,0.0003000000142492354,37219,125.60311889648438,0.0,125.60311889648438
4,0.0003000000142492354,37229,131.59434509277344,0.0,131.59434509277344
4,0.0003000000142492354,37239,125.58952331542969,0.0,125.58952331542969
4,0.0003000000142492354,37249,104.2537841796875,0.0,104.2537841796875
4,0.0003000000142492354,37259,110.74232482910156,0.0,110.74232482910156
4,0.0003000000142492354,37269,116.40765380859375,0.0,116.40765380859375
4,0.0003000000142492354,37279,120.2148666381836,0.0,120.2148666381836
4,0.0003000000142492354,37289,119.47607421875,0.0,119.47607421875
4,0.0003000000142492354,37299,135.2576141357422,0.0,135.2576141357422
4,0.0003000000142492354,37309,114.24982452392578,0.0,114.24982452392578
4,0.0003000000142492354,37319,122.62439727783203,0.0,122.62439727783203
4,0.0003000000142492354,37329,108.41365051269531,0.0,108.41365051269531
4,0.0003000000142492354,37339,115.1525650024414,0.0,115.1525650024414
4,0.0003000000142492354,37349,118.99412536621094,0.0,118.99412536621094
4,0.0003000000142492354,37359,116.36506652832031,0.0,116.36506652832031
4,0.0003000000142492354,37369,112.6995620727539,0.0,112.6995620727539
4,0.0003000000142492354,37379,133.97569274902344,0.0,133.97569274902344
4,0.0003000000142492354,37389,124.7547378540039,0.0,124.7547378540039
4,0.0003000000142492354,37399,119.29357147216797,0.0,119.29357147216797
4,0.0003000000142492354,37409,122.03804016113281,0.0,122.03804016113281
4,0.0003000000142492354,37419,131.40240478515625,0.0,131.40240478515625
4,0.0003000000142492354,37429,118.28204345703125,0.0,118.28204345703125
4,0.0003000000142492354,37439,114.87771606445312,0.0,114.87771606445312
4,0.0003000000142492354,37449,109.95033264160156,0.0,109.95033264160156
4,0.0003000000142492354,37459,121.61956787109375,0.0,121.61956787109375
4,0.0003000000142492354,37469,124.85609436035156,0.0,124.85609436035156
4,0.0003000000142492354,37479,121.45315551757812,0.0,121.45315551757812
4,0.0003000000142492354,37489,121.893310546875,0.0,121.893310546875
4,0.0003000000142492354,37499,123.45661926269531,0.0,123.45661926269531
4,0.0003000000142492354,37509,134.64791870117188,0.0,134.64791870117188
4,0.0003000000142492354,37519,132.0224609375,0.0,132.0224609375
4,0.0003000000142492354,37529,118.44448852539062,0.0,118.44448852539062
4,0.0003000000142492354,37539,120.81619262695312,0.0,120.81619262695312
4,0.0003000000142492354,37549,116.49943542480469,0.0,116.49943542480469
4,0.0003000000142492354,37559,117.8641357421875,0.0,117.8641357421875
4,0.0003000000142492354,37569,128.20619201660156,0.0,128.20619201660156
4,0.0003000000142492354,37579,146.57261657714844,0.0,146.57261657714844
4,0.0003000000142492354,37589,132.23699951171875,0.0,132.23699951171875
4,0.0003000000142492354,37599,114.5474853515625,0.0,114.5474853515625
4,0.0003000000142492354,37609,111.90846252441406,0.0,111.90846252441406
4,0.0003000000142492354,37619,128.34588623046875,0.0,128.34588623046875
4,0.0003000000142492354,37629,113.49337005615234,0.0,113.49337005615234
4,0.0003000000142492354,37639,125.98158264160156,0.0,125.98158264160156
4,0.0003000000142492354,37649,129.17587280273438,0.0,129.17587280273438
4,0.0003000000142492354,37659,135.51768493652344,0.0,135.51768493652344
4,0.0003000000142492354,37669,111.85261535644531,0.0,111.85261535644531
4,0.0003000000142492354,37679,125.89567565917969,0.0,125.89567565917969
4,0.0003000000142492354,37689,123.93960571289062,0.0,123.93960571289062
4,0.0003000000142492354,37699,111.60685729980469,0.0,111.60685729980469
4,0.0003000000142492354,37709,122.30374145507812,0.0,122.30374145507812
4,0.0003000000142492354,37719,113.09271240234375,0.0,113.09271240234375
4,0.0003000000142492354,37729,117.32852172851562,0.0,117.32852172851562
4,0.0003000000142492354,37739,142.41644287109375,0.0,142.41644287109375
4,0.0003000000142492354,37749,110.82522583007812,0.0,110.82522583007812
4,0.0003000000142492354,37759,114.61250305175781,0.0,114.61250305175781
4,0.0003000000142492354,37769,121.02088165283203,0.0,121.02088165283203
4,0.0003000000142492354,37779,128.1160430908203,0.0,128.1160430908203
4,0.0003000000142492354,37789,114.36732482910156,0.0,114.36732482910156
4,0.0003000000142492354,37799,110.37396240234375,0.0,110.37396240234375
4,0.0003000000142492354,37809,124.51887512207031,0.0,124.51887512207031
4,0.0003000000142492354,37819,119.63528442382812,0.0,119.63528442382812
4,0.0003000000142492354,37829,117.31327819824219,0.0,117.31327819824219
4,0.0003000000142492354,37839,116.79338836669922,0.0,116.79338836669922
4,0.0003000000142492354,37849,126.60617065429688,0.0,126.60617065429688
4,0.0003000000142492354,37859,117.3489990234375,0.0,117.3489990234375
4,0.0003000000142492354,37869,135.70852661132812,0.0,135.70852661132812
4,0.0003000000142492354,37879,115.62535095214844,0.0,115.62535095214844
4,0.0003000000142492354,37889,132.5423583984375,0.0,132.5423583984375
4,0.0003000000142492354,37899,125.66686248779297,0.0,125.66686248779297
4,0.0003000000142492354,37909,121.52381896972656,0.0,121.52381896972656
4,0.0003000000142492354,37919,101.64036560058594,0.0,101.64036560058594
4,0.0003000000142492354,37929,126.0055160522461,0.0,126.0055160522461
4,0.0003000000142492354,37939,116.80978393554688,0.0,116.80978393554688
4,0.0003000000142492354,37949,130.01171875,0.0,130.01171875
4,0.0003000000142492354,37959,122.57002258300781,0.0,122.57002258300781
4,0.0003000000142492354,37969,130.62368774414062,0.0,130.62368774414062
4,0.0003000000142492354,37979,125.64044189453125,0.0,125.64044189453125
4,0.0003000000142492354,37989,105.74988555908203,0.0,105.74988555908203
4,0.0003000000142492354,37999,111.75341796875,0.0,111.75341796875
4,0.0003000000142492354,38009,118.18896484375,0.0,118.18896484375
4,0.0003000000142492354,38019,124.93460083007812,0.0,124.93460083007812
4,0.0003000000142492354,38029,111.46717834472656,0.0,111.46717834472656
4,0.0003000000142492354,38039,138.3075408935547,0.0,138.3075408935547
4,0.0003000000142492354,38049,126.02237701416016,0.0,126.02237701416016
4,0.0003000000142492354,38059,126.10591888427734,0.0,126.10591888427734
4,0.0003000000142492354,38069,118.43553161621094,0.0,118.43553161621094
4,0.0003000000142492354,38079,107.81204223632812,0.0,107.81204223632812
4,0.0003000000142492354,38089,114.80854797363281,0.0,114.80854797363281
4,0.0003000000142492354,38099,113.77363586425781,0.0,113.77363586425781
4,0.0003000000142492354,38109,122.49334716796875,0.0,122.49334716796875
4,0.0003000000142492354,38119,111.437744140625,0.0,111.437744140625
4,0.0003000000142492354,38129,125.95431518554688,0.0,125.95431518554688
4,0.0003000000142492354,38139,133.67404174804688,0.0,133.67404174804688
4,0.0003000000142492354,38149,124.98764038085938,0.0,124.98764038085938
4,0.0003000000142492354,38159,124.81600189208984,0.0,124.81600189208984
4,0.0003000000142492354,38169,114.9654541015625,0.0,114.9654541015625
4,0.0003000000142492354,38179,108.25851440429688,0.0,108.25851440429688
4,0.0003000000142492354,38189,108.78303527832031,0.0,108.78303527832031
4,0.0003000000142492354,38199,108.15037536621094,0.0,108.15037536621094
4,0.0003000000142492354,38209,123.3632583618164,0.0,123.3632583618164
4,0.0003000000142492354,38219,132.72926330566406,0.0,132.72926330566406
4,0.0003000000142492354,38229,122.39005279541016,0.0,122.39005279541016
4,0.0003000000142492354,38239,119.57205200195312,0.0,119.57205200195312
4,0.0003000000142492354,38249,119.44136810302734,0.0,119.44136810302734
4,0.0003000000142492354,38259,108.06463623046875,0.0,108.06463623046875
4,0.0003000000142492354,38269,118.34151458740234,0.0,118.34151458740234
4,0.0003000000142492354,38279,113.4878921508789,0.0,113.4878921508789
4,0.0003000000142492354,38289,124.23912811279297,0.0,124.23912811279297
4,0.0003000000142492354,38299,113.19652557373047,0.0,113.19652557373047
4,0.0003000000142492354,38309,126.24942016601562,0.0,126.24942016601562
4,0.0003000000142492354,38319,119.47161865234375,0.0,119.47161865234375
4,0.0003000000142492354,38329,129.36019897460938,0.0,129.36019897460938
4,0.0003000000142492354,38339,122.61453247070312,0.0,122.61453247070312
4,0.0003000000142492354,38349,118.59093475341797,0.0,118.59093475341797
4,0.0003000000142492354,38359,131.10264587402344,0.0,131.10264587402344
4,0.0003000000142492354,38369,132.69366455078125,0.0,132.69366455078125
4,0.0003000000142492354,38379,125.2249755859375,0.0,125.2249755859375
4,0.0003000000142492354,38389,118.62092590332031,0.0,118.62092590332031
4,0.0003000000142492354,38399,122.23847961425781,0.0,122.23847961425781
4,0.0003000000142492354,38409,109.70992279052734,0.0,109.70992279052734
4,0.0003000000142492354,38419,117.52668762207031,0.0,117.52668762207031
4,0.0003000000142492354,38429,127.17045593261719,0.0,127.17045593261719
4,0.0003000000142492354,38439,119.10961151123047,0.0,119.10961151123047
4,0.0003000000142492354,38449,116.8968734741211,0.0,116.8968734741211
4,0.0003000000142492354,38459,114.19661712646484,0.0,114.19661712646484
4,0.0003000000142492354,38469,127.12753295898438,0.0,127.12753295898438
4,0.0003000000142492354,38479,110.73143005371094,0.0,110.73143005371094
4,0.0003000000142492354,38489,108.81038665771484,0.0,108.81038665771484
4,0.0003000000142492354,38499,119.081787109375,0.0,119.081787109375
4,0.0003000000142492354,38509,113.10516357421875,0.0,113.10516357421875
4,0.0003000000142492354,38519,130.0666046142578,0.0,130.0666046142578
4,0.0003000000142492354,38529,122.42294311523438,0.0,122.42294311523438
4,0.0003000000142492354,38539,121.70452880859375,0.0,121.70452880859375
4,0.0003000000142492354,38549,112.66748809814453,0.0,112.66748809814453
4,0.0003000000142492354,38559,131.19509887695312,0.0,131.19509887695312
4,0.0003000000142492354,38569,125.9828109741211,0.0,125.9828109741211
4,0.0003000000142492354,38579,109.1336669921875,0.0,109.1336669921875
4,0.0003000000142492354,38589,132.47756958007812,0.0,132.47756958007812
4,0.0003000000142492354,38599,115.80630493164062,0.0,115.80630493164062
4,0.0003000000142492354,38609,100.27415466308594,0.0,100.27415466308594
4,0.0003000000142492354,38619,121.94866943359375,0.0,121.94866943359375
4,0.0003000000142492354,38629,106.20943450927734,0.0,106.20943450927734
4,0.0003000000142492354,38639,125.84799194335938,0.0,125.84799194335938
4,0.0003000000142492354,38649,125.97161865234375,0.0,125.97161865234375
4,0.0003000000142492354,38659,126.67961120605469,0.0,126.67961120605469
4,0.0003000000142492354,38669,118.191650390625,0.0,118.191650390625
4,0.0003000000142492354,38679,110.08839416503906,0.0,110.08839416503906
4,0.0003000000142492354,38689,113.12336730957031,0.0,113.12336730957031
4,0.0003000000142492354,38699,124.95609283447266,0.0,124.95609283447266
4,0.0003000000142492354,38709,126.15849304199219,0.0,126.15849304199219
4,0.0003000000142492354,38719,111.92054748535156,0.0,111.92054748535156
4,0.0003000000142492354,38729,118.54700469970703,0.0,118.54700469970703
4,0.0003000000142492354,38739,122.61956024169922,0.0,122.61956024169922
4,0.0003000000142492354,38749,122.26194763183594,0.0,122.26194763183594
4,0.0003000000142492354,38759,130.68829345703125,0.0,130.68829345703125
4,0.0003000000142492354,38769,118.6263198852539,0.0,118.6263198852539
4,0.0003000000142492354,38779,126.73421478271484,0.0,126.73421478271484
4,0.0003000000142492354,38789,119.58887481689453,0.0,119.58887481689453
4,0.0003000000142492354,38799,122.42628479003906,0.0,122.42628479003906
4,0.0003000000142492354,38809,127.40628814697266,0.0,127.40628814697266
4,0.0003000000142492354,38819,132.01034545898438,0.0,132.01034545898438
4,0.0003000000142492354,38829,115.10389709472656,0.0,115.10389709472656
4,0.0003000000142492354,38839,115.43011474609375,0.0,115.43011474609375
4,0.0003000000142492354,38849,111.05062866210938,0.0,111.05062866210938
4,0.0003000000142492354,38859,127.52710723876953,0.0,127.52710723876953
4,0.0003000000142492354,38869,121.89144897460938,0.0,121.89144897460938
4,0.0003000000142492354,38879,121.33222961425781,0.0,121.33222961425781
4,0.0003000000142492354,38889,114.89484405517578,0.0,114.89484405517578
4,0.0003000000142492354,38899,121.97479248046875,0.0,121.97479248046875
4,0.0003000000142492354,38909,125.9781494140625,0.0,125.9781494140625
4,0.0003000000142492354,38919,131.70523071289062,0.0,131.70523071289062
4,0.0003000000142492354,38929,135.27723693847656,0.0,135.27723693847656
4,0.0003000000142492354,38939,127.833740234375,0.0,127.833740234375
4,0.0003000000142492354,38949,115.70883178710938,0.0,115.70883178710938
4,0.0003000000142492354,38959,129.9620819091797,0.0,129.9620819091797
4,0.0003000000142492354,38969,115.73348999023438,0.0,115.73348999023438
4,0.0003000000142492354,38979,123.78752136230469,0.0,123.78752136230469
4,0.0003000000142492354,38989,132.86643981933594,0.0,132.86643981933594
4,0.0003000000142492354,38999,116.62635040283203,0.0,116.62635040283203
4,0.0003000000142492354,39009,120.89624786376953,0.0,120.89624786376953
4,0.0003000000142492354,39019,120.27571105957031,0.0,120.27571105957031
4,0.0003000000142492354,39029,134.98919677734375,0.0,134.98919677734375
4,0.0003000000142492354,39039,121.3052749633789,0.0,121.3052749633789
4,0.0003000000142492354,39049,122.64601135253906,0.0,122.64601135253906
4,0.0003000000142492354,39059,121.12289428710938,0.0,121.12289428710938
4,0.0003000000142492354,39069,108.18517303466797,0.0,108.18517303466797
4,0.0003000000142492354,39079,118.28096008300781,0.0,118.28096008300781
4,0.0003000000142492354,39089,124.49893188476562,0.0,124.49893188476562
4,0.0003000000142492354,39099,119.26659393310547,0.0,119.26659393310547
4,0.0003000000142492354,39109,102.21699523925781,0.0,102.21699523925781
4,0.0003000000142492354,39119,111.65982055664062,0.0,111.65982055664062
4,0.0003000000142492354,39129,129.67344665527344,0.0,129.67344665527344
4,0.0003000000142492354,39139,117.26545715332031,0.0,117.26545715332031
4,0.0003000000142492354,39149,136.48275756835938,0.0,136.48275756835938
4,0.0003000000142492354,39159,128.78427124023438,0.0,128.78427124023438
4,0.0003000000142492354,39169,131.15467834472656,0.0,131.15467834472656
4,0.0003000000142492354,39179,125.01812744140625,0.0,125.01812744140625
4,0.0003000000142492354,39189,121.62353515625,0.0,121.62353515625
4,0.0003000000142492354,39199,117.991943359375,0.0,117.991943359375
4,0.0003000000142492354,39209,127.9176254272461,0.0,127.9176254272461
4,0.0003000000142492354,39219,124.68540954589844,0.0,124.68540954589844
4,0.0003000000142492354,39229,118.70808410644531,0.0,118.70808410644531
4,0.0003000000142492354,39239,118.15521240234375,0.0,118.15521240234375
4,0.0003000000142492354,39249,121.16825866699219,0.0,121.16825866699219
4,0.0003000000142492354,39259,115.12028503417969,0.0,115.12028503417969
4,0.0003000000142492354,39269,110.8227767944336,0.0,110.8227767944336
4,0.0003000000142492354,39279,131.57049560546875,0.0,131.57049560546875
4,0.0003000000142492354,39289,113.96155548095703,0.0,113.96155548095703
4,0.0003000000142492354,39299,131.3733673095703,0.0,131.3733673095703
4,0.0003000000142492354,39309,138.63888549804688,0.0,138.63888549804688
4,0.0003000000142492354,39319,137.93984985351562,0.0,137.93984985351562
4,0.0003000000142492354,39329,122.66970825195312,0.0,122.66970825195312
4,0.0003000000142492354,39339,129.12342834472656,0.0,129.12342834472656
4,0.0003000000142492354,39349,121.7148208618164,0.0,121.7148208618164
4,0.0003000000142492354,39359,132.45611572265625,0.0,132.45611572265625
4,0.0003000000142492354,39369,122.58880615234375,0.0,122.58880615234375
4,0.0003000000142492354,39379,120.18319702148438,0.0,120.18319702148438
4,0.0003000000142492354,39389,121.77410888671875,0.0,121.77410888671875
4,0.0003000000142492354,39399,128.95358276367188,0.0,128.95358276367188
4,0.0003000000142492354,39409,120.32412719726562,0.0,120.32412719726562
4,0.0003000000142492354,39419,121.20987701416016,0.0,121.20987701416016
4,0.0003000000142492354,39429,121.67854309082031,0.0,121.67854309082031
4,0.0003000000142492354,39439,117.43357849121094,0.0,117.43357849121094
4,0.0003000000142492354,39449,133.4052734375,0.0,133.4052734375
4,0.0003000000142492354,39459,114.54794311523438,0.0,114.54794311523438
4,0.0003000000142492354,39469,133.90611267089844,0.0,133.90611267089844
4,0.0003000000142492354,39479,109.32304382324219,0.0,109.32304382324219
4,0.0003000000142492354,39489,115.00669860839844,0.0,115.00669860839844
4,0.0003000000142492354,39499,115.36228942871094,0.0,115.36228942871094
4,0.0003000000142492354,39509,106.78911590576172,0.0,106.78911590576172
4,0.0003000000142492354,39519,119.2478256225586,0.0,119.2478256225586
4,0.0003000000142492354,39529,118.29058074951172,0.0,118.29058074951172
4,0.0003000000142492354,39539,135.11444091796875,0.0,135.11444091796875
4,0.0003000000142492354,39549,121.03974914550781,0.0,121.03974914550781
4,0.0003000000142492354,39559,119.1032485961914,0.0,119.1032485961914
4,0.0003000000142492354,39569,113.10014343261719,0.0,113.10014343261719
4,0.0003000000142492354,39579,115.258544921875,0.0,115.258544921875
4,0.0003000000142492354,39589,132.93057250976562,0.0,132.93057250976562
4,0.0003000000142492354,39599,129.6554718017578,0.0,129.6554718017578
4,0.0003000000142492354,39609,115.96745300292969,0.0,115.96745300292969
4,0.0003000000142492354,39619,122.03965759277344,0.0,122.03965759277344
4,0.0003000000142492354,39629,129.44027709960938,0.0,129.44027709960938
4,0.0003000000142492354,39639,117.9293212890625,0.0,117.9293212890625
4,0.0003000000142492354,39649,107.82499694824219,0.0,107.82499694824219
4,0.0003000000142492354,39659,107.05242919921875,0.0,107.05242919921875
4,0.0003000000142492354,39669,119.03863525390625,0.0,119.03863525390625
4,0.0003000000142492354,39679,127.38772583007812,0.0,127.38772583007812
4,0.0003000000142492354,39689,115.14897155761719,0.0,115.14897155761719
4,0.0003000000142492354,39699,138.55929565429688,0.0,138.55929565429688
4,0.0003000000142492354,39709,133.45989990234375,0.0,133.45989990234375
4,0.0003000000142492354,39719,139.32635498046875,0.0,139.32635498046875
4,0.0003000000142492354,39729,109.91908264160156,0.0,109.91908264160156
4,0.0003000000142492354,39739,117.39388275146484,0.0,117.39388275146484
4,0.0003000000142492354,39749,131.1008758544922,0.0,131.1008758544922
4,0.0003000000142492354,39759,143.21226501464844,0.0,143.21226501464844
4,0.0003000000142492354,39769,126.83248138427734,0.0,126.83248138427734
4,0.0003000000142492354,39779,127.98721313476562,0.0,127.98721313476562
4,0.0003000000142492354,39789,112.39698791503906,0.0,112.39698791503906
4,0.0003000000142492354,39799,115.05704498291016,0.0,115.05704498291016
4,0.0003000000142492354,39809,113.83061218261719,0.0,113.83061218261719
4,0.0003000000142492354,39819,120.17710876464844,0.0,120.17710876464844
4,0.0003000000142492354,39829,125.23751831054688,0.0,125.23751831054688
4,0.0003000000142492354,39839,115.36210632324219,0.0,115.36210632324219
4,0.0003000000142492354,39849,109.00369262695312,0.0,109.00369262695312
4,0.0003000000142492354,39859,139.634765625,0.0,139.634765625
4,0.0003000000142492354,39869,133.90138244628906,0.0,133.90138244628906
4,0.0003000000142492354,39879,114.44624328613281,0.0,114.44624328613281
4,0.0003000000142492354,39889,122.00741577148438,0.0,122.00741577148438
4,0.0003000000142492354,39899,131.93145751953125,0.0,131.93145751953125
4,0.0003000000142492354,39909,115.37155151367188,0.0,115.37155151367188
4,0.0003000000142492354,39919,137.57577514648438,0.0,137.57577514648438
4,0.0003000000142492354,39929,124.81779479980469,0.0,124.81779479980469
4,0.0003000000142492354,39939,110.48129272460938,0.0,110.48129272460938
4,0.0003000000142492354,39949,118.0926513671875,0.0,118.0926513671875
4,0.0003000000142492354,39959,123.98805236816406,0.0,123.98805236816406
4,0.0003000000142492354,39969,128.1724853515625,0.0,128.1724853515625
4,0.0003000000142492354,39979,107.20672607421875,0.0,107.20672607421875
4,0.0003000000142492354,39989,114.67300415039062,0.0,114.67300415039062
4,0.0003000000142492354,39999,127.0395736694336,0.0,127.0395736694336
4,0.0003000000142492354,40009,123.60713195800781,0.0,123.60713195800781
4,0.0003000000142492354,40019,128.51263427734375,0.0,128.51263427734375
4,0.0003000000142492354,40029,115.97142028808594,0.0,115.97142028808594
4,0.0003000000142492354,40039,112.77328491210938,0.0,112.77328491210938
4,0.0003000000142492354,40049,134.11024475097656,0.0,134.11024475097656
4,0.0003000000142492354,40059,143.92869567871094,0.0,143.92869567871094
4,0.0003000000142492354,40069,121.34254455566406,0.0,121.34254455566406
4,0.0003000000142492354,40079,134.05352783203125,0.0,134.05352783203125
4,0.0003000000142492354,40089,129.081787109375,0.0,129.081787109375
4,0.0003000000142492354,40099,132.47740173339844,0.0,132.47740173339844
4,0.0003000000142492354,40109,121.47979736328125,0.0,121.47979736328125
4,0.0003000000142492354,40119,121.4807357788086,0.0,121.4807357788086
4,0.0003000000142492354,40129,128.88711547851562,0.0,128.88711547851562
4,0.0003000000142492354,40139,111.33004760742188,0.0,111.33004760742188
4,0.0003000000142492354,40149,128.01669311523438,0.0,128.01669311523438
4,0.0003000000142492354,40159,125.42845916748047,0.0,125.42845916748047
4,0.0003000000142492354,40169,130.77798461914062,0.0,130.77798461914062
4,0.0003000000142492354,40179,120.93998718261719,0.0,120.93998718261719
4,0.0003000000142492354,40189,129.54501342773438,0.0,129.54501342773438
4,0.0003000000142492354,40199,120.95756530761719,0.0,120.95756530761719
4,0.0003000000142492354,40209,112.58766174316406,0.0,112.58766174316406
4,0.0003000000142492354,40219,122.96286010742188,0.0,122.96286010742188
4,0.0003000000142492354,40229,133.141357421875,0.0,133.141357421875
4,0.0003000000142492354,40239,122.26608276367188,0.0,122.26608276367188
4,0.0003000000142492354,40249,113.74645233154297,0.0,113.74645233154297
4,0.0003000000142492354,40259,119.35235595703125,0.0,119.35235595703125
4,0.0003000000142492354,40269,134.2498016357422,0.0,134.2498016357422
4,0.0003000000142492354,40279,118.49164581298828,0.0,118.49164581298828
4,0.0003000000142492354,40289,126.1352767944336,0.0,126.1352767944336
4,0.0003000000142492354,40299,110.89253234863281,0.0,110.89253234863281
4,0.0003000000142492354,40309,141.61721801757812,0.0,141.61721801757812
4,0.0003000000142492354,40319,114.2581787109375,0.0,114.2581787109375
4,0.0003000000142492354,40329,113.61967468261719,0.0,113.61967468261719
4,0.0003000000142492354,40339,129.94436645507812,0.0,129.94436645507812
4,0.0003000000142492354,40349,126.43635559082031,0.0,126.43635559082031
4,0.0003000000142492354,40359,126.60049438476562,0.0,126.60049438476562
4,0.0003000000142492354,40369,124.9940185546875,0.0,124.9940185546875
4,0.0003000000142492354,40379,124.78184509277344,0.0,124.78184509277344
4,0.0003000000142492354,40389,116.46656799316406,0.0,116.46656799316406
4,0.0003000000142492354,40399,134.55184936523438,0.0,134.55184936523438
4,0.0003000000142492354,40409,120.29316711425781,0.0,120.29316711425781
4,0.0003000000142492354,40419,142.73707580566406,0.0,142.73707580566406
4,0.0003000000142492354,40429,124.07861328125,0.0,124.07861328125
4,0.0003000000142492354,40439,129.78298950195312,0.0,129.78298950195312
4,0.0003000000142492354,40449,127.94234466552734,0.0,127.94234466552734
4,0.0003000000142492354,40459,138.8474884033203,0.0,138.8474884033203
4,0.0003000000142492354,40469,133.96932983398438,0.0,133.96932983398438
4,0.0003000000142492354,40479,126.67735290527344,0.0,126.67735290527344
4,0.0003000000142492354,40489,127.21588897705078,0.0,127.21588897705078
4,0.0003000000142492354,40499,124.06974029541016,0.0,124.06974029541016
4,0.0003000000142492354,40509,120.12666320800781,0.0,120.12666320800781
4,0.0003000000142492354,40519,120.82377624511719,0.0,120.82377624511719
4,0.0003000000142492354,40529,127.44512939453125,0.0,127.44512939453125
4,0.0003000000142492354,40539,123.00192260742188,0.0,123.00192260742188
4,0.0003000000142492354,40549,134.34286499023438,0.0,134.34286499023438
4,0.0003000000142492354,40559,109.73986053466797,0.0,109.73986053466797
4,0.0003000000142492354,40569,117.58891296386719,0.0,117.58891296386719
4,0.0003000000142492354,40579,117.01913452148438,0.0,117.01913452148438
4,0.0003000000142492354,40589,139.09400939941406,0.0,139.09400939941406
4,0.0003000000142492354,40599,111.7381362915039,0.0,111.7381362915039
4,0.0003000000142492354,40609,126.8132553100586,0.0,126.8132553100586
4,0.0003000000142492354,40619,140.0865478515625,0.0,140.0865478515625
4,0.0003000000142492354,40629,119.84588623046875,0.0,119.84588623046875
4,0.0003000000142492354,40639,126.20361328125,0.0,126.20361328125
4,0.0003000000142492354,40649,116.98822021484375,0.0,116.98822021484375
4,0.0003000000142492354,40659,123.15840911865234,0.0,123.15840911865234
4,0.0003000000142492354,40669,131.64166259765625,0.0,131.64166259765625
4,0.0003000000142492354,40679,128.81072998046875,0.0,128.81072998046875
4,0.0003000000142492354,40689,117.63300323486328,0.0,117.63300323486328
4,0.0003000000142492354,40699,111.63079833984375,0.0,111.63079833984375
4,0.0003000000142492354,40709,133.23135375976562,0.0,133.23135375976562
4,0.0003000000142492354,40719,123.83506774902344,0.0,123.83506774902344
4,0.0003000000142492354,40729,122.78152465820312,0.0,122.78152465820312
4,0.0003000000142492354,40739,117.01559448242188,0.0,117.01559448242188
4,0.0003000000142492354,40749,116.87904357910156,0.0,116.87904357910156
4,0.0003000000142492354,40759,129.90496826171875,0.0,129.90496826171875
4,0.0003000000142492354,40769,131.87554931640625,0.0,131.87554931640625
4,0.0003000000142492354,40779,106.10820770263672,0.0,106.10820770263672
4,0.0003000000142492354,40789,128.0827178955078,0.0,128.0827178955078
4,0.0003000000142492354,40799,133.1993408203125,0.0,133.1993408203125
4,0.0003000000142492354,40809,118.10716247558594,0.0,118.10716247558594
4,0.0003000000142492354,40819,113.96311950683594,0.0,113.96311950683594
4,0.0003000000142492354,40829,116.7023696899414,0.0,116.7023696899414
4,0.0003000000142492354,40839,116.45651245117188,0.0,116.45651245117188
4,0.0003000000142492354,40849,133.89227294921875,0.0,133.89227294921875
4,0.0003000000142492354,40859,135.43594360351562,0.0,135.43594360351562
4,0.0003000000142492354,40869,135.91421508789062,0.0,135.91421508789062
4,0.0003000000142492354,40879,132.91656494140625,0.0,132.91656494140625
4,0.0003000000142492354,40889,130.85574340820312,0.0,130.85574340820312
4,0.0003000000142492354,40899,119.0345458984375,0.0,119.0345458984375
4,0.0003000000142492354,40909,130.570556640625,0.0,130.570556640625
4,0.0003000000142492354,40919,124.6465835571289,0.0,124.6465835571289
4,0.0003000000142492354,40929,118.27725219726562,0.0,118.27725219726562
4,0.0003000000142492354,40939,129.61236572265625,0.0,129.61236572265625
4,0.0003000000142492354,40949,114.33313751220703,0.0,114.33313751220703
4,0.0003000000142492354,40959,113.07926940917969,0.0,113.07926940917969
4,0.0003000000142492354,40969,121.68492889404297,0.0,121.68492889404297
4,0.0003000000142492354,40979,125.19338989257812,0.0,125.19338989257812
4,0.0003000000142492354,40989,120.43997955322266,0.0,120.43997955322266
4,0.0003000000142492354,40999,126.30831909179688,0.0,126.30831909179688
4,0.0003000000142492354,41009,119.45323944091797,0.0,119.45323944091797
4,0.0003000000142492354,41019,111.56439208984375,0.0,111.56439208984375
4,0.0003000000142492354,41029,118.75938415527344,0.0,118.75938415527344
4,0.0003000000142492354,41039,120.30023193359375,0.0,120.30023193359375
4,0.0003000000142492354,41049,120.64091491699219,0.0,120.64091491699219
4,0.0003000000142492354,41059,133.04779052734375,0.0,133.04779052734375
4,0.0003000000142492354,41069,120.79134368896484,0.0,120.79134368896484
4,0.0003000000142492354,41079,118.09835815429688,0.0,118.09835815429688
4,0.0003000000142492354,41089,117.5787582397461,0.0,117.5787582397461
4,0.0003000000142492354,41099,125.41588592529297,0.0,125.41588592529297
4,0.0003000000142492354,41109,124.67304229736328,0.0,124.67304229736328
4,0.0003000000142492354,41119,129.29183959960938,0.0,129.29183959960938
4,0.0003000000142492354,41129,121.51187133789062,0.0,121.51187133789062
4,0.0003000000142492354,41139,123.87124633789062,0.0,123.87124633789062
4,0.0003000000142492354,41149,113.88259887695312,0.0,113.88259887695312
4,0.0003000000142492354,41159,123.30421447753906,0.0,123.30421447753906
4,0.0003000000142492354,41169,111.87889099121094,0.0,111.87889099121094
4,0.0003000000142492354,41179,131.41104125976562,0.0,131.41104125976562
4,0.0003000000142492354,41189,112.8148422241211,0.0,112.8148422241211
4,0.0003000000142492354,41199,123.45877075195312,0.0,123.45877075195312
4,0.0003000000142492354,41209,126.38209533691406,0.0,126.38209533691406
4,0.0003000000142492354,41219,138.61231994628906,0.0,138.61231994628906
4,0.0003000000142492354,41229,122.918701171875,0.0,122.918701171875
4,0.0003000000142492354,41239,118.63081359863281,0.0,118.63081359863281
4,0.0003000000142492354,41249,117.87982177734375,0.0,117.87982177734375
4,0.0003000000142492354,41259,127.2503662109375,0.0,127.2503662109375
4,0.0003000000142492354,41269,110.477294921875,0.0,110.477294921875
4,0.0003000000142492354,41279,110.39608764648438,0.0,110.39608764648438
