epoch,lr,step,train/cls_loss,train/jepa_loss,train_loss
0,0.0003000000142492354,9,124.3591537475586,0.0,124.3591537475586
0,0.0003000000142492354,19,121.19781494140625,0.0,121.19781494140625
0,0.0003000000142492354,29,116.60391998291016,0.0,116.60391998291016
0,0.0003000000142492354,39,128.7519989013672,0.0,128.7519989013672
0,0.0003000000142492354,49,123.56103515625,0.0,123.56103515625
0,0.0003000000142492354,59,113.32699584960938,0.0,113.32699584960938
0,0.0003000000142492354,69,113.01707458496094,0.0,113.01707458496094
0,0.0003000000142492354,79,118.47341918945312,0.0,118.47341918945312
0,0.0003000000142492354,89,132.05288696289062,0.0,132.05288696289062
0,0.0003000000142492354,99,141.86978149414062,0.0,141.86978149414062
0,0.0003000000142492354,109,140.9913330078125,0.0,140.9913330078125
0,0.0003000000142492354,119,135.61203002929688,0.0,135.61203002929688
0,0.0003000000142492354,129,121.70659637451172,0.0,121.70659637451172
0,0.0003000000142492354,139,116.09780883789062,0.0,116.09780883789062
0,0.0003000000142492354,149,124.22882080078125,0.0,124.22882080078125
0,0.0003000000142492354,159,134.0919189453125,0.0,134.0919189453125
0,0.0003000000142492354,169,134.5037384033203,0.0,134.5037384033203
0,0.0003000000142492354,179,138.0533447265625,0.0,138.0533447265625
0,0.0003000000142492354,189,115.22516632080078,0.0,115.22516632080078
0,0.0003000000142492354,199,153.13328552246094,0.0,153.13328552246094
0,0.0003000000142492354,209,130.3753204345703,0.0,130.3753204345703
0,0.0003000000142492354,219,110.34065246582031,0.0,110.34065246582031
0,0.0003000000142492354,229,118.60227966308594,0.0,118.60227966308594
0,0.0003000000142492354,239,118.80841064453125,0.0,118.80841064453125
0,0.0003000000142492354,249,138.328125,0.0,138.328125
0,0.0003000000142492354,259,144.73101806640625,0.0,144.73101806640625
0,0.0003000000142492354,269,127.36739349365234,0.0,127.36739349365234
0,0.0003000000142492354,279,132.04058837890625,0.0,132.04058837890625
0,0.0003000000142492354,289,116.88961791992188,0.0,116.88961791992188
0,0.0003000000142492354,299,115.10816955566406,0.0,115.10816955566406
0,0.0003000000142492354,309,134.24819946289062,0.0,134.24819946289062
0,0.0003000000142492354,319,113.1762924194336,0.0,113.1762924194336
0,0.0003000000142492354,329,127.23990631103516,0.0,127.23990631103516
0,0.0003000000142492354,339,116.3260726928711,0.0,116.3260726928711
0,0.0003000000142492354,349,118.0063705444336,0.0,118.0063705444336
0,0.0003000000142492354,359,124.60784912109375,0.0,124.60784912109375
0,0.0003000000142492354,369,131.99020385742188,0.0,131.99020385742188
0,0.0003000000142492354,379,134.19329833984375,0.0,134.19329833984375
0,0.0003000000142492354,389,119.23062133789062,0.0,119.23062133789062
0,0.0003000000142492354,399,118.48005676269531,0.0,118.48005676269531
0,0.0003000000142492354,409,132.72439575195312,0.0,132.72439575195312
0,0.0003000000142492354,419,120.43041229248047,0.0,120.43041229248047
0,0.0003000000142492354,429,130.30218505859375,0.0,130.30218505859375
0,0.0003000000142492354,439,120.24681091308594,0.0,120.24681091308594
0,0.0003000000142492354,449,121.41443634033203,0.0,121.41443634033203
0,0.0003000000142492354,459,131.37799072265625,0.0,131.37799072265625
0,0.0003000000142492354,469,134.4175262451172,0.0,134.4175262451172
0,0.0003000000142492354,479,125.56446838378906,0.0,125.56446838378906
0,0.0003000000142492354,489,112.9808120727539,0.0,112.9808120727539
0,0.0003000000142492354,499,117.9542007446289,0.0,117.9542007446289
0,0.0003000000142492354,509,115.83430480957031,0.0,115.83430480957031
0,0.0003000000142492354,519,113.91107940673828,0.0,113.91107940673828
0,0.0003000000142492354,529,121.99935913085938,0.0,121.99935913085938
0,0.0003000000142492354,539,119.85625457763672,0.0,119.85625457763672
0,0.0003000000142492354,549,116.43827056884766,0.0,116.43827056884766
0,0.0003000000142492354,559,106.51893615722656,0.0,106.51893615722656
0,0.0003000000142492354,569,139.39231872558594,0.0,139.39231872558594
0,0.0003000000142492354,579,142.181396484375,0.0,142.181396484375
0,0.0003000000142492354,589,139.9334716796875,0.0,139.9334716796875
0,0.0003000000142492354,599,122.97632598876953,0.0,122.97632598876953
0,0.0003000000142492354,609,116.36263275146484,0.0,116.36263275146484
0,0.0003000000142492354,619,143.98907470703125,0.0,143.98907470703125
0,0.0003000000142492354,629,127.36717987060547,0.0,127.36717987060547
0,0.0003000000142492354,639,113.63699340820312,0.0,113.63699340820312
0,0.0003000000142492354,649,121.81668090820312,0.0,121.81668090820312
0,0.0003000000142492354,659,114.77494812011719,0.0,114.77494812011719
0,0.0003000000142492354,669,105.14984893798828,0.0,105.14984893798828
0,0.0003000000142492354,679,106.66755676269531,0.0,106.66755676269531
0,0.0003000000142492354,689,115.82136535644531,0.0,115.82136535644531
0,0.0003000000142492354,699,126.33116912841797,0.0,126.33116912841797
0,0.0003000000142492354,709,123.3525161743164,0.0,123.3525161743164
0,0.0003000000142492354,719,115.37384033203125,0.0,115.37384033203125
0,0.0003000000142492354,729,127.76237487792969,0.0,127.76237487792969
0,0.0003000000142492354,739,110.23384857177734,0.0,110.23384857177734
0,0.0003000000142492354,749,117.10674285888672,0.0,117.10674285888672
0,0.0003000000142492354,759,107.9218978881836,0.0,107.9218978881836
0,0.0003000000142492354,769,121.26314544677734,0.0,121.26314544677734
0,0.0003000000142492354,779,111.370849609375,0.0,111.370849609375
0,0.0003000000142492354,789,122.62342071533203,0.0,122.62342071533203
0,0.0003000000142492354,799,141.26849365234375,0.0,141.26849365234375
0,0.0003000000142492354,809,110.93413543701172,0.0,110.93413543701172
0,0.0003000000142492354,819,120.97003173828125,0.0,120.97003173828125
0,0.0003000000142492354,829,107.36956787109375,0.0,107.36956787109375
0,0.0003000000142492354,839,121.37493896484375,0.0,121.37493896484375
0,0.0003000000142492354,849,111.78860473632812,0.0,111.78860473632812
0,0.0003000000142492354,859,137.446533203125,0.0,137.446533203125
0,0.0003000000142492354,869,122.02236938476562,0.0,122.02236938476562
0,0.0003000000142492354,879,129.295654296875,0.0,129.295654296875
0,0.0003000000142492354,889,118.2393569946289,0.0,118.2393569946289
0,0.0003000000142492354,899,113.15758514404297,0.0,113.15758514404297
0,0.0003000000142492354,909,120.32064819335938,0.0,120.32064819335938
0,0.0003000000142492354,919,112.77423095703125,0.0,112.77423095703125
0,0.0003000000142492354,929,121.47088623046875,0.0,121.47088623046875
0,0.0003000000142492354,939,116.48500061035156,0.0,116.48500061035156
0,0.0003000000142492354,949,134.27853393554688,0.0,134.27853393554688
0,0.0003000000142492354,959,112.31491088867188,0.0,112.31491088867188
0,0.0003000000142492354,969,115.56143188476562,0.0,115.56143188476562
0,0.0003000000142492354,979,124.22135162353516,0.0,124.22135162353516
0,0.0003000000142492354,989,134.73565673828125,0.0,134.73565673828125
0,0.0003000000142492354,999,118.05403900146484,0.0,118.05403900146484
0,0.0003000000142492354,1009,125.9272232055664,0.0,125.9272232055664
0,0.0003000000142492354,1019,131.5269317626953,0.0,131.5269317626953
0,0.0003000000142492354,1029,122.85690307617188,0.0,122.85690307617188
0,0.0003000000142492354,1039,113.83154296875,0.0,113.83154296875
0,0.0003000000142492354,1049,130.06756591796875,0.0,130.06756591796875
0,0.0003000000142492354,1059,137.39151000976562,0.0,137.39151000976562
0,0.0003000000142492354,1069,104.57579040527344,0.0,104.57579040527344
0,0.0003000000142492354,1079,127.96297454833984,0.0,127.96297454833984
0,0.0003000000142492354,1089,114.26355743408203,0.0,114.26355743408203
0,0.0003000000142492354,1099,127.31309509277344,0.0,127.31309509277344
0,0.0003000000142492354,1109,132.12046813964844,0.0,132.12046813964844
0,0.0003000000142492354,1119,108.31139373779297,0.0,108.31139373779297
0,0.0003000000142492354,1129,123.74268341064453,0.0,123.74268341064453
0,0.0003000000142492354,1139,117.26681518554688,0.0,117.26681518554688
0,0.0003000000142492354,1149,144.99374389648438,0.0,144.99374389648438
0,0.0003000000142492354,1159,107.3251953125,0.0,107.3251953125
0,0.0003000000142492354,1169,133.00900268554688,0.0,133.00900268554688
0,0.0003000000142492354,1179,122.79531860351562,0.0,122.79531860351562
0,0.0003000000142492354,1189,127.87107849121094,0.0,127.87107849121094
0,0.0003000000142492354,1199,130.53439331054688,0.0,130.53439331054688
0,0.0003000000142492354,1209,123.49433898925781,0.0,123.49433898925781
0,0.0003000000142492354,1219,117.40992736816406,0.0,117.40992736816406
0,0.0003000000142492354,1229,126.70758056640625,0.0,126.70758056640625
0,0.0003000000142492354,1239,119.49253845214844,0.0,119.49253845214844
0,0.0003000000142492354,1249,110.29879760742188,0.0,110.29879760742188
0,0.0003000000142492354,1259,121.48860931396484,0.0,121.48860931396484
0,0.0003000000142492354,1269,115.0548095703125,0.0,115.0548095703125
0,0.0003000000142492354,1279,116.7596664428711,0.0,116.7596664428711
0,0.0003000000142492354,1289,117.39905548095703,0.0,117.39905548095703
0,0.0003000000142492354,1299,129.99697875976562,0.0,129.99697875976562
0,0.0003000000142492354,1309,130.72781372070312,0.0,130.72781372070312
0,0.0003000000142492354,1319,121.5084228515625,0.0,121.5084228515625
0,0.0003000000142492354,1329,117.39495086669922,0.0,117.39495086669922
0,0.0003000000142492354,1339,118.79348754882812,0.0,118.79348754882812
0,0.0003000000142492354,1349,106.17977142333984,0.0,106.17977142333984
0,0.0003000000142492354,1359,119.38765716552734,0.0,119.38765716552734
0,0.0003000000142492354,1369,116.41239929199219,0.0,116.41239929199219
0,0.0003000000142492354,1379,127.27117156982422,0.0,127.27117156982422
0,0.0003000000142492354,1389,129.3113555908203,0.0,129.3113555908203
0,0.0003000000142492354,1399,138.5710906982422,0.0,138.5710906982422
0,0.0003000000142492354,1409,127.97433471679688,0.0,127.97433471679688
0,0.0003000000142492354,1419,134.2705078125,0.0,134.2705078125
0,0.0003000000142492354,1429,135.95883178710938,0.0,135.95883178710938
0,0.0003000000142492354,1439,117.11470031738281,0.0,117.11470031738281
0,0.0003000000142492354,1449,117.62127685546875,0.0,117.62127685546875
0,0.0003000000142492354,1459,121.02942657470703,0.0,121.02942657470703
0,0.0003000000142492354,1469,119.8127670288086,0.0,119.8127670288086
0,0.0003000000142492354,1479,141.53822326660156,0.0,141.53822326660156
0,0.0003000000142492354,1489,115.29374694824219,0.0,115.29374694824219
0,0.0003000000142492354,1499,119.774658203125,0.0,119.774658203125
0,0.0003000000142492354,1509,123.3136978149414,0.0,123.3136978149414
0,0.0003000000142492354,1519,125.52198791503906,0.0,125.52198791503906
0,0.0003000000142492354,1529,114.00114440917969,0.0,114.00114440917969
0,0.0003000000142492354,1539,119.17929077148438,0.0,119.17929077148438
0,0.0003000000142492354,1549,112.04371643066406,0.0,112.04371643066406
0,0.0003000000142492354,1559,122.15982818603516,0.0,122.15982818603516
0,0.0003000000142492354,1569,121.85548400878906,0.0,121.85548400878906
0,0.0003000000142492354,1579,119.90528869628906,0.0,119.90528869628906
0,0.0003000000142492354,1589,117.88133239746094,0.0,117.88133239746094
0,0.0003000000142492354,1599,128.05294799804688,0.0,128.05294799804688
0,0.0003000000142492354,1609,124.68939208984375,0.0,124.68939208984375
0,0.0003000000142492354,1619,132.00537109375,0.0,132.00537109375
0,0.0003000000142492354,1629,130.84698486328125,0.0,130.84698486328125
0,0.0003000000142492354,1639,128.73175048828125,0.0,128.73175048828125
0,0.0003000000142492354,1649,119.59031677246094,0.0,119.59031677246094
0,0.0003000000142492354,1659,132.49057006835938,0.0,132.49057006835938
0,0.0003000000142492354,1669,132.64358520507812,0.0,132.64358520507812
0,0.0003000000142492354,1679,140.96356201171875,0.0,140.96356201171875
0,0.0003000000142492354,1689,111.96514892578125,0.0,111.96514892578125
0,0.0003000000142492354,1699,112.14723205566406,0.0,112.14723205566406
0,0.0003000000142492354,1709,111.998046875,0.0,111.998046875
0,0.0003000000142492354,1719,139.72015380859375,0.0,139.72015380859375
0,0.0003000000142492354,1729,123.84506225585938,0.0,123.84506225585938
0,0.0003000000142492354,1739,122.62891387939453,0.0,122.62891387939453
0,0.0003000000142492354,1749,115.32283782958984,0.0,115.32283782958984
0,0.0003000000142492354,1759,124.36170959472656,0.0,124.36170959472656
0,0.0003000000142492354,1769,133.5513916015625,0.0,133.5513916015625
0,0.0003000000142492354,1779,121.46639251708984,0.0,121.46639251708984
0,0.0003000000142492354,1789,134.7288818359375,0.0,134.7288818359375
0,0.0003000000142492354,1799,132.18231201171875,0.0,132.18231201171875
0,0.0003000000142492354,1809,116.65162658691406,0.0,116.65162658691406
0,0.0003000000142492354,1819,117.38638305664062,0.0,117.38638305664062
0,0.0003000000142492354,1829,120.18855285644531,0.0,120.18855285644531
0,0.0003000000142492354,1839,126.64761352539062,0.0,126.64761352539062
0,0.0003000000142492354,1849,109.48818969726562,0.0,109.48818969726562
0,0.0003000000142492354,1859,116.44283294677734,0.0,116.44283294677734
0,0.0003000000142492354,1869,128.33935546875,0.0,128.33935546875
0,0.0003000000142492354,1879,114.18585205078125,0.0,114.18585205078125
0,0.0003000000142492354,1889,118.30008697509766,0.0,118.30008697509766
0,0.0003000000142492354,1899,121.5015640258789,0.0,121.5015640258789
0,0.0003000000142492354,1909,129.94384765625,0.0,129.94384765625
0,0.0003000000142492354,1919,103.01939392089844,0.0,103.01939392089844
0,0.0003000000142492354,1929,135.31442260742188,0.0,135.31442260742188
0,0.0003000000142492354,1939,126.84866333007812,0.0,126.84866333007812
0,0.0003000000142492354,1949,115.59365844726562,0.0,115.59365844726562
0,0.0003000000142492354,1959,131.685546875,0.0,131.685546875
0,0.0003000000142492354,1969,123.67102813720703,0.0,123.67102813720703
0,0.0003000000142492354,1979,118.85208129882812,0.0,118.85208129882812
0,0.0003000000142492354,1989,110.45970916748047,0.0,110.45970916748047
0,0.0003000000142492354,1999,125.81367492675781,0.0,125.81367492675781
0,0.0003000000142492354,2009,119.87802124023438,0.0,119.87802124023438
0,0.0003000000142492354,2019,118.27323150634766,0.0,118.27323150634766
0,0.0003000000142492354,2029,111.87183380126953,0.0,111.87183380126953
0,0.0003000000142492354,2039,144.8485565185547,0.0,144.8485565185547
0,0.0003000000142492354,2049,117.80386352539062,0.0,117.80386352539062
0,0.0003000000142492354,2059,124.41537475585938,0.0,124.41537475585938
0,0.0003000000142492354,2069,111.90763854980469,0.0,111.90763854980469
0,0.0003000000142492354,2079,116.45927429199219,0.0,116.45927429199219
0,0.0003000000142492354,2089,125.38424682617188,0.0,125.38424682617188
0,0.0003000000142492354,2099,123.77775573730469,0.0,123.77775573730469
0,0.0003000000142492354,2109,109.02452850341797,0.0,109.02452850341797
0,0.0003000000142492354,2119,123.12879943847656,0.0,123.12879943847656
0,0.0003000000142492354,2129,131.44100952148438,0.0,131.44100952148438
0,0.0003000000142492354,2139,122.2200698852539,0.0,122.2200698852539
0,0.0003000000142492354,2149,124.09031677246094,0.0,124.09031677246094
0,0.0003000000142492354,2159,137.04318237304688,0.0,137.04318237304688
0,0.0003000000142492354,2169,128.6103515625,0.0,128.6103515625
0,0.0003000000142492354,2179,127.63655090332031,0.0,127.63655090332031
0,0.0003000000142492354,2189,112.26797485351562,0.0,112.26797485351562
0,0.0003000000142492354,2199,124.86337280273438,0.0,124.86337280273438
0,0.0003000000142492354,2209,118.92987060546875,0.0,118.92987060546875
0,0.0003000000142492354,2219,114.25271606445312,0.0,114.25271606445312
0,0.0003000000142492354,2229,123.7993392944336,0.0,123.7993392944336
0,0.0003000000142492354,2239,130.79806518554688,0.0,130.79806518554688
0,0.0003000000142492354,2249,118.52786254882812,0.0,118.52786254882812
0,0.0003000000142492354,2259,136.070068359375,0.0,136.070068359375
0,0.0003000000142492354,2269,117.46044158935547,0.0,117.46044158935547
0,0.0003000000142492354,2279,125.61669921875,0.0,125.61669921875
0,0.0003000000142492354,2289,122.19100952148438,0.0,122.19100952148438
0,0.0003000000142492354,2299,122.49371337890625,0.0,122.49371337890625
0,0.0003000000142492354,2309,127.4813003540039,0.0,127.4813003540039
0,0.0003000000142492354,2319,116.89519500732422,0.0,116.89519500732422
0,0.0003000000142492354,2329,127.28730010986328,0.0,127.28730010986328
0,0.0003000000142492354,2339,121.93753051757812,0.0,121.93753051757812
0,0.0003000000142492354,2349,128.46414184570312,0.0,128.46414184570312
0,0.0003000000142492354,2359,114.40228271484375,0.0,114.40228271484375
0,0.0003000000142492354,2369,136.10812377929688,0.0,136.10812377929688
0,0.0003000000142492354,2379,123.84843444824219,0.0,123.84843444824219
0,0.0003000000142492354,2389,117.21405029296875,0.0,117.21405029296875
0,0.0003000000142492354,2399,134.7517852783203,0.0,134.7517852783203
0,0.0003000000142492354,2409,114.35847473144531,0.0,114.35847473144531
0,0.0003000000142492354,2419,111.6801986694336,0.0,111.6801986694336
0,0.0003000000142492354,2429,126.31169128417969,0.0,126.31169128417969
0,0.0003000000142492354,2439,122.77237701416016,0.0,122.77237701416016
0,0.0003000000142492354,2449,125.6800308227539,0.0,125.6800308227539
0,0.0003000000142492354,2459,126.15275573730469,0.0,126.15275573730469
0,0.0003000000142492354,2469,125.18071746826172,0.0,125.18071746826172
0,0.0003000000142492354,2479,106.66091918945312,0.0,106.66091918945312
0,0.0003000000142492354,2489,128.9945831298828,0.0,128.9945831298828
0,0.0003000000142492354,2499,124.47916412353516,0.0,124.47916412353516
0,0.0003000000142492354,2509,110.15389251708984,0.0,110.15389251708984
0,0.0003000000142492354,2519,137.50308227539062,0.0,137.50308227539062
0,0.0003000000142492354,2529,120.27816009521484,0.0,120.27816009521484
0,0.0003000000142492354,2539,109.8165054321289,0.0,109.8165054321289
0,0.0003000000142492354,2549,123.44707489013672,0.0,123.44707489013672
0,0.0003000000142492354,2559,122.34635925292969,0.0,122.34635925292969
0,0.0003000000142492354,2569,123.05992126464844,0.0,123.05992126464844
0,0.0003000000142492354,2579,125.46134948730469,0.0,125.46134948730469
0,0.0003000000142492354,2589,129.0465850830078,0.0,129.0465850830078
0,0.0003000000142492354,2599,124.90248107910156,0.0,124.90248107910156
0,0.0003000000142492354,2609,127.069580078125,0.0,127.069580078125
0,0.0003000000142492354,2619,117.05866241455078,0.0,117.05866241455078
0,0.0003000000142492354,2629,125.11297607421875,0.0,125.11297607421875
0,0.0003000000142492354,2639,116.48697662353516,0.0,116.48697662353516
0,0.0003000000142492354,2649,108.85519409179688,0.0,108.85519409179688
0,0.0003000000142492354,2659,124.40033721923828,0.0,124.40033721923828
0,0.0003000000142492354,2669,116.04405212402344,0.0,116.04405212402344
0,0.0003000000142492354,2679,132.78518676757812,0.0,132.78518676757812
0,0.0003000000142492354,2689,112.91188049316406,0.0,112.91188049316406
0,0.0003000000142492354,2699,115.97586059570312,0.0,115.97586059570312
0,0.0003000000142492354,2709,128.52574157714844,0.0,128.52574157714844
0,0.0003000000142492354,2719,111.72529602050781,0.0,111.72529602050781
0,0.0003000000142492354,2729,115.39689636230469,0.0,115.39689636230469
0,0.0003000000142492354,2739,115.36540222167969,0.0,115.36540222167969
0,0.0003000000142492354,2749,142.416748046875,0.0,142.416748046875
0,0.0003000000142492354,2759,126.11640930175781,0.0,126.11640930175781
0,0.0003000000142492354,2769,124.96340942382812,0.0,124.96340942382812
0,0.0003000000142492354,2779,114.40948486328125,0.0,114.40948486328125
0,0.0003000000142492354,2789,121.51223754882812,0.0,121.51223754882812
0,0.0003000000142492354,2799,139.6163330078125,0.0,139.6163330078125
0,0.0003000000142492354,2809,111.7388916015625,0.0,111.7388916015625
0,0.0003000000142492354,2819,142.22579956054688,0.0,142.22579956054688
0,0.0003000000142492354,2829,117.54008483886719,0.0,117.54008483886719
0,0.0003000000142492354,2839,110.46574401855469,0.0,110.46574401855469
0,0.0003000000142492354,2849,126.12244415283203,0.0,126.12244415283203
0,0.0003000000142492354,2859,111.95817565917969,0.0,111.95817565917969
0,0.0003000000142492354,2869,109.71931457519531,0.0,109.71931457519531
0,0.0003000000142492354,2879,105.56536102294922,0.0,105.56536102294922
0,0.0003000000142492354,2889,117.71373748779297,0.0,117.71373748779297
0,0.0003000000142492354,2899,125.8665771484375,0.0,125.8665771484375
0,0.0003000000142492354,2909,110.58059692382812,0.0,110.58059692382812
0,0.0003000000142492354,2919,122.66754913330078,0.0,122.66754913330078
0,0.0003000000142492354,2929,124.62702941894531,0.0,124.62702941894531
0,0.0003000000142492354,2939,122.44719696044922,0.0,122.44719696044922
0,0.0003000000142492354,2949,120.60577392578125,0.0,120.60577392578125
0,0.0003000000142492354,2959,128.79254150390625,0.0,128.79254150390625
0,0.0003000000142492354,2969,105.2498779296875,0.0,105.2498779296875
0,0.0003000000142492354,2979,107.76435852050781,0.0,107.76435852050781
0,0.0003000000142492354,2989,111.01005554199219,0.0,111.01005554199219
0,0.0003000000142492354,2999,127.5006103515625,0.0,127.5006103515625
0,0.0003000000142492354,3009,113.46324920654297,0.0,113.46324920654297
0,0.0003000000142492354,3019,115.17308807373047,0.0,115.17308807373047
0,0.0003000000142492354,3029,123.61888122558594,0.0,123.61888122558594
0,0.0003000000142492354,3039,117.54345703125,0.0,117.54345703125
0,0.0003000000142492354,3049,113.6058578491211,0.0,113.6058578491211
0,0.0003000000142492354,3059,128.45651245117188,0.0,128.45651245117188
0,0.0003000000142492354,3069,124.48857116699219,0.0,124.48857116699219
0,0.0003000000142492354,3079,105.71976470947266,0.0,105.71976470947266
0,0.0003000000142492354,3089,118.17182922363281,0.0,118.17182922363281
0,0.0003000000142492354,3099,120.04595947265625,0.0,120.04595947265625
0,0.0003000000142492354,3109,118.49745178222656,0.0,118.49745178222656
0,0.0003000000142492354,3119,131.60287475585938,0.0,131.60287475585938
0,0.0003000000142492354,3129,135.1781768798828,0.0,135.1781768798828
0,0.0003000000142492354,3139,119.69049072265625,0.0,119.69049072265625
0,0.0003000000142492354,3149,116.07527160644531,0.0,116.07527160644531
0,0.0003000000142492354,3159,115.41136169433594,0.0,115.41136169433594
0,0.0003000000142492354,3169,114.93980407714844,0.0,114.93980407714844
0,0.0003000000142492354,3179,112.55870056152344,0.0,112.55870056152344
0,0.0003000000142492354,3189,126.56420135498047,0.0,126.56420135498047
0,0.0003000000142492354,3199,110.15107727050781,0.0,110.15107727050781
0,0.0003000000142492354,3209,112.63026428222656,0.0,112.63026428222656
0,0.0003000000142492354,3219,129.90914916992188,0.0,129.90914916992188
0,0.0003000000142492354,3229,121.74028015136719,0.0,121.74028015136719
0,0.0003000000142492354,3239,118.5704345703125,0.0,118.5704345703125
0,0.0003000000142492354,3249,122.95158386230469,0.0,122.95158386230469
0,0.0003000000142492354,3259,132.54696655273438,0.0,132.54696655273438
0,0.0003000000142492354,3269,126.74916076660156,0.0,126.74916076660156
0,0.0003000000142492354,3279,114.66725158691406,0.0,114.66725158691406
0,0.0003000000142492354,3289,119.15082550048828,0.0,119.15082550048828
0,0.0003000000142492354,3299,115.3690185546875,0.0,115.3690185546875
0,0.0003000000142492354,3309,125.29403686523438,0.0,125.29403686523438
0,0.0003000000142492354,3319,139.1866912841797,0.0,139.1866912841797
0,0.0003000000142492354,3329,114.14873504638672,0.0,114.14873504638672
0,0.0003000000142492354,3339,120.55445861816406,0.0,120.55445861816406
0,0.0003000000142492354,3349,131.14341735839844,0.0,131.14341735839844
0,0.0003000000142492354,3359,119.2052001953125,0.0,119.2052001953125
0,0.0003000000142492354,3369,119.72338104248047,0.0,119.72338104248047
0,0.0003000000142492354,3379,106.17343139648438,0.0,106.17343139648438
0,0.0003000000142492354,3389,113.03401184082031,0.0,113.03401184082031
0,0.0003000000142492354,3399,106.23808288574219,0.0,106.23808288574219
0,0.0003000000142492354,3409,115.4748306274414,0.0,115.4748306274414
0,0.0003000000142492354,3419,121.25667572021484,0.0,121.25667572021484
0,0.0003000000142492354,3429,123.00726318359375,0.0,123.00726318359375
0,0.0003000000142492354,3439,131.90472412109375,0.0,131.90472412109375
0,0.0003000000142492354,3449,124.22162628173828,0.0,124.22162628173828
0,0.0003000000142492354,3459,130.69337463378906,0.0,130.69337463378906
0,0.0003000000142492354,3469,117.87554931640625,0.0,117.87554931640625
0,0.0003000000142492354,3479,123.31338500976562,0.0,123.31338500976562
0,0.0003000000142492354,3489,120.26457977294922,0.0,120.26457977294922
0,0.0003000000142492354,3499,135.44049072265625,0.0,135.44049072265625
0,0.0003000000142492354,3509,124.1443099975586,0.0,124.1443099975586
0,0.0003000000142492354,3519,131.41685485839844,0.0,131.41685485839844
0,0.0003000000142492354,3529,122.43876647949219,0.0,122.43876647949219
0,0.0003000000142492354,3539,124.16346740722656,0.0,124.16346740722656
0,0.0003000000142492354,3549,128.05996704101562,0.0,128.05996704101562
0,0.0003000000142492354,3559,116.76400756835938,0.0,116.76400756835938
0,0.0003000000142492354,3569,120.6186752319336,0.0,120.6186752319336
0,0.0003000000142492354,3579,122.00056457519531,0.0,122.00056457519531
0,0.0003000000142492354,3589,122.43328094482422,0.0,122.43328094482422
0,0.0003000000142492354,3599,107.11763000488281,0.0,107.11763000488281
0,0.0003000000142492354,3609,135.29998779296875,0.0,135.29998779296875
0,0.0003000000142492354,3619,126.01026916503906,0.0,126.01026916503906
0,0.0003000000142492354,3629,134.60873413085938,0.0,134.60873413085938
0,0.0003000000142492354,3639,111.76670837402344,0.0,111.76670837402344
0,0.0003000000142492354,3649,132.59201049804688,0.0,132.59201049804688
0,0.0003000000142492354,3659,113.97998046875,0.0,113.97998046875
0,0.0003000000142492354,3669,138.86935424804688,0.0,138.86935424804688
0,0.0003000000142492354,3679,120.81732177734375,0.0,120.81732177734375
0,0.0003000000142492354,3689,126.17268371582031,0.0,126.17268371582031
0,0.0003000000142492354,3699,102.93904876708984,0.0,102.93904876708984
0,0.0003000000142492354,3709,124.3308334350586,0.0,124.3308334350586
0,0.0003000000142492354,3719,129.05198669433594,0.0,129.05198669433594
0,0.0003000000142492354,3729,130.00608825683594,0.0,130.00608825683594
0,0.0003000000142492354,3739,116.2238540649414,0.0,116.2238540649414
0,0.0003000000142492354,3749,122.69983673095703,0.0,122.69983673095703
0,0.0003000000142492354,3759,112.6556167602539,0.0,112.6556167602539
0,0.0003000000142492354,3769,122.18160247802734,0.0,122.18160247802734
0,0.0003000000142492354,3779,107.24957275390625,0.0,107.24957275390625
0,0.0003000000142492354,3789,119.10101318359375,0.0,119.10101318359375
0,0.0003000000142492354,3799,105.35745239257812,0.0,105.35745239257812
0,0.0003000000142492354,3809,110.24175262451172,0.0,110.24175262451172
0,0.0003000000142492354,3819,119.08158874511719,0.0,119.08158874511719
0,0.0003000000142492354,3829,126.17847442626953,0.0,126.17847442626953
0,0.0003000000142492354,3839,139.76971435546875,0.0,139.76971435546875
0,0.0003000000142492354,3849,125.06402587890625,0.0,125.06402587890625
0,0.0003000000142492354,3859,119.44266510009766,0.0,119.44266510009766
0,0.0003000000142492354,3869,125.76866912841797,0.0,125.76866912841797
0,0.0003000000142492354,3879,119.30465698242188,0.0,119.30465698242188
0,0.0003000000142492354,3889,115.411865234375,0.0,115.411865234375
0,0.0003000000142492354,3899,117.60846710205078,0.0,117.60846710205078
0,0.0003000000142492354,3909,125.24974822998047,0.0,125.24974822998047
0,0.0003000000142492354,3919,113.0482177734375,0.0,113.0482177734375
0,0.0003000000142492354,3929,121.69316101074219,0.0,121.69316101074219
0,0.0003000000142492354,3939,118.84297180175781,0.0,118.84297180175781
0,0.0003000000142492354,3949,119.91184997558594,0.0,119.91184997558594
0,0.0003000000142492354,3959,118.74655151367188,0.0,118.74655151367188
0,0.0003000000142492354,3969,129.18283081054688,0.0,129.18283081054688
0,0.0003000000142492354,3979,116.5873794555664,0.0,116.5873794555664
0,0.0003000000142492354,3989,107.9766616821289,0.0,107.9766616821289
0,0.0003000000142492354,3999,108.04771423339844,0.0,108.04771423339844
0,0.0003000000142492354,4009,128.71356201171875,0.0,128.71356201171875
0,0.0003000000142492354,4019,131.86550903320312,0.0,131.86550903320312
0,0.0003000000142492354,4029,126.99683380126953,0.0,126.99683380126953
0,0.0003000000142492354,4039,119.87968444824219,0.0,119.87968444824219
0,0.0003000000142492354,4049,132.78773498535156,0.0,132.78773498535156
0,0.0003000000142492354,4059,117.76959228515625,0.0,117.76959228515625
0,0.0003000000142492354,4069,104.3531494140625,0.0,104.3531494140625
0,0.0003000000142492354,4079,123.67158508300781,0.0,123.67158508300781
0,0.0003000000142492354,4089,126.31204986572266,0.0,126.31204986572266
0,0.0003000000142492354,4099,126.69316101074219,0.0,126.69316101074219
0,0.0003000000142492354,4109,132.31813049316406,0.0,132.31813049316406
0,0.0003000000142492354,4119,125.0165023803711,0.0,125.0165023803711
0,0.0003000000142492354,4129,123.450927734375,0.0,123.450927734375
0,0.0003000000142492354,4139,124.76466369628906,0.0,124.76466369628906
0,0.0003000000142492354,4149,118.62269592285156,0.0,118.62269592285156
0,0.0003000000142492354,4159,102.57145690917969,0.0,102.57145690917969
0,0.0003000000142492354,4169,104.97069549560547,0.0,104.97069549560547
0,0.0003000000142492354,4179,130.1658935546875,0.0,130.1658935546875
0,0.0003000000142492354,4189,113.90168762207031,0.0,113.90168762207031
0,0.0003000000142492354,4199,123.6722412109375,0.0,123.6722412109375
0,0.0003000000142492354,4209,119.37882232666016,0.0,119.37882232666016
0,0.0003000000142492354,4219,118.07804870605469,0.0,118.07804870605469
0,0.0003000000142492354,4229,114.021240234375,0.0,114.021240234375
0,0.0003000000142492354,4239,124.11749267578125,0.0,124.11749267578125
0,0.0003000000142492354,4249,127.14677429199219,0.0,127.14677429199219
0,0.0003000000142492354,4259,113.77626037597656,0.0,113.77626037597656
0,0.0003000000142492354,4269,128.50949096679688,0.0,128.50949096679688
0,0.0003000000142492354,4279,114.10382080078125,0.0,114.10382080078125
0,0.0003000000142492354,4289,127.09896850585938,0.0,127.09896850585938
0,0.0003000000142492354,4299,130.170166015625,0.0,130.170166015625
0,0.0003000000142492354,4309,120.21270751953125,0.0,120.21270751953125
0,0.0003000000142492354,4319,136.7935791015625,0.0,136.7935791015625
0,0.0003000000142492354,4329,111.54531860351562,0.0,111.54531860351562
0,0.0003000000142492354,4339,121.20561981201172,0.0,121.20561981201172
0,0.0003000000142492354,4349,127.84359741210938,0.0,127.84359741210938
0,0.0003000000142492354,4359,124.89718627929688,0.0,124.89718627929688
0,0.0003000000142492354,4369,127.96965789794922,0.0,127.96965789794922
0,0.0003000000142492354,4379,117.00585174560547,0.0,117.00585174560547
0,0.0003000000142492354,4389,112.69274139404297,0.0,112.69274139404297
0,0.0003000000142492354,4399,106.56172180175781,0.0,106.56172180175781
0,0.0003000000142492354,4409,109.84181213378906,0.0,109.84181213378906
0,0.0003000000142492354,4419,121.59002685546875,0.0,121.59002685546875
0,0.0003000000142492354,4429,119.4665298461914,0.0,119.4665298461914
0,0.0003000000142492354,4439,120.59918975830078,0.0,120.59918975830078
0,0.0003000000142492354,4449,127.35816955566406,0.0,127.35816955566406
0,0.0003000000142492354,4459,111.99003601074219,0.0,111.99003601074219
0,0.0003000000142492354,4469,116.12149047851562,0.0,116.12149047851562
0,0.0003000000142492354,4479,131.59800720214844,0.0,131.59800720214844
0,0.0003000000142492354,4489,139.20681762695312,0.0,139.20681762695312
0,0.0003000000142492354,4499,124.40419006347656,0.0,124.40419006347656
0,0.0003000000142492354,4509,118.683837890625,0.0,118.683837890625
0,0.0003000000142492354,4519,126.5557861328125,0.0,126.5557861328125
0,0.0003000000142492354,4529,119.56363677978516,0.0,119.56363677978516
0,0.0003000000142492354,4539,129.35256958007812,0.0,129.35256958007812
0,0.0003000000142492354,4549,119.09404754638672,0.0,119.09404754638672
0,0.0003000000142492354,4559,119.75739288330078,0.0,119.75739288330078
0,0.0003000000142492354,4569,135.2112579345703,0.0,135.2112579345703
0,0.0003000000142492354,4579,128.7542266845703,0.0,128.7542266845703
0,0.0003000000142492354,4589,117.20388793945312,0.0,117.20388793945312
0,0.0003000000142492354,4599,110.02958679199219,0.0,110.02958679199219
0,0.0003000000142492354,4609,109.91009521484375,0.0,109.91009521484375
0,0.0003000000142492354,4619,109.29261779785156,0.0,109.29261779785156
0,0.0003000000142492354,4629,108.09703063964844,0.0,108.09703063964844
0,0.0003000000142492354,4639,124.8946762084961,0.0,124.8946762084961
0,0.0003000000142492354,4649,128.47222900390625,0.0,128.47222900390625
0,0.0003000000142492354,4659,123.77774047851562,0.0,123.77774047851562
0,0.0003000000142492354,4669,115.20936584472656,0.0,115.20936584472656
0,0.0003000000142492354,4679,118.74811553955078,0.0,118.74811553955078
0,0.0003000000142492354,4689,110.16357421875,0.0,110.16357421875
0,0.0003000000142492354,4699,127.79137420654297,0.0,127.79137420654297
0,0.0003000000142492354,4709,135.515380859375,0.0,135.515380859375
0,0.0003000000142492354,4719,126.15635681152344,0.0,126.15635681152344
0,0.0003000000142492354,4729,120.76527404785156,0.0,120.76527404785156
0,0.0003000000142492354,4739,131.884521484375,0.0,131.884521484375
0,0.0003000000142492354,4749,113.80661010742188,0.0,113.80661010742188
0,0.0003000000142492354,4759,119.74393463134766,0.0,119.74393463134766
0,0.0003000000142492354,4769,124.7462158203125,0.0,124.7462158203125
0,0.0003000000142492354,4779,140.64752197265625,0.0,140.64752197265625
0,0.0003000000142492354,4789,122.20442962646484,0.0,122.20442962646484
0,0.0003000000142492354,4799,122.53671264648438,0.0,122.53671264648438
0,0.0003000000142492354,4809,114.50079345703125,0.0,114.50079345703125
0,0.0003000000142492354,4819,115.07173156738281,0.0,115.07173156738281
0,0.0003000000142492354,4829,124.41602325439453,0.0,124.41602325439453
0,0.0003000000142492354,4839,117.96937561035156,0.0,117.96937561035156
0,0.0003000000142492354,4849,127.6317138671875,0.0,127.6317138671875
0,0.0003000000142492354,4859,137.5172119140625,0.0,137.5172119140625
0,0.0003000000142492354,4869,119.36396789550781,0.0,119.36396789550781
0,0.0003000000142492354,4879,128.23153686523438,0.0,128.23153686523438
0,0.0003000000142492354,4889,144.43846130371094,0.0,144.43846130371094
0,0.0003000000142492354,4899,118.78646850585938,0.0,118.78646850585938
0,0.0003000000142492354,4909,113.20236206054688,0.0,113.20236206054688
0,0.0003000000142492354,4919,110.06698608398438,0.0,110.06698608398438
0,0.0003000000142492354,4929,118.9144058227539,0.0,118.9144058227539
0,0.0003000000142492354,4939,123.93881225585938,0.0,123.93881225585938
0,0.0003000000142492354,4949,102.45350646972656,0.0,102.45350646972656
0,0.0003000000142492354,4959,112.42552185058594,0.0,112.42552185058594
0,0.0003000000142492354,4969,115.1338119506836,0.0,115.1338119506836
0,0.0003000000142492354,4979,113.93489837646484,0.0,113.93489837646484
0,0.0003000000142492354,4989,128.5751495361328,0.0,128.5751495361328
0,0.0003000000142492354,4999,117.48634338378906,0.0,117.48634338378906
0,0.0003000000142492354,5009,111.12489318847656,0.0,111.12489318847656
0,0.0003000000142492354,5019,123.25177001953125,0.0,123.25177001953125
0,0.0003000000142492354,5029,123.2326889038086,0.0,123.2326889038086
0,0.0003000000142492354,5039,106.392333984375,0.0,106.392333984375
0,0.0003000000142492354,5049,110.86800384521484,0.0,110.86800384521484
0,0.0003000000142492354,5059,109.2789535522461,0.0,109.2789535522461
0,0.0003000000142492354,5069,116.76573944091797,0.0,116.76573944091797
0,0.0003000000142492354,5079,126.20282745361328,0.0,126.20282745361328
0,0.0003000000142492354,5089,136.20440673828125,0.0,136.20440673828125
0,0.0003000000142492354,5099,119.0747299194336,0.0,119.0747299194336
0,0.0003000000142492354,5109,119.63358306884766,0.0,119.63358306884766
0,0.0003000000142492354,5119,116.11042785644531,0.0,116.11042785644531
0,0.0003000000142492354,5129,118.74212646484375,0.0,118.74212646484375
0,0.0003000000142492354,5139,121.9603271484375,0.0,121.9603271484375
0,0.0003000000142492354,5149,120.8713607788086,0.0,120.8713607788086
0,0.0003000000142492354,5159,123.0965576171875,0.0,123.0965576171875
0,0.0003000000142492354,5169,111.67308044433594,0.0,111.67308044433594
0,0.0003000000142492354,5179,132.2624053955078,0.0,132.2624053955078
0,0.0003000000142492354,5189,117.6800765991211,0.0,117.6800765991211
0,0.0003000000142492354,5199,127.40162658691406,0.0,127.40162658691406
0,0.0003000000142492354,5209,109.90435028076172,0.0,109.90435028076172
0,0.0003000000142492354,5219,114.76421356201172,0.0,114.76421356201172
0,0.0003000000142492354,5229,123.53202819824219,0.0,123.53202819824219
0,0.0003000000142492354,5239,125.45303344726562,0.0,125.45303344726562
0,0.0003000000142492354,5249,122.89646911621094,0.0,122.89646911621094
0,0.0003000000142492354,5259,117.21366882324219,0.0,117.21366882324219
0,0.0003000000142492354,5269,128.23001098632812,0.0,128.23001098632812
0,0.0003000000142492354,5279,112.21300506591797,0.0,112.21300506591797
0,0.0003000000142492354,5289,116.05543518066406,0.0,116.05543518066406
0,0.0003000000142492354,5299,126.87869262695312,0.0,126.87869262695312
0,0.0003000000142492354,5309,119.68910217285156,0.0,119.68910217285156
0,0.0003000000142492354,5319,111.3982162475586,0.0,111.3982162475586
0,0.0003000000142492354,5329,120.49571990966797,0.0,120.49571990966797
0,0.0003000000142492354,5339,120.04508972167969,0.0,120.04508972167969
0,0.0003000000142492354,5349,121.88726806640625,0.0,121.88726806640625
0,0.0003000000142492354,5359,119.93877410888672,0.0,119.93877410888672
0,0.0003000000142492354,5369,116.66014099121094,0.0,116.66014099121094
0,0.0003000000142492354,5379,117.63580322265625,0.0,117.63580322265625
0,0.0003000000142492354,5389,125.74348449707031,0.0,125.74348449707031
0,0.0003000000142492354,5399,120.69794464111328,0.0,120.69794464111328
0,0.0003000000142492354,5409,116.55722045898438,0.0,116.55722045898438
0,0.0003000000142492354,5419,131.28997802734375,0.0,131.28997802734375
0,0.0003000000142492354,5429,125.06396484375,0.0,125.06396484375
0,0.0003000000142492354,5439,113.87498474121094,0.0,113.87498474121094
0,0.0003000000142492354,5449,122.92742919921875,0.0,122.92742919921875
0,0.0003000000142492354,5459,105.54171752929688,0.0,105.54171752929688
0,0.0003000000142492354,5469,118.90158081054688,0.0,118.90158081054688
0,0.0003000000142492354,5479,119.42507934570312,0.0,119.42507934570312
0,0.0003000000142492354,5489,128.52178955078125,0.0,128.52178955078125
0,0.0003000000142492354,5499,110.07350158691406,0.0,110.07350158691406
0,0.0003000000142492354,5509,117.70216369628906,0.0,117.70216369628906
0,0.0003000000142492354,5519,115.3064193725586,0.0,115.3064193725586
0,0.0003000000142492354,5529,107.31975555419922,0.0,107.31975555419922
0,0.0003000000142492354,5539,130.72872924804688,0.0,130.72872924804688
0,0.0003000000142492354,5549,126.70531463623047,0.0,126.70531463623047
0,0.0003000000142492354,5559,118.30705261230469,0.0,118.30705261230469
0,0.0003000000142492354,5569,125.52662658691406,0.0,125.52662658691406
0,0.0003000000142492354,5579,128.89149475097656,0.0,128.89149475097656
0,0.0003000000142492354,5589,123.32856750488281,0.0,123.32856750488281
0,0.0003000000142492354,5599,124.54000091552734,0.0,124.54000091552734
0,0.0003000000142492354,5609,122.93124389648438,0.0,122.93124389648438
0,0.0003000000142492354,5619,121.29962921142578,0.0,121.29962921142578
0,0.0003000000142492354,5629,111.8123779296875,0.0,111.8123779296875
0,0.0003000000142492354,5639,116.20451354980469,0.0,116.20451354980469
0,0.0003000000142492354,5649,106.13375854492188,0.0,106.13375854492188
0,0.0003000000142492354,5659,104.80201721191406,0.0,104.80201721191406
0,0.0003000000142492354,5669,119.51510620117188,0.0,119.51510620117188
0,0.0003000000142492354,5679,119.95339965820312,0.0,119.95339965820312
0,0.0003000000142492354,5689,134.64419555664062,0.0,134.64419555664062
0,0.0003000000142492354,5699,114.15420532226562,0.0,114.15420532226562
0,0.0003000000142492354,5709,113.32435607910156,0.0,113.32435607910156
0,0.0003000000142492354,5719,120.85393524169922,0.0,120.85393524169922
0,0.0003000000142492354,5729,131.299560546875,0.0,131.299560546875
0,0.0003000000142492354,5739,112.8290023803711,0.0,112.8290023803711
0,0.0003000000142492354,5749,114.96685028076172,0.0,114.96685028076172
0,0.0003000000142492354,5759,114.39498901367188,0.0,114.39498901367188
0,0.0003000000142492354,5769,128.45594787597656,0.0,128.45594787597656
0,0.0003000000142492354,5779,118.7842025756836,0.0,118.7842025756836
0,0.0003000000142492354,5789,114.02857208251953,0.0,114.02857208251953
0,0.0003000000142492354,5799,116.82023620605469,0.0,116.82023620605469
0,0.0003000000142492354,5809,129.85043334960938,0.0,129.85043334960938
0,0.0003000000142492354,5819,125.90563201904297,0.0,125.90563201904297
0,0.0003000000142492354,5829,115.40870666503906,0.0,115.40870666503906
0,0.0003000000142492354,5839,121.89180755615234,0.0,121.89180755615234
0,0.0003000000142492354,5849,117.87403106689453,0.0,117.87403106689453
0,0.0003000000142492354,5859,114.6362533569336,0.0,114.6362533569336
0,0.0003000000142492354,5869,118.7169418334961,0.0,118.7169418334961
0,0.0003000000142492354,5879,107.53113555908203,0.0,107.53113555908203
0,0.0003000000142492354,5889,122.5093002319336,0.0,122.5093002319336
0,0.0003000000142492354,5899,109.82821655273438,0.0,109.82821655273438
0,0.0003000000142492354,5909,114.45761108398438,0.0,114.45761108398438
0,0.0003000000142492354,5919,125.43413543701172,0.0,125.43413543701172
0,0.0003000000142492354,5929,116.48150634765625,0.0,116.48150634765625
0,0.0003000000142492354,5939,131.21786499023438,0.0,131.21786499023438
0,0.0003000000142492354,5949,127.82591247558594,0.0,127.82591247558594
0,0.0003000000142492354,5959,121.0142822265625,0.0,121.0142822265625
0,0.0003000000142492354,5969,123.16622924804688,0.0,123.16622924804688
0,0.0003000000142492354,5979,125.68540954589844,0.0,125.68540954589844
0,0.0003000000142492354,5989,122.13407897949219,0.0,122.13407897949219
0,0.0003000000142492354,5999,108.7228775024414,0.0,108.7228775024414
0,0.0003000000142492354,6009,125.65906524658203,0.0,125.65906524658203
0,0.0003000000142492354,6019,128.54501342773438,0.0,128.54501342773438
0,0.0003000000142492354,6029,123.67512512207031,0.0,123.67512512207031
0,0.0003000000142492354,6039,113.98164367675781,0.0,113.98164367675781
0,0.0003000000142492354,6049,122.86503601074219,0.0,122.86503601074219
0,0.0003000000142492354,6059,125.13984680175781,0.0,125.13984680175781
0,0.0003000000142492354,6069,114.47900390625,0.0,114.47900390625
0,0.0003000000142492354,6079,124.05904388427734,0.0,124.05904388427734
0,0.0003000000142492354,6089,104.94046020507812,0.0,104.94046020507812
0,0.0003000000142492354,6099,119.7761001586914,0.0,119.7761001586914
0,0.0003000000142492354,6109,122.7728500366211,0.0,122.7728500366211
0,0.0003000000142492354,6119,121.6029052734375,0.0,121.6029052734375
0,0.0003000000142492354,6129,119.9186782836914,0.0,119.9186782836914
0,0.0003000000142492354,6139,117.31533813476562,0.0,117.31533813476562
0,0.0003000000142492354,6149,128.59323120117188,0.0,128.59323120117188
0,0.0003000000142492354,6159,134.3017578125,0.0,134.3017578125
0,0.0003000000142492354,6169,119.25932312011719,0.0,119.25932312011719
0,0.0003000000142492354,6179,131.89126586914062,0.0,131.89126586914062
0,0.0003000000142492354,6189,114.53645324707031,0.0,114.53645324707031
0,0.0003000000142492354,6199,122.01530456542969,0.0,122.01530456542969
0,0.0003000000142492354,6209,120.81233978271484,0.0,120.81233978271484
0,0.0003000000142492354,6219,121.35025024414062,0.0,121.35025024414062
0,0.0003000000142492354,6229,133.2369384765625,0.0,133.2369384765625
0,0.0003000000142492354,6239,120.51225280761719,0.0,120.51225280761719
0,0.0003000000142492354,6249,98.76148223876953,0.0,98.76148223876953
0,0.0003000000142492354,6259,109.50653076171875,0.0,109.50653076171875
0,0.0003000000142492354,6269,121.89523315429688,0.0,121.89523315429688
0,0.0003000000142492354,6279,116.67877197265625,0.0,116.67877197265625
0,0.0003000000142492354,6289,110.70165252685547,0.0,110.70165252685547
0,0.0003000000142492354,6299,127.43376922607422,0.0,127.43376922607422
0,0.0003000000142492354,6309,120.13177490234375,0.0,120.13177490234375
0,0.0003000000142492354,6319,117.6688232421875,0.0,117.6688232421875
0,0.0003000000142492354,6329,114.38459014892578,0.0,114.38459014892578
0,0.0003000000142492354,6339,112.68098449707031,0.0,112.68098449707031
0,0.0003000000142492354,6349,120.75364685058594,0.0,120.75364685058594
0,0.0003000000142492354,6359,116.65071105957031,0.0,116.65071105957031
0,0.0003000000142492354,6369,137.60775756835938,0.0,137.60775756835938
0,0.0003000000142492354,6379,105.567626953125,0.0,105.567626953125
0,0.0003000000142492354,6389,128.11123657226562,0.0,128.11123657226562
0,0.0003000000142492354,6399,116.43034362792969,0.0,116.43034362792969
0,0.0003000000142492354,6409,124.34029388427734,0.0,124.34029388427734
0,0.0003000000142492354,6419,109.30813598632812,0.0,109.30813598632812
0,0.0003000000142492354,6429,105.77465057373047,0.0,105.77465057373047
0,0.0003000000142492354,6439,130.01376342773438,0.0,130.01376342773438
0,0.0003000000142492354,6449,123.89952087402344,0.0,123.89952087402344
0,0.0003000000142492354,6459,124.11983489990234,0.0,124.11983489990234
0,0.0003000000142492354,6469,136.41937255859375,0.0,136.41937255859375
0,0.0003000000142492354,6479,124.0416030883789,0.0,124.0416030883789
0,0.0003000000142492354,6489,133.48001098632812,0.0,133.48001098632812
0,0.0003000000142492354,6499,114.6034164428711,0.0,114.6034164428711
0,0.0003000000142492354,6509,122.54367065429688,0.0,122.54367065429688
0,0.0003000000142492354,6519,103.16545104980469,0.0,103.16545104980469
0,0.0003000000142492354,6529,121.36550903320312,0.0,121.36550903320312
0,0.0003000000142492354,6539,130.5728302001953,0.0,130.5728302001953
0,0.0003000000142492354,6549,117.39495849609375,0.0,117.39495849609375
0,0.0003000000142492354,6559,118.36299133300781,0.0,118.36299133300781
0,0.0003000000142492354,6569,130.4857177734375,0.0,130.4857177734375
0,0.0003000000142492354,6579,135.10226440429688,0.0,135.10226440429688
0,0.0003000000142492354,6589,118.11338806152344,0.0,118.11338806152344
0,0.0003000000142492354,6599,119.0697021484375,0.0,119.0697021484375
0,0.0003000000142492354,6609,113.23213958740234,0.0,113.23213958740234
0,0.0003000000142492354,6619,105.31263732910156,0.0,105.31263732910156
0,0.0003000000142492354,6629,113.20641326904297,0.0,113.20641326904297
0,0.0003000000142492354,6639,107.74038696289062,0.0,107.74038696289062
0,0.0003000000142492354,6649,119.647705078125,0.0,119.647705078125
0,0.0003000000142492354,6659,120.35061645507812,0.0,120.35061645507812
0,0.0003000000142492354,6669,113.23631286621094,0.0,113.23631286621094
0,0.0003000000142492354,6679,108.25554656982422,0.0,108.25554656982422
0,0.0003000000142492354,6689,126.5732421875,0.0,126.5732421875
0,0.0003000000142492354,6699,112.9860610961914,0.0,112.9860610961914
0,0.0003000000142492354,6709,106.88294219970703,0.0,106.88294219970703
0,0.0003000000142492354,6719,133.14389038085938,0.0,133.14389038085938
0,0.0003000000142492354,6729,113.3055648803711,0.0,113.3055648803711
0,0.0003000000142492354,6739,138.71493530273438,0.0,138.71493530273438
0,0.0003000000142492354,6749,121.401123046875,0.0,121.401123046875
0,0.0003000000142492354,6759,127.38865661621094,0.0,127.38865661621094
0,0.0003000000142492354,6769,129.25132751464844,0.0,129.25132751464844
0,0.0003000000142492354,6779,120.95082092285156,0.0,120.95082092285156
0,0.0003000000142492354,6789,119.33760833740234,0.0,119.33760833740234
0,0.0003000000142492354,6799,115.21492004394531,0.0,115.21492004394531
0,0.0003000000142492354,6809,130.52670288085938,0.0,130.52670288085938
0,0.0003000000142492354,6819,123.3554916381836,0.0,123.3554916381836
0,0.0003000000142492354,6829,121.03982543945312,0.0,121.03982543945312
0,0.0003000000142492354,6839,140.12490844726562,0.0,140.12490844726562
0,0.0003000000142492354,6849,112.1136703491211,0.0,112.1136703491211
0,0.0003000000142492354,6859,131.6283721923828,0.0,131.6283721923828
0,0.0003000000142492354,6869,110.56744384765625,0.0,110.56744384765625
0,0.0003000000142492354,6879,116.87433624267578,0.0,116.87433624267578
0,0.0003000000142492354,6889,118.44924926757812,0.0,118.44924926757812
0,0.0003000000142492354,6899,114.03147888183594,0.0,114.03147888183594
0,0.0003000000142492354,6909,123.06881713867188,0.0,123.06881713867188
0,0.0003000000142492354,6919,120.86370849609375,0.0,120.86370849609375
0,0.0003000000142492354,6929,108.38934326171875,0.0,108.38934326171875
0,0.0003000000142492354,6939,103.37481689453125,0.0,103.37481689453125
0,0.0003000000142492354,6949,111.818359375,0.0,111.818359375
0,0.0003000000142492354,6959,114.60223388671875,0.0,114.60223388671875
0,0.0003000000142492354,6969,126.22252655029297,0.0,126.22252655029297
0,0.0003000000142492354,6979,119.22447204589844,0.0,119.22447204589844
0,0.0003000000142492354,6989,115.08440399169922,0.0,115.08440399169922
0,0.0003000000142492354,6999,135.21385192871094,0.0,135.21385192871094
0,0.0003000000142492354,7009,130.6793212890625,0.0,130.6793212890625
0,0.0003000000142492354,7019,121.49108123779297,0.0,121.49108123779297
0,0.0003000000142492354,7029,118.99638366699219,0.0,118.99638366699219
0,0.0003000000142492354,7039,117.52796936035156,0.0,117.52796936035156
0,0.0003000000142492354,7049,115.52915954589844,0.0,115.52915954589844
0,0.0003000000142492354,7059,117.02471923828125,0.0,117.02471923828125
0,0.0003000000142492354,7069,145.41177368164062,0.0,145.41177368164062
0,0.0003000000142492354,7079,127.36634826660156,0.0,127.36634826660156
0,0.0003000000142492354,7089,121.72051239013672,0.0,121.72051239013672
0,0.0003000000142492354,7099,114.95942687988281,0.0,114.95942687988281
0,0.0003000000142492354,7109,125.53399658203125,0.0,125.53399658203125
0,0.0003000000142492354,7119,132.01995849609375,0.0,132.01995849609375
0,0.0003000000142492354,7129,128.56771850585938,0.0,128.56771850585938
0,0.0003000000142492354,7139,123.90489196777344,0.0,123.90489196777344
0,0.0003000000142492354,7149,126.51904296875,0.0,126.51904296875
0,0.0003000000142492354,7159,116.74911499023438,0.0,116.74911499023438
0,0.0003000000142492354,7169,117.7220458984375,0.0,117.7220458984375
0,0.0003000000142492354,7179,131.1549530029297,0.0,131.1549530029297
0,0.0003000000142492354,7189,110.6544189453125,0.0,110.6544189453125
0,0.0003000000142492354,7199,131.24069213867188,0.0,131.24069213867188
0,0.0003000000142492354,7209,121.3919448852539,0.0,121.3919448852539
0,0.0003000000142492354,7219,124.48706817626953,0.0,124.48706817626953
0,0.0003000000142492354,7229,129.11651611328125,0.0,129.11651611328125
0,0.0003000000142492354,7239,127.43367004394531,0.0,127.43367004394531
0,0.0003000000142492354,7249,112.29551696777344,0.0,112.29551696777344
0,0.0003000000142492354,7259,117.31927490234375,0.0,117.31927490234375
0,0.0003000000142492354,7269,139.1476287841797,0.0,139.1476287841797
0,0.0003000000142492354,7279,127.15008544921875,0.0,127.15008544921875
0,0.0003000000142492354,7289,135.61248779296875,0.0,135.61248779296875
0,0.0003000000142492354,7299,112.43878173828125,0.0,112.43878173828125
0,0.0003000000142492354,7309,139.21591186523438,0.0,139.21591186523438
0,0.0003000000142492354,7319,127.74525451660156,0.0,127.74525451660156
0,0.0003000000142492354,7329,104.60430908203125,0.0,104.60430908203125
0,0.0003000000142492354,7339,114.08828735351562,0.0,114.08828735351562
0,0.0003000000142492354,7349,122.8189697265625,0.0,122.8189697265625
0,0.0003000000142492354,7359,125.6556625366211,0.0,125.6556625366211
0,0.0003000000142492354,7369,105.24757385253906,0.0,105.24757385253906
0,0.0003000000142492354,7379,121.61643981933594,0.0,121.61643981933594
0,0.0003000000142492354,7389,141.4676513671875,0.0,141.4676513671875
0,0.0003000000142492354,7399,124.77054595947266,0.0,124.77054595947266
0,0.0003000000142492354,7409,133.76840209960938,0.0,133.76840209960938
0,0.0003000000142492354,7419,120.47489929199219,0.0,120.47489929199219
0,0.0003000000142492354,7429,119.78713989257812,0.0,119.78713989257812
0,0.0003000000142492354,7439,115.48399353027344,0.0,115.48399353027344
0,0.0003000000142492354,7449,113.85359191894531,0.0,113.85359191894531
0,0.0003000000142492354,7459,108.12677764892578,0.0,108.12677764892578
0,0.0003000000142492354,7469,130.03982543945312,0.0,130.03982543945312
0,0.0003000000142492354,7479,105.07928466796875,0.0,105.07928466796875
0,0.0003000000142492354,7489,129.9508056640625,0.0,129.9508056640625
0,0.0003000000142492354,7499,128.4278106689453,0.0,128.4278106689453
0,0.0003000000142492354,7509,130.3003692626953,0.0,130.3003692626953
0,0.0003000000142492354,7519,132.75067138671875,0.0,132.75067138671875
0,0.0003000000142492354,7529,133.95895385742188,0.0,133.95895385742188
0,0.0003000000142492354,7539,110.35150909423828,0.0,110.35150909423828
0,0.0003000000142492354,7549,119.2237548828125,0.0,119.2237548828125
0,0.0003000000142492354,7559,115.14926147460938,0.0,115.14926147460938
0,0.0003000000142492354,7569,118.26829528808594,0.0,118.26829528808594
0,0.0003000000142492354,7579,132.08221435546875,0.0,132.08221435546875
0,0.0003000000142492354,7589,119.45752716064453,0.0,119.45752716064453
0,0.0003000000142492354,7599,119.34026336669922,0.0,119.34026336669922
0,0.0003000000142492354,7609,129.317138671875,0.0,129.317138671875
0,0.0003000000142492354,7619,122.54774475097656,0.0,122.54774475097656
0,0.0003000000142492354,7629,134.91937255859375,0.0,134.91937255859375
0,0.0003000000142492354,7639,117.26646423339844,0.0,117.26646423339844
0,0.0003000000142492354,7649,120.8940658569336,0.0,120.8940658569336
0,0.0003000000142492354,7659,130.15603637695312,0.0,130.15603637695312
0,0.0003000000142492354,7669,117.609619140625,0.0,117.609619140625
0,0.0003000000142492354,7679,131.55429077148438,0.0,131.55429077148438
0,0.0003000000142492354,7689,114.12490844726562,0.0,114.12490844726562
0,0.0003000000142492354,7699,134.3489990234375,0.0,134.3489990234375
0,0.0003000000142492354,7709,124.06793212890625,0.0,124.06793212890625
0,0.0003000000142492354,7719,126.62600708007812,0.0,126.62600708007812
0,0.0003000000142492354,7729,137.43113708496094,0.0,137.43113708496094
0,0.0003000000142492354,7739,122.19953918457031,0.0,122.19953918457031
0,0.0003000000142492354,7749,123.77711486816406,0.0,123.77711486816406
0,0.0003000000142492354,7759,131.65435791015625,0.0,131.65435791015625
0,0.0003000000142492354,7769,125.9200668334961,0.0,125.9200668334961
0,0.0003000000142492354,7779,115.79817962646484,0.0,115.79817962646484
0,0.0003000000142492354,7789,107.17901611328125,0.0,107.17901611328125
0,0.0003000000142492354,7799,131.00567626953125,0.0,131.00567626953125
0,0.0003000000142492354,7809,115.91159057617188,0.0,115.91159057617188
0,0.0003000000142492354,7819,120.60106658935547,0.0,120.60106658935547
0,0.0003000000142492354,7829,124.60889434814453,0.0,124.60889434814453
0,0.0003000000142492354,7839,135.93431091308594,0.0,135.93431091308594
0,0.0003000000142492354,7849,118.54008483886719,0.0,118.54008483886719
0,0.0003000000142492354,7859,128.12095642089844,0.0,128.12095642089844
0,0.0003000000142492354,7869,119.00387573242188,0.0,119.00387573242188
0,0.0003000000142492354,7879,117.23006439208984,0.0,117.23006439208984
0,0.0003000000142492354,7889,103.9079818725586,0.0,103.9079818725586
0,0.0003000000142492354,7899,124.73825073242188,0.0,124.73825073242188
0,0.0003000000142492354,7909,115.92191314697266,0.0,115.92191314697266
0,0.0003000000142492354,7919,124.2872314453125,0.0,124.2872314453125
0,0.0003000000142492354,7929,121.57624816894531,0.0,121.57624816894531
0,0.0003000000142492354,7939,118.0755615234375,0.0,118.0755615234375
0,0.0003000000142492354,7949,119.30567169189453,0.0,119.30567169189453
0,0.0003000000142492354,7959,109.38607025146484,0.0,109.38607025146484
0,0.0003000000142492354,7969,113.55581665039062,0.0,113.55581665039062
0,0.0003000000142492354,7979,129.43153381347656,0.0,129.43153381347656
0,0.0003000000142492354,7989,105.34687805175781,0.0,105.34687805175781
0,0.0003000000142492354,7999,124.94925689697266,0.0,124.94925689697266
0,0.0003000000142492354,8009,130.61221313476562,0.0,130.61221313476562
0,0.0003000000142492354,8019,109.75035095214844,0.0,109.75035095214844
0,0.0003000000142492354,8029,117.75926208496094,0.0,117.75926208496094
0,0.0003000000142492354,8039,110.83340454101562,0.0,110.83340454101562
0,0.0003000000142492354,8049,123.66835021972656,0.0,123.66835021972656
0,0.0003000000142492354,8059,110.34016418457031,0.0,110.34016418457031
0,0.0003000000142492354,8069,121.76268005371094,0.0,121.76268005371094
0,0.0003000000142492354,8079,132.5867919921875,0.0,132.5867919921875
0,0.0003000000142492354,8089,104.14541625976562,0.0,104.14541625976562
0,0.0003000000142492354,8099,128.80239868164062,0.0,128.80239868164062
0,0.0003000000142492354,8109,121.34578704833984,0.0,121.34578704833984
0,0.0003000000142492354,8119,116.21919250488281,0.0,116.21919250488281
0,0.0003000000142492354,8129,130.5675811767578,0.0,130.5675811767578
0,0.0003000000142492354,8139,122.67378234863281,0.0,122.67378234863281
0,0.0003000000142492354,8149,113.66558837890625,0.0,113.66558837890625
0,0.0003000000142492354,8159,100.72911071777344,0.0,100.72911071777344
0,0.0003000000142492354,8169,117.53167724609375,0.0,117.53167724609375
0,0.0003000000142492354,8179,119.34144592285156,0.0,119.34144592285156
0,0.0003000000142492354,8189,121.21562194824219,0.0,121.21562194824219
0,0.0003000000142492354,8199,134.91677856445312,0.0,134.91677856445312
0,0.0003000000142492354,8209,118.31404113769531,0.0,118.31404113769531
0,0.0003000000142492354,8219,119.80636596679688,0.0,119.80636596679688
0,0.0003000000142492354,8229,113.78755187988281,0.0,113.78755187988281
0,0.0003000000142492354,8239,118.1468734741211,0.0,118.1468734741211
0,0.0003000000142492354,8249,113.28414916992188,0.0,113.28414916992188
1,0.0003000000142492354,8259,109.87946319580078,0.0,109.87946319580078
1,0.0003000000142492354,8269,114.39388275146484,0.0,114.39388275146484
1,0.0003000000142492354,8279,106.29612731933594,0.0,106.29612731933594
1,0.0003000000142492354,8289,124.85076904296875,0.0,124.85076904296875
1,0.0003000000142492354,8299,107.31024169921875,0.0,107.31024169921875
1,0.0003000000142492354,8309,113.37196350097656,0.0,113.37196350097656
1,0.0003000000142492354,8319,129.20079040527344,0.0,129.20079040527344
1,0.0003000000142492354,8329,104.17100524902344,0.0,104.17100524902344
1,0.0003000000142492354,8339,113.02299499511719,0.0,113.02299499511719
1,0.0003000000142492354,8349,113.53350067138672,0.0,113.53350067138672
1,0.0003000000142492354,8359,125.96099853515625,0.0,125.96099853515625
1,0.0003000000142492354,8369,124.02952575683594,0.0,124.02952575683594
1,0.0003000000142492354,8379,117.27981567382812,0.0,117.27981567382812
1,0.0003000000142492354,8389,109.70628356933594,0.0,109.70628356933594
1,0.0003000000142492354,8399,118.4873046875,0.0,118.4873046875
1,0.0003000000142492354,8409,114.62184143066406,0.0,114.62184143066406
1,0.0003000000142492354,8419,112.37190246582031,0.0,112.37190246582031
1,0.0003000000142492354,8429,140.37515258789062,0.0,140.37515258789062
1,0.0003000000142492354,8439,128.18621826171875,0.0,128.18621826171875
1,0.0003000000142492354,8449,112.74833679199219,0.0,112.74833679199219
1,0.0003000000142492354,8459,124.2699203491211,0.0,124.2699203491211
1,0.0003000000142492354,8469,103.07241821289062,0.0,103.07241821289062
1,0.0003000000142492354,8479,107.52484130859375,0.0,107.52484130859375
1,0.0003000000142492354,8489,118.26039123535156,0.0,118.26039123535156
1,0.0003000000142492354,8499,112.54263305664062,0.0,112.54263305664062
1,0.0003000000142492354,8509,122.26107025146484,0.0,122.26107025146484
1,0.0003000000142492354,8519,124.42897033691406,0.0,124.42897033691406
1,0.0003000000142492354,8529,121.71166229248047,0.0,121.71166229248047
1,0.0003000000142492354,8539,122.21583557128906,0.0,122.21583557128906
1,0.0003000000142492354,8549,118.30152893066406,0.0,118.30152893066406
1,0.0003000000142492354,8559,110.5518569946289,0.0,110.5518569946289
1,0.0003000000142492354,8569,108.76148986816406,0.0,108.76148986816406
1,0.0003000000142492354,8579,130.2648162841797,0.0,130.2648162841797
1,0.0003000000142492354,8589,131.92535400390625,0.0,131.92535400390625
1,0.0003000000142492354,8599,117.91818237304688,0.0,117.91818237304688
1,0.0003000000142492354,8609,135.04525756835938,0.0,135.04525756835938
1,0.0003000000142492354,8619,129.22750854492188,0.0,129.22750854492188
1,0.0003000000142492354,8629,107.44737243652344,0.0,107.44737243652344
1,0.0003000000142492354,8639,113.22615051269531,0.0,113.22615051269531
1,0.0003000000142492354,8649,129.20327758789062,0.0,129.20327758789062
1,0.0003000000142492354,8659,117.6821060180664,0.0,117.6821060180664
1,0.0003000000142492354,8669,116.22132873535156,0.0,116.22132873535156
1,0.0003000000142492354,8679,102.31753540039062,0.0,102.31753540039062
1,0.0003000000142492354,8689,118.68440246582031,0.0,118.68440246582031
1,0.0003000000142492354,8699,129.31817626953125,0.0,129.31817626953125
1,0.0003000000142492354,8709,111.68351745605469,0.0,111.68351745605469
1,0.0003000000142492354,8719,127.47286987304688,0.0,127.47286987304688
1,0.0003000000142492354,8729,117.4349136352539,0.0,117.4349136352539
1,0.0003000000142492354,8739,123.8050308227539,0.0,123.8050308227539
1,0.0003000000142492354,8749,129.53311157226562,0.0,129.53311157226562
1,0.0003000000142492354,8759,122.55558776855469,0.0,122.55558776855469
1,0.0003000000142492354,8769,116.81087493896484,0.0,116.81087493896484
1,0.0003000000142492354,8779,105.96170043945312,0.0,105.96170043945312
1,0.0003000000142492354,8789,101.39966583251953,0.0,101.39966583251953
1,0.0003000000142492354,8799,104.787841796875,0.0,104.787841796875
1,0.0003000000142492354,8809,115.15130615234375,0.0,115.15130615234375
1,0.0003000000142492354,8819,119.08991241455078,0.0,119.08991241455078
1,0.0003000000142492354,8829,117.77519226074219,0.0,117.77519226074219
1,0.0003000000142492354,8839,117.49072265625,0.0,117.49072265625
1,0.0003000000142492354,8849,108.10549926757812,0.0,108.10549926757812
1,0.0003000000142492354,8859,97.60313415527344,0.0,97.60313415527344
1,0.0003000000142492354,8869,112.01101684570312,0.0,112.01101684570312
1,0.0003000000142492354,8879,108.79191589355469,0.0,108.79191589355469
1,0.0003000000142492354,8889,129.43875122070312,0.0,129.43875122070312
1,0.0003000000142492354,8899,124.16422271728516,0.0,124.16422271728516
1,0.0003000000142492354,8909,129.54354858398438,0.0,129.54354858398438
1,0.0003000000142492354,8919,112.39810180664062,0.0,112.39810180664062
1,0.0003000000142492354,8929,138.3167266845703,0.0,138.3167266845703
1,0.0003000000142492354,8939,108.73934936523438,0.0,108.73934936523438
1,0.0003000000142492354,8949,111.6705322265625,0.0,111.6705322265625
1,0.0003000000142492354,8959,136.1617431640625,0.0,136.1617431640625
1,0.0003000000142492354,8969,114.64371490478516,0.0,114.64371490478516
1,0.0003000000142492354,8979,119.44677734375,0.0,119.44677734375
1,0.0003000000142492354,8989,121.55030822753906,0.0,121.55030822753906
1,0.0003000000142492354,8999,112.57881164550781,0.0,112.57881164550781
1,0.0003000000142492354,9009,120.25314331054688,0.0,120.25314331054688
1,0.0003000000142492354,9019,120.2774429321289,0.0,120.2774429321289
1,0.0003000000142492354,9029,113.58973693847656,0.0,113.58973693847656
1,0.0003000000142492354,9039,111.5389404296875,0.0,111.5389404296875
1,0.0003000000142492354,9049,113.308837890625,0.0,113.308837890625
1,0.0003000000142492354,9059,111.27125549316406,0.0,111.27125549316406
1,0.0003000000142492354,9069,116.90187072753906,0.0,116.90187072753906
1,0.0003000000142492354,9079,130.05532836914062,0.0,130.05532836914062
1,0.0003000000142492354,9089,127.69091796875,0.0,127.69091796875
1,0.0003000000142492354,9099,126.57321166992188,0.0,126.57321166992188
1,0.0003000000142492354,9109,129.36207580566406,0.0,129.36207580566406
1,0.0003000000142492354,9119,127.427490234375,0.0,127.427490234375
1,0.0003000000142492354,9129,108.84471893310547,0.0,108.84471893310547
1,0.0003000000142492354,9139,112.59222412109375,0.0,112.59222412109375
1,0.0003000000142492354,9149,106.93949890136719,0.0,106.93949890136719
1,0.0003000000142492354,9159,133.91122436523438,0.0,133.91122436523438
1,0.0003000000142492354,9169,116.96194458007812,0.0,116.96194458007812
1,0.0003000000142492354,9179,125.00318908691406,0.0,125.00318908691406
1,0.0003000000142492354,9189,112.06808471679688,0.0,112.06808471679688
1,0.0003000000142492354,9199,113.40130615234375,0.0,113.40130615234375
1,0.0003000000142492354,9209,113.232666015625,0.0,113.232666015625
1,0.0003000000142492354,9219,116.18858337402344,0.0,116.18858337402344
1,0.0003000000142492354,9229,112.71339416503906,0.0,112.71339416503906
1,0.0003000000142492354,9239,105.0112533569336,0.0,105.0112533569336
1,0.0003000000142492354,9249,133.45135498046875,0.0,133.45135498046875
1,0.0003000000142492354,9259,129.5519256591797,0.0,129.5519256591797
1,0.0003000000142492354,9269,112.02224731445312,0.0,112.02224731445312
1,0.0003000000142492354,9279,125.4969482421875,0.0,125.4969482421875
1,0.0003000000142492354,9289,111.3713150024414,0.0,111.3713150024414
1,0.0003000000142492354,9299,130.26095581054688,0.0,130.26095581054688
1,0.0003000000142492354,9309,116.930908203125,0.0,116.930908203125
1,0.0003000000142492354,9319,109.70967102050781,0.0,109.70967102050781
1,0.0003000000142492354,9329,125.45429992675781,0.0,125.45429992675781
1,0.0003000000142492354,9339,121.13094329833984,0.0,121.13094329833984
1,0.0003000000142492354,9349,112.97142028808594,0.0,112.97142028808594
1,0.0003000000142492354,9359,112.50077819824219,0.0,112.50077819824219
1,0.0003000000142492354,9369,130.8970489501953,0.0,130.8970489501953
1,0.0003000000142492354,9379,108.10321044921875,0.0,108.10321044921875
1,0.0003000000142492354,9389,110.095458984375,0.0,110.095458984375
1,0.0003000000142492354,9399,120.41552734375,0.0,120.41552734375
1,0.0003000000142492354,9409,120.56707000732422,0.0,120.56707000732422
1,0.0003000000142492354,9419,129.69766235351562,0.0,129.69766235351562
1,0.0003000000142492354,9429,116.49461364746094,0.0,116.49461364746094
1,0.0003000000142492354,9439,103.43531799316406,0.0,103.43531799316406
1,0.0003000000142492354,9449,114.18953704833984,0.0,114.18953704833984
1,0.0003000000142492354,9459,116.96407318115234,0.0,116.96407318115234
1,0.0003000000142492354,9469,100.08872985839844,0.0,100.08872985839844
1,0.0003000000142492354,9479,120.18101501464844,0.0,120.18101501464844
1,0.0003000000142492354,9489,114.19412231445312,0.0,114.19412231445312
1,0.0003000000142492354,9499,110.61466217041016,0.0,110.61466217041016
1,0.0003000000142492354,9509,102.38880157470703,0.0,102.38880157470703
1,0.0003000000142492354,9519,115.67822265625,0.0,115.67822265625
1,0.0003000000142492354,9529,107.18673706054688,0.0,107.18673706054688
1,0.0003000000142492354,9539,125.47354125976562,0.0,125.47354125976562
1,0.0003000000142492354,9549,115.63973999023438,0.0,115.63973999023438
1,0.0003000000142492354,9559,127.36309814453125,0.0,127.36309814453125
1,0.0003000000142492354,9569,109.1650390625,0.0,109.1650390625
1,0.0003000000142492354,9579,109.19468688964844,0.0,109.19468688964844
1,0.0003000000142492354,9589,118.54476165771484,0.0,118.54476165771484
1,0.0003000000142492354,9599,110.34574890136719,0.0,110.34574890136719
1,0.0003000000142492354,9609,110.88420104980469,0.0,110.88420104980469
1,0.0003000000142492354,9619,108.41178894042969,0.0,108.41178894042969
1,0.0003000000142492354,9629,121.70952606201172,0.0,121.70952606201172
1,0.0003000000142492354,9639,123.17851257324219,0.0,123.17851257324219
1,0.0003000000142492354,9649,114.37590026855469,0.0,114.37590026855469
1,0.0003000000142492354,9659,114.6689453125,0.0,114.6689453125
1,0.0003000000142492354,9669,117.19528198242188,0.0,117.19528198242188
1,0.0003000000142492354,9679,114.7143325805664,0.0,114.7143325805664
1,0.0003000000142492354,9689,114.14958190917969,0.0,114.14958190917969
1,0.0003000000142492354,9699,107.375244140625,0.0,107.375244140625
1,0.0003000000142492354,9709,123.79883575439453,0.0,123.79883575439453
1,0.0003000000142492354,9719,113.07926177978516,0.0,113.07926177978516
1,0.0003000000142492354,9729,123.93071746826172,0.0,123.93071746826172
1,0.0003000000142492354,9739,129.8135528564453,0.0,129.8135528564453
1,0.0003000000142492354,9749,130.63186645507812,0.0,130.63186645507812
1,0.0003000000142492354,9759,135.40869140625,0.0,135.40869140625
1,0.0003000000142492354,9769,110.19927978515625,0.0,110.19927978515625
1,0.0003000000142492354,9779,110.94645690917969,0.0,110.94645690917969
1,0.0003000000142492354,9789,121.37662506103516,0.0,121.37662506103516
1,0.0003000000142492354,9799,126.60214233398438,0.0,126.60214233398438
1,0.0003000000142492354,9809,122.20049285888672,0.0,122.20049285888672
1,0.0003000000142492354,9819,122.64189910888672,0.0,122.64189910888672
1,0.0003000000142492354,9829,111.80598449707031,0.0,111.80598449707031
1,0.0003000000142492354,9839,111.16221618652344,0.0,111.16221618652344
1,0.0003000000142492354,9849,125.51410675048828,0.0,125.51410675048828
1,0.0003000000142492354,9859,112.08616638183594,0.0,112.08616638183594
1,0.0003000000142492354,9869,128.54837036132812,0.0,128.54837036132812
1,0.0003000000142492354,9879,125.69181823730469,0.0,125.69181823730469
1,0.0003000000142492354,9889,111.7557373046875,0.0,111.7557373046875
1,0.0003000000142492354,9899,124.16960144042969,0.0,124.16960144042969
1,0.0003000000142492354,9909,115.63302612304688,0.0,115.63302612304688
1,0.0003000000142492354,9919,125.41810607910156,0.0,125.41810607910156
1,0.0003000000142492354,9929,115.12752532958984,0.0,115.12752532958984
1,0.0003000000142492354,9939,128.050537109375,0.0,128.050537109375
1,0.0003000000142492354,9949,113.37843322753906,0.0,113.37843322753906
1,0.0003000000142492354,9959,120.29109954833984,0.0,120.29109954833984
1,0.0003000000142492354,9969,116.59378051757812,0.0,116.59378051757812
1,0.0003000000142492354,9979,111.20597839355469,0.0,111.20597839355469
1,0.0003000000142492354,9989,108.20619201660156,0.0,108.20619201660156
1,0.0003000000142492354,9999,119.76241302490234,0.0,119.76241302490234
1,0.0003000000142492354,10009,106.79692077636719,0.0,106.79692077636719
1,0.0003000000142492354,10019,117.55880737304688,0.0,117.55880737304688
1,0.0003000000142492354,10029,101.83467864990234,0.0,101.83467864990234
1,0.0003000000142492354,10039,123.80136108398438,0.0,123.80136108398438
1,0.0003000000142492354,10049,107.06187438964844,0.0,107.06187438964844
1,0.0003000000142492354,10059,117.10536193847656,0.0,117.10536193847656
1,0.0003000000142492354,10069,130.54847717285156,0.0,130.54847717285156
1,0.0003000000142492354,10079,104.42689514160156,0.0,104.42689514160156
1,0.0003000000142492354,10089,115.40098571777344,0.0,115.40098571777344
1,0.0003000000142492354,10099,133.45855712890625,0.0,133.45855712890625
1,0.0003000000142492354,10109,109.82279968261719,0.0,109.82279968261719
1,0.0003000000142492354,10119,115.23655700683594,0.0,115.23655700683594
1,0.0003000000142492354,10129,120.4487075805664,0.0,120.4487075805664
1,0.0003000000142492354,10139,117.7576904296875,0.0,117.7576904296875
1,0.0003000000142492354,10149,111.53487396240234,0.0,111.53487396240234
1,0.0003000000142492354,10159,120.19075012207031,0.0,120.19075012207031
1,0.0003000000142492354,10169,123.06227111816406,0.0,123.06227111816406
1,0.0003000000142492354,10179,123.95988464355469,0.0,123.95988464355469
1,0.0003000000142492354,10189,95.8141098022461,0.0,95.8141098022461
1,0.0003000000142492354,10199,123.82493591308594,0.0,123.82493591308594
1,0.0003000000142492354,10209,130.16921997070312,0.0,130.16921997070312
1,0.0003000000142492354,10219,115.46733856201172,0.0,115.46733856201172
1,0.0003000000142492354,10229,136.00921630859375,0.0,136.00921630859375
1,0.0003000000142492354,10239,107.81097412109375,0.0,107.81097412109375
1,0.0003000000142492354,10249,131.64894104003906,0.0,131.64894104003906
1,0.0003000000142492354,10259,131.7506103515625,0.0,131.7506103515625
1,0.0003000000142492354,10269,139.63070678710938,0.0,139.63070678710938
1,0.0003000000142492354,10279,117.92147827148438,0.0,117.92147827148438
1,0.0003000000142492354,10289,100.54441833496094,0.0,100.54441833496094
1,0.0003000000142492354,10299,123.52407836914062,0.0,123.52407836914062
1,0.0003000000142492354,10309,111.89508056640625,0.0,111.89508056640625
1,0.0003000000142492354,10319,119.85816955566406,0.0,119.85816955566406
1,0.0003000000142492354,10329,115.68765258789062,0.0,115.68765258789062
1,0.0003000000142492354,10339,108.33082580566406,0.0,108.33082580566406
1,0.0003000000142492354,10349,106.90390014648438,0.0,106.90390014648438
1,0.0003000000142492354,10359,117.47325897216797,0.0,117.47325897216797
1,0.0003000000142492354,10369,109.90170288085938,0.0,109.90170288085938
1,0.0003000000142492354,10379,125.47796630859375,0.0,125.47796630859375
1,0.0003000000142492354,10389,126.98727416992188,0.0,126.98727416992188
1,0.0003000000142492354,10399,112.64470672607422,0.0,112.64470672607422
1,0.0003000000142492354,10409,114.23709106445312,0.0,114.23709106445312
1,0.0003000000142492354,10419,121.38463592529297,0.0,121.38463592529297
1,0.0003000000142492354,10429,120.78971862792969,0.0,120.78971862792969
1,0.0003000000142492354,10439,115.49691009521484,0.0,115.49691009521484
1,0.0003000000142492354,10449,118.22708892822266,0.0,118.22708892822266
1,0.0003000000142492354,10459,124.16083526611328,0.0,124.16083526611328
1,0.0003000000142492354,10469,127.3946533203125,0.0,127.3946533203125
1,0.0003000000142492354,10479,118.48997497558594,0.0,118.48997497558594
1,0.0003000000142492354,10489,105.16706848144531,0.0,105.16706848144531
1,0.0003000000142492354,10499,122.07337951660156,0.0,122.07337951660156
1,0.0003000000142492354,10509,129.08255004882812,0.0,129.08255004882812
1,0.0003000000142492354,10519,116.79044342041016,0.0,116.79044342041016
1,0.0003000000142492354,10529,113.34262084960938,0.0,113.34262084960938
1,0.0003000000142492354,10539,115.960205078125,0.0,115.960205078125
1,0.0003000000142492354,10549,114.65939331054688,0.0,114.65939331054688
1,0.0003000000142492354,10559,112.37580108642578,0.0,112.37580108642578
1,0.0003000000142492354,10569,123.57211303710938,0.0,123.57211303710938
1,0.0003000000142492354,10579,111.47907257080078,0.0,111.47907257080078
1,0.0003000000142492354,10589,108.34474182128906,0.0,108.34474182128906
1,0.0003000000142492354,10599,115.39363098144531,0.0,115.39363098144531
1,0.0003000000142492354,10609,97.33116149902344,0.0,97.33116149902344
1,0.0003000000142492354,10619,114.62625122070312,0.0,114.62625122070312
1,0.0003000000142492354,10629,114.61300659179688,0.0,114.61300659179688
1,0.0003000000142492354,10639,124.65321350097656,0.0,124.65321350097656
1,0.0003000000142492354,10649,119.51376342773438,0.0,119.51376342773438
1,0.0003000000142492354,10659,115.01113891601562,0.0,115.01113891601562
1,0.0003000000142492354,10669,118.89830780029297,0.0,118.89830780029297
1,0.0003000000142492354,10679,113.51605987548828,0.0,113.51605987548828
1,0.0003000000142492354,10689,102.97325134277344,0.0,102.97325134277344
1,0.0003000000142492354,10699,112.2287368774414,0.0,112.2287368774414
1,0.0003000000142492354,10709,126.3953628540039,0.0,126.3953628540039
1,0.0003000000142492354,10719,133.2477264404297,0.0,133.2477264404297
1,0.0003000000142492354,10729,134.53196716308594,0.0,134.53196716308594
1,0.0003000000142492354,10739,112.789306640625,0.0,112.789306640625
1,0.0003000000142492354,10749,112.4863510131836,0.0,112.4863510131836
1,0.0003000000142492354,10759,117.89161682128906,0.0,117.89161682128906
1,0.0003000000142492354,10769,123.38920593261719,0.0,123.38920593261719
1,0.0003000000142492354,10779,116.98580169677734,0.0,116.98580169677734
1,0.0003000000142492354,10789,106.69880676269531,0.0,106.69880676269531
1,0.0003000000142492354,10799,126.08871459960938,0.0,126.08871459960938
1,0.0003000000142492354,10809,133.5775146484375,0.0,133.5775146484375
1,0.0003000000142492354,10819,119.31983947753906,0.0,119.31983947753906
1,0.0003000000142492354,10829,130.84031677246094,0.0,130.84031677246094
1,0.0003000000142492354,10839,119.34015655517578,0.0,119.34015655517578
1,0.0003000000142492354,10849,118.4679946899414,0.0,118.4679946899414
1,0.0003000000142492354,10859,111.64669799804688,0.0,111.64669799804688
1,0.0003000000142492354,10869,123.6011962890625,0.0,123.6011962890625
1,0.0003000000142492354,10879,115.42384338378906,0.0,115.42384338378906
1,0.0003000000142492354,10889,119.80087280273438,0.0,119.80087280273438
1,0.0003000000142492354,10899,102.75116729736328,0.0,102.75116729736328
1,0.0003000000142492354,10909,119.84892272949219,0.0,119.84892272949219
1,0.0003000000142492354,10919,109.61189270019531,0.0,109.61189270019531
1,0.0003000000142492354,10929,137.63485717773438,0.0,137.63485717773438
1,0.0003000000142492354,10939,122.86119079589844,0.0,122.86119079589844
1,0.0003000000142492354,10949,128.88082885742188,0.0,128.88082885742188
1,0.0003000000142492354,10959,123.74043273925781,0.0,123.74043273925781
1,0.0003000000142492354,10969,122.4034423828125,0.0,122.4034423828125
1,0.0003000000142492354,10979,116.5487060546875,0.0,116.5487060546875
1,0.0003000000142492354,10989,127.56866455078125,0.0,127.56866455078125
1,0.0003000000142492354,10999,117.22618103027344,0.0,117.22618103027344
1,0.0003000000142492354,11009,119.66986846923828,0.0,119.66986846923828
1,0.0003000000142492354,11019,117.56356811523438,0.0,117.56356811523438
1,0.0003000000142492354,11029,112.68254089355469,0.0,112.68254089355469
1,0.0003000000142492354,11039,121.48519897460938,0.0,121.48519897460938
1,0.0003000000142492354,11049,115.28973388671875,0.0,115.28973388671875
1,0.0003000000142492354,11059,112.67323303222656,0.0,112.67323303222656
1,0.0003000000142492354,11069,110.0238037109375,0.0,110.0238037109375
1,0.0003000000142492354,11079,127.13238525390625,0.0,127.13238525390625
1,0.0003000000142492354,11089,115.49996185302734,0.0,115.49996185302734
1,0.0003000000142492354,11099,109.40072631835938,0.0,109.40072631835938
1,0.0003000000142492354,11109,105.37710571289062,0.0,105.37710571289062
1,0.0003000000142492354,11119,134.97439575195312,0.0,134.97439575195312
1,0.0003000000142492354,11129,123.10778045654297,0.0,123.10778045654297
1,0.0003000000142492354,11139,119.50199890136719,0.0,119.50199890136719
1,0.0003000000142492354,11149,123.20964050292969,0.0,123.20964050292969
1,0.0003000000142492354,11159,122.40721893310547,0.0,122.40721893310547
1,0.0003000000142492354,11169,115.02139282226562,0.0,115.02139282226562
1,0.0003000000142492354,11179,108.9424819946289,0.0,108.9424819946289
1,0.0003000000142492354,11189,122.40929412841797,0.0,122.40929412841797
1,0.0003000000142492354,11199,115.96148681640625,0.0,115.96148681640625
1,0.0003000000142492354,11209,115.94552612304688,0.0,115.94552612304688
1,0.0003000000142492354,11219,111.74249267578125,0.0,111.74249267578125
1,0.0003000000142492354,11229,123.83688354492188,0.0,123.83688354492188
1,0.0003000000142492354,11239,131.34237670898438,0.0,131.34237670898438
1,0.0003000000142492354,11249,125.61626434326172,0.0,125.61626434326172
1,0.0003000000142492354,11259,100.81611633300781,0.0,100.81611633300781
1,0.0003000000142492354,11269,108.12936401367188,0.0,108.12936401367188
1,0.0003000000142492354,11279,103.81853485107422,0.0,103.81853485107422
1,0.0003000000142492354,11289,138.50282287597656,0.0,138.50282287597656
1,0.0003000000142492354,11299,108.44523620605469,0.0,108.44523620605469
1,0.0003000000142492354,11309,128.236572265625,0.0,128.236572265625
1,0.0003000000142492354,11319,128.08070373535156,0.0,128.08070373535156
1,0.0003000000142492354,11329,122.20179748535156,0.0,122.20179748535156
1,0.0003000000142492354,11339,120.6043930053711,0.0,120.6043930053711
1,0.0003000000142492354,11349,125.5638198852539,0.0,125.5638198852539
1,0.0003000000142492354,11359,105.39258575439453,0.0,105.39258575439453
1,0.0003000000142492354,11369,107.76803588867188,0.0,107.76803588867188
1,0.0003000000142492354,11379,107.15478515625,0.0,107.15478515625
1,0.0003000000142492354,11389,123.02393341064453,0.0,123.02393341064453
1,0.0003000000142492354,11399,118.14199829101562,0.0,118.14199829101562
1,0.0003000000142492354,11409,108.96144104003906,0.0,108.96144104003906
1,0.0003000000142492354,11419,126.51306915283203,0.0,126.51306915283203
1,0.0003000000142492354,11429,118.17848205566406,0.0,118.17848205566406
1,0.0003000000142492354,11439,123.04825592041016,0.0,123.04825592041016
1,0.0003000000142492354,11449,143.59735107421875,0.0,143.59735107421875
1,0.0003000000142492354,11459,122.52497863769531,0.0,122.52497863769531
1,0.0003000000142492354,11469,108.84161376953125,0.0,108.84161376953125
1,0.0003000000142492354,11479,128.32733154296875,0.0,128.32733154296875
1,0.0003000000142492354,11489,120.31620025634766,0.0,120.31620025634766
1,0.0003000000142492354,11499,113.66346740722656,0.0,113.66346740722656
1,0.0003000000142492354,11509,106.50531768798828,0.0,106.50531768798828
1,0.0003000000142492354,11519,111.99378204345703,0.0,111.99378204345703
1,0.0003000000142492354,11529,121.36160278320312,0.0,121.36160278320312
1,0.0003000000142492354,11539,112.63790893554688,0.0,112.63790893554688
1,0.0003000000142492354,11549,103.16341400146484,0.0,103.16341400146484
1,0.0003000000142492354,11559,111.1195297241211,0.0,111.1195297241211
1,0.0003000000142492354,11569,114.06385040283203,0.0,114.06385040283203
1,0.0003000000142492354,11579,108.38700866699219,0.0,108.38700866699219
1,0.0003000000142492354,11589,129.0471954345703,0.0,129.0471954345703
1,0.0003000000142492354,11599,112.51860046386719,0.0,112.51860046386719
1,0.0003000000142492354,11609,130.8977508544922,0.0,130.8977508544922
1,0.0003000000142492354,11619,122.35862731933594,0.0,122.35862731933594
1,0.0003000000142492354,11629,116.63224792480469,0.0,116.63224792480469
1,0.0003000000142492354,11639,133.755615234375,0.0,133.755615234375
1,0.0003000000142492354,11649,117.47207641601562,0.0,117.47207641601562
1,0.0003000000142492354,11659,114.9647216796875,0.0,114.9647216796875
1,0.0003000000142492354,11669,111.68756866455078,0.0,111.68756866455078
1,0.0003000000142492354,11679,97.21128845214844,0.0,97.21128845214844
1,0.0003000000142492354,11689,132.47671508789062,0.0,132.47671508789062
1,0.0003000000142492354,11699,103.27728271484375,0.0,103.27728271484375
1,0.0003000000142492354,11709,124.05917358398438,0.0,124.05917358398438
1,0.0003000000142492354,11719,117.7090072631836,0.0,117.7090072631836
1,0.0003000000142492354,11729,110.98808288574219,0.0,110.98808288574219
1,0.0003000000142492354,11739,126.86708068847656,0.0,126.86708068847656
1,0.0003000000142492354,11749,116.47750854492188,0.0,116.47750854492188
1,0.0003000000142492354,11759,113.79388427734375,0.0,113.79388427734375
1,0.0003000000142492354,11769,102.275390625,0.0,102.275390625
1,0.0003000000142492354,11779,125.56222534179688,0.0,125.56222534179688
1,0.0003000000142492354,11789,126.06206512451172,0.0,126.06206512451172
1,0.0003000000142492354,11799,122.59739685058594,0.0,122.59739685058594
1,0.0003000000142492354,11809,114.33963012695312,0.0,114.33963012695312
1,0.0003000000142492354,11819,94.31122589111328,0.0,94.31122589111328
1,0.0003000000142492354,11829,101.35391235351562,0.0,101.35391235351562
1,0.0003000000142492354,11839,114.0877456665039,0.0,114.0877456665039
1,0.0003000000142492354,11849,122.96218872070312,0.0,122.96218872070312
1,0.0003000000142492354,11859,121.65795135498047,0.0,121.65795135498047
1,0.0003000000142492354,11869,121.87216186523438,0.0,121.87216186523438
1,0.0003000000142492354,11879,127.51663208007812,0.0,127.51663208007812
1,0.0003000000142492354,11889,106.83209228515625,0.0,106.83209228515625
1,0.0003000000142492354,11899,127.13241577148438,0.0,127.13241577148438
1,0.0003000000142492354,11909,123.26637268066406,0.0,123.26637268066406
1,0.0003000000142492354,11919,122.41082763671875,0.0,122.41082763671875
1,0.0003000000142492354,11929,113.66205596923828,0.0,113.66205596923828
1,0.0003000000142492354,11939,120.6716537475586,0.0,120.6716537475586
1,0.0003000000142492354,11949,106.36064910888672,0.0,106.36064910888672
1,0.0003000000142492354,11959,120.82311248779297,0.0,120.82311248779297
1,0.0003000000142492354,11969,107.72825622558594,0.0,107.72825622558594
1,0.0003000000142492354,11979,122.38255310058594,0.0,122.38255310058594
1,0.0003000000142492354,11989,119.17147827148438,0.0,119.17147827148438
1,0.0003000000142492354,11999,123.06880187988281,0.0,123.06880187988281
1,0.0003000000142492354,12009,116.325439453125,0.0,116.325439453125
1,0.0003000000142492354,12019,127.54751586914062,0.0,127.54751586914062
1,0.0003000000142492354,12029,134.6919708251953,0.0,134.6919708251953
1,0.0003000000142492354,12039,103.97500610351562,0.0,103.97500610351562
1,0.0003000000142492354,12049,118.86170959472656,0.0,118.86170959472656
1,0.0003000000142492354,12059,127.2375259399414,0.0,127.2375259399414
1,0.0003000000142492354,12069,111.24955749511719,0.0,111.24955749511719
1,0.0003000000142492354,12079,119.00499725341797,0.0,119.00499725341797
1,0.0003000000142492354,12089,121.32084655761719,0.0,121.32084655761719
1,0.0003000000142492354,12099,104.72700500488281,0.0,104.72700500488281
1,0.0003000000142492354,12109,130.874755859375,0.0,130.874755859375
1,0.0003000000142492354,12119,106.81718444824219,0.0,106.81718444824219
1,0.0003000000142492354,12129,112.91069030761719,0.0,112.91069030761719
1,0.0003000000142492354,12139,115.24553680419922,0.0,115.24553680419922
1,0.0003000000142492354,12149,97.91633605957031,0.0,97.91633605957031
1,0.0003000000142492354,12159,101.55099487304688,0.0,101.55099487304688
1,0.0003000000142492354,12169,111.625244140625,0.0,111.625244140625
1,0.0003000000142492354,12179,112.7331771850586,0.0,112.7331771850586
1,0.0003000000142492354,12189,107.19974517822266,0.0,107.19974517822266
1,0.0003000000142492354,12199,131.57595825195312,0.0,131.57595825195312
1,0.0003000000142492354,12209,111.34676361083984,0.0,111.34676361083984
1,0.0003000000142492354,12219,118.22615051269531,0.0,118.22615051269531
1,0.0003000000142492354,12229,115.45378112792969,0.0,115.45378112792969
1,0.0003000000142492354,12239,123.2274398803711,0.0,123.2274398803711
1,0.0003000000142492354,12249,113.8135757446289,0.0,113.8135757446289
1,0.0003000000142492354,12259,110.92884826660156,0.0,110.92884826660156
1,0.0003000000142492354,12269,115.39321899414062,0.0,115.39321899414062
1,0.0003000000142492354,12279,119.18385314941406,0.0,119.18385314941406
1,0.0003000000142492354,12289,126.20377349853516,0.0,126.20377349853516
1,0.0003000000142492354,12299,116.0112075805664,0.0,116.0112075805664
1,0.0003000000142492354,12309,127.96922302246094,0.0,127.96922302246094
1,0.0003000000142492354,12319,117.27842712402344,0.0,117.27842712402344
1,0.0003000000142492354,12329,118.36721801757812,0.0,118.36721801757812
1,0.0003000000142492354,12339,136.18971252441406,0.0,136.18971252441406
1,0.0003000000142492354,12349,112.87271881103516,0.0,112.87271881103516
1,0.0003000000142492354,12359,106.4203109741211,0.0,106.4203109741211
1,0.0003000000142492354,12369,121.38856506347656,0.0,121.38856506347656
1,0.0003000000142492354,12379,118.24365234375,0.0,118.24365234375
1,0.0003000000142492354,12389,118.15435791015625,0.0,118.15435791015625
1,0.0003000000142492354,12399,121.61570739746094,0.0,121.61570739746094
1,0.0003000000142492354,12409,116.12147521972656,0.0,116.12147521972656
1,0.0003000000142492354,12419,110.75757598876953,0.0,110.75757598876953
1,0.0003000000142492354,12429,125.24369049072266,0.0,125.24369049072266
1,0.0003000000142492354,12439,110.43756103515625,0.0,110.43756103515625
1,0.0003000000142492354,12449,108.56583404541016,0.0,108.56583404541016
1,0.0003000000142492354,12459,125.334716796875,0.0,125.334716796875
1,0.0003000000142492354,12469,109.80805206298828,0.0,109.80805206298828
1,0.0003000000142492354,12479,109.60787200927734,0.0,109.60787200927734
1,0.0003000000142492354,12489,110.16694641113281,0.0,110.16694641113281
1,0.0003000000142492354,12499,119.05680084228516,0.0,119.05680084228516
1,0.0003000000142492354,12509,139.40875244140625,0.0,139.40875244140625
1,0.0003000000142492354,12519,126.45147705078125,0.0,126.45147705078125
1,0.0003000000142492354,12529,109.56462860107422,0.0,109.56462860107422
1,0.0003000000142492354,12539,121.94551086425781,0.0,121.94551086425781
1,0.0003000000142492354,12549,112.21357727050781,0.0,112.21357727050781
1,0.0003000000142492354,12559,124.58089447021484,0.0,124.58089447021484
1,0.0003000000142492354,12569,109.46595764160156,0.0,109.46595764160156
1,0.0003000000142492354,12579,112.42543029785156,0.0,112.42543029785156
1,0.0003000000142492354,12589,99.48355102539062,0.0,99.48355102539062
1,0.0003000000142492354,12599,115.48988342285156,0.0,115.48988342285156
1,0.0003000000142492354,12609,99.82603454589844,0.0,99.82603454589844
1,0.0003000000142492354,12619,111.36640167236328,0.0,111.36640167236328
1,0.0003000000142492354,12629,118.24188995361328,0.0,118.24188995361328
1,0.0003000000142492354,12639,117.7196044921875,0.0,117.7196044921875
1,0.0003000000142492354,12649,103.93740844726562,0.0,103.93740844726562
1,0.0003000000142492354,12659,115.9255142211914,0.0,115.9255142211914
1,0.0003000000142492354,12669,116.61595916748047,0.0,116.61595916748047
1,0.0003000000142492354,12679,113.51750946044922,0.0,113.51750946044922
1,0.0003000000142492354,12689,133.8494110107422,0.0,133.8494110107422
1,0.0003000000142492354,12699,116.0548324584961,0.0,116.0548324584961
1,0.0003000000142492354,12709,112.414306640625,0.0,112.414306640625
1,0.0003000000142492354,12719,119.63157653808594,0.0,119.63157653808594
1,0.0003000000142492354,12729,135.7271270751953,0.0,135.7271270751953
1,0.0003000000142492354,12739,111.94670104980469,0.0,111.94670104980469
1,0.0003000000142492354,12749,120.36861419677734,0.0,120.36861419677734
1,0.0003000000142492354,12759,117.34335327148438,0.0,117.34335327148438
1,0.0003000000142492354,12769,131.32598876953125,0.0,131.32598876953125
1,0.0003000000142492354,12779,104.67320251464844,0.0,104.67320251464844
1,0.0003000000142492354,12789,129.1884765625,0.0,129.1884765625
1,0.0003000000142492354,12799,112.5352783203125,0.0,112.5352783203125
1,0.0003000000142492354,12809,115.59053039550781,0.0,115.59053039550781
1,0.0003000000142492354,12819,112.6650390625,0.0,112.6650390625
1,0.0003000000142492354,12829,124.47492218017578,0.0,124.47492218017578
1,0.0003000000142492354,12839,104.94248962402344,0.0,104.94248962402344
1,0.0003000000142492354,12849,124.43304443359375,0.0,124.43304443359375
1,0.0003000000142492354,12859,124.88964080810547,0.0,124.88964080810547
1,0.0003000000142492354,12869,114.34074401855469,0.0,114.34074401855469
1,0.0003000000142492354,12879,119.455810546875,0.0,119.455810546875
1,0.0003000000142492354,12889,124.42477416992188,0.0,124.42477416992188
1,0.0003000000142492354,12899,121.91960144042969,0.0,121.91960144042969
1,0.0003000000142492354,12909,115.77694702148438,0.0,115.77694702148438
1,0.0003000000142492354,12919,102.64259338378906,0.0,102.64259338378906
1,0.0003000000142492354,12929,117.11406707763672,0.0,117.11406707763672
1,0.0003000000142492354,12939,120.36355590820312,0.0,120.36355590820312
1,0.0003000000142492354,12949,113.9508056640625,0.0,113.9508056640625
1,0.0003000000142492354,12959,109.32000732421875,0.0,109.32000732421875
1,0.0003000000142492354,12969,109.18563842773438,0.0,109.18563842773438
1,0.0003000000142492354,12979,107.46615600585938,0.0,107.46615600585938
1,0.0003000000142492354,12989,103.48065185546875,0.0,103.48065185546875
1,0.0003000000142492354,12999,113.64814758300781,0.0,113.64814758300781
1,0.0003000000142492354,13009,105.85932922363281,0.0,105.85932922363281
1,0.0003000000142492354,13019,110.31841278076172,0.0,110.31841278076172
1,0.0003000000142492354,13029,109.62942504882812,0.0,109.62942504882812
1,0.0003000000142492354,13039,100.71031188964844,0.0,100.71031188964844
1,0.0003000000142492354,13049,105.94312286376953,0.0,105.94312286376953
1,0.0003000000142492354,13059,124.77816772460938,0.0,124.77816772460938
1,0.0003000000142492354,13069,118.58976745605469,0.0,118.58976745605469
1,0.0003000000142492354,13079,107.4222412109375,0.0,107.4222412109375
1,0.0003000000142492354,13089,117.90093994140625,0.0,117.90093994140625
1,0.0003000000142492354,13099,119.82887268066406,0.0,119.82887268066406
1,0.0003000000142492354,13109,134.29055786132812,0.0,134.29055786132812
1,0.0003000000142492354,13119,101.810791015625,0.0,101.810791015625
1,0.0003000000142492354,13129,117.72186279296875,0.0,117.72186279296875
1,0.0003000000142492354,13139,104.79830169677734,0.0,104.79830169677734
1,0.0003000000142492354,13149,117.07869720458984,0.0,117.07869720458984
1,0.0003000000142492354,13159,111.91600036621094,0.0,111.91600036621094
1,0.0003000000142492354,13169,109.69290161132812,0.0,109.69290161132812
1,0.0003000000142492354,13179,119.87684631347656,0.0,119.87684631347656
1,0.0003000000142492354,13189,105.55470275878906,0.0,105.55470275878906
1,0.0003000000142492354,13199,107.3056411743164,0.0,107.3056411743164
1,0.0003000000142492354,13209,116.91069030761719,0.0,116.91069030761719
1,0.0003000000142492354,13219,109.14871978759766,0.0,109.14871978759766
1,0.0003000000142492354,13229,122.81153869628906,0.0,122.81153869628906
1,0.0003000000142492354,13239,134.49171447753906,0.0,134.49171447753906
1,0.0003000000142492354,13249,108.15127563476562,0.0,108.15127563476562
1,0.0003000000142492354,13259,111.01740264892578,0.0,111.01740264892578
1,0.0003000000142492354,13269,117.30779266357422,0.0,117.30779266357422
1,0.0003000000142492354,13279,106.03517150878906,0.0,106.03517150878906
1,0.0003000000142492354,13289,108.59172821044922,0.0,108.59172821044922
1,0.0003000000142492354,13299,112.23639678955078,0.0,112.23639678955078
1,0.0003000000142492354,13309,119.69091033935547,0.0,119.69091033935547
1,0.0003000000142492354,13319,116.22588348388672,0.0,116.22588348388672
1,0.0003000000142492354,13329,118.03173828125,0.0,118.03173828125
1,0.0003000000142492354,13339,126.53884887695312,0.0,126.53884887695312
1,0.0003000000142492354,13349,111.46353149414062,0.0,111.46353149414062
1,0.0003000000142492354,13359,117.71331787109375,0.0,117.71331787109375
1,0.0003000000142492354,13369,112.82023620605469,0.0,112.82023620605469
1,0.0003000000142492354,13379,117.34292602539062,0.0,117.34292602539062
1,0.0003000000142492354,13389,115.99118041992188,0.0,115.99118041992188
1,0.0003000000142492354,13399,114.21443176269531,0.0,114.21443176269531
1,0.0003000000142492354,13409,126.8436508178711,0.0,126.8436508178711
1,0.0003000000142492354,13419,113.31240844726562,0.0,113.31240844726562
1,0.0003000000142492354,13429,113.23097229003906,0.0,113.23097229003906
1,0.0003000000142492354,13439,101.26972198486328,0.0,101.26972198486328
1,0.0003000000142492354,13449,109.06568908691406,0.0,109.06568908691406
1,0.0003000000142492354,13459,123.54685974121094,0.0,123.54685974121094
1,0.0003000000142492354,13469,105.39337158203125,0.0,105.39337158203125
1,0.0003000000142492354,13479,134.87298583984375,0.0,134.87298583984375
1,0.0003000000142492354,13489,115.43240356445312,0.0,115.43240356445312
1,0.0003000000142492354,13499,106.33880615234375,0.0,106.33880615234375
1,0.0003000000142492354,13509,123.48424530029297,0.0,123.48424530029297
1,0.0003000000142492354,13519,111.24186706542969,0.0,111.24186706542969
1,0.0003000000142492354,13529,125.38447570800781,0.0,125.38447570800781
1,0.0003000000142492354,13539,111.63722229003906,0.0,111.63722229003906
1,0.0003000000142492354,13549,141.95867919921875,0.0,141.95867919921875
1,0.0003000000142492354,13559,121.31320190429688,0.0,121.31320190429688
1,0.0003000000142492354,13569,117.23242950439453,0.0,117.23242950439453
1,0.0003000000142492354,13579,112.47261047363281,0.0,112.47261047363281
1,0.0003000000142492354,13589,109.89640808105469,0.0,109.89640808105469
1,0.0003000000142492354,13599,117.5520248413086,0.0,117.5520248413086
1,0.0003000000142492354,13609,106.4879150390625,0.0,106.4879150390625
1,0.0003000000142492354,13619,108.45684814453125,0.0,108.45684814453125
1,0.0003000000142492354,13629,117.48344421386719,0.0,117.48344421386719
1,0.0003000000142492354,13639,116.31127166748047,0.0,116.31127166748047
1,0.0003000000142492354,13649,113.44783020019531,0.0,113.44783020019531
1,0.0003000000142492354,13659,108.54512023925781,0.0,108.54512023925781
1,0.0003000000142492354,13669,107.10218811035156,0.0,107.10218811035156
1,0.0003000000142492354,13679,121.56696319580078,0.0,121.56696319580078
1,0.0003000000142492354,13689,133.01925659179688,0.0,133.01925659179688
1,0.0003000000142492354,13699,111.74812316894531,0.0,111.74812316894531
1,0.0003000000142492354,13709,118.8302001953125,0.0,118.8302001953125
1,0.0003000000142492354,13719,113.7919921875,0.0,113.7919921875
1,0.0003000000142492354,13729,112.39045715332031,0.0,112.39045715332031
1,0.0003000000142492354,13739,108.16332244873047,0.0,108.16332244873047
1,0.0003000000142492354,13749,111.76036071777344,0.0,111.76036071777344
1,0.0003000000142492354,13759,117.67725372314453,0.0,117.67725372314453
1,0.0003000000142492354,13769,113.47438049316406,0.0,113.47438049316406
1,0.0003000000142492354,13779,120.28378295898438,0.0,120.28378295898438
1,0.0003000000142492354,13789,105.09696960449219,0.0,105.09696960449219
1,0.0003000000142492354,13799,134.05010986328125,0.0,134.05010986328125
1,0.0003000000142492354,13809,114.13894653320312,0.0,114.13894653320312
1,0.0003000000142492354,13819,134.11862182617188,0.0,134.11862182617188
1,0.0003000000142492354,13829,112.60131072998047,0.0,112.60131072998047
1,0.0003000000142492354,13839,113.44843292236328,0.0,113.44843292236328
1,0.0003000000142492354,13849,114.9742202758789,0.0,114.9742202758789
1,0.0003000000142492354,13859,117.69466400146484,0.0,117.69466400146484
1,0.0003000000142492354,13869,105.05901336669922,0.0,105.05901336669922
1,0.0003000000142492354,13879,122.64371490478516,0.0,122.64371490478516
1,0.0003000000142492354,13889,124.19979095458984,0.0,124.19979095458984
1,0.0003000000142492354,13899,119.71821594238281,0.0,119.71821594238281
1,0.0003000000142492354,13909,118.77792358398438,0.0,118.77792358398438
1,0.0003000000142492354,13919,101.03987884521484,0.0,101.03987884521484
1,0.0003000000142492354,13929,120.12267303466797,0.0,120.12267303466797
1,0.0003000000142492354,13939,114.44611358642578,0.0,114.44611358642578
1,0.0003000000142492354,13949,124.71247100830078,0.0,124.71247100830078
1,0.0003000000142492354,13959,122.2559585571289,0.0,122.2559585571289
1,0.0003000000142492354,13969,116.9447021484375,0.0,116.9447021484375
1,0.0003000000142492354,13979,103.63697052001953,0.0,103.63697052001953
1,0.0003000000142492354,13989,107.34903717041016,0.0,107.34903717041016
1,0.0003000000142492354,13999,123.34822845458984,0.0,123.34822845458984
1,0.0003000000142492354,14009,133.02777099609375,0.0,133.02777099609375
1,0.0003000000142492354,14019,105.03840637207031,0.0,105.03840637207031
1,0.0003000000142492354,14029,102.46159362792969,0.0,102.46159362792969
1,0.0003000000142492354,14039,112.14350891113281,0.0,112.14350891113281
1,0.0003000000142492354,14049,112.16091918945312,0.0,112.16091918945312
1,0.0003000000142492354,14059,114.66361999511719,0.0,114.66361999511719
1,0.0003000000142492354,14069,114.8214111328125,0.0,114.8214111328125
1,0.0003000000142492354,14079,123.02962493896484,0.0,123.02962493896484
1,0.0003000000142492354,14089,113.96283721923828,0.0,113.96283721923828
1,0.0003000000142492354,14099,110.06189727783203,0.0,110.06189727783203
1,0.0003000000142492354,14109,118.60045623779297,0.0,118.60045623779297
1,0.0003000000142492354,14119,115.21450805664062,0.0,115.21450805664062
1,0.0003000000142492354,14129,115.06892395019531,0.0,115.06892395019531
1,0.0003000000142492354,14139,122.63404846191406,0.0,122.63404846191406
1,0.0003000000142492354,14149,116.322265625,0.0,116.322265625
1,0.0003000000142492354,14159,112.37301635742188,0.0,112.37301635742188
1,0.0003000000142492354,14169,110.11630249023438,0.0,110.11630249023438
1,0.0003000000142492354,14179,119.76824951171875,0.0,119.76824951171875
1,0.0003000000142492354,14189,126.188232421875,0.0,126.188232421875
1,0.0003000000142492354,14199,107.11405181884766,0.0,107.11405181884766
1,0.0003000000142492354,14209,108.51129913330078,0.0,108.51129913330078
1,0.0003000000142492354,14219,133.34075927734375,0.0,133.34075927734375
1,0.0003000000142492354,14229,117.67054748535156,0.0,117.67054748535156
1,0.0003000000142492354,14239,120.94071960449219,0.0,120.94071960449219
1,0.0003000000142492354,14249,129.1458740234375,0.0,129.1458740234375
1,0.0003000000142492354,14259,112.48686218261719,0.0,112.48686218261719
1,0.0003000000142492354,14269,96.86279296875,0.0,96.86279296875
1,0.0003000000142492354,14279,116.61697387695312,0.0,116.61697387695312
1,0.0003000000142492354,14289,119.01393127441406,0.0,119.01393127441406
1,0.0003000000142492354,14299,117.06777954101562,0.0,117.06777954101562
1,0.0003000000142492354,14309,122.55369567871094,0.0,122.55369567871094
1,0.0003000000142492354,14319,99.28792572021484,0.0,99.28792572021484
1,0.0003000000142492354,14329,122.07952880859375,0.0,122.07952880859375
1,0.0003000000142492354,14339,101.57111358642578,0.0,101.57111358642578
1,0.0003000000142492354,14349,122.66732788085938,0.0,122.66732788085938
1,0.0003000000142492354,14359,140.1361541748047,0.0,140.1361541748047
1,0.0003000000142492354,14369,118.00577545166016,0.0,118.00577545166016
1,0.0003000000142492354,14379,114.85025024414062,0.0,114.85025024414062
1,0.0003000000142492354,14389,128.8001251220703,0.0,128.8001251220703
1,0.0003000000142492354,14399,118.41542053222656,0.0,118.41542053222656
1,0.0003000000142492354,14409,88.38164520263672,0.0,88.38164520263672
1,0.0003000000142492354,14419,108.44998168945312,0.0,108.44998168945312
1,0.0003000000142492354,14429,116.40853881835938,0.0,116.40853881835938
1,0.0003000000142492354,14439,115.03933715820312,0.0,115.03933715820312
1,0.0003000000142492354,14449,122.67929077148438,0.0,122.67929077148438
1,0.0003000000142492354,14459,109.620361328125,0.0,109.620361328125
1,0.0003000000142492354,14469,116.12345886230469,0.0,116.12345886230469
1,0.0003000000142492354,14479,116.42417907714844,0.0,116.42417907714844
1,0.0003000000142492354,14489,128.041015625,0.0,128.041015625
1,0.0003000000142492354,14499,121.0241928100586,0.0,121.0241928100586
1,0.0003000000142492354,14509,108.93757629394531,0.0,108.93757629394531
1,0.0003000000142492354,14519,116.7181167602539,0.0,116.7181167602539
1,0.0003000000142492354,14529,115.693115234375,0.0,115.693115234375
1,0.0003000000142492354,14539,109.33953857421875,0.0,109.33953857421875
1,0.0003000000142492354,14549,123.69285583496094,0.0,123.69285583496094
1,0.0003000000142492354,14559,113.86214447021484,0.0,113.86214447021484
1,0.0003000000142492354,14569,123.77230072021484,0.0,123.77230072021484
1,0.0003000000142492354,14579,128.8074951171875,0.0,128.8074951171875
1,0.0003000000142492354,14589,115.19747161865234,0.0,115.19747161865234
1,0.0003000000142492354,14599,126.71017456054688,0.0,126.71017456054688
1,0.0003000000142492354,14609,115.62761688232422,0.0,115.62761688232422
1,0.0003000000142492354,14619,120.17540740966797,0.0,120.17540740966797
1,0.0003000000142492354,14629,115.90841674804688,0.0,115.90841674804688
1,0.0003000000142492354,14639,115.51693725585938,0.0,115.51693725585938
1,0.0003000000142492354,14649,107.95894622802734,0.0,107.95894622802734
1,0.0003000000142492354,14659,128.9609375,0.0,128.9609375
1,0.0003000000142492354,14669,116.70147705078125,0.0,116.70147705078125
1,0.0003000000142492354,14679,106.34555053710938,0.0,106.34555053710938
1,0.0003000000142492354,14689,128.09974670410156,0.0,128.09974670410156
1,0.0003000000142492354,14699,112.24858093261719,0.0,112.24858093261719
1,0.0003000000142492354,14709,134.95321655273438,0.0,134.95321655273438
1,0.0003000000142492354,14719,117.3179931640625,0.0,117.3179931640625
1,0.0003000000142492354,14729,140.654052734375,0.0,140.654052734375
1,0.0003000000142492354,14739,104.90589904785156,0.0,104.90589904785156
1,0.0003000000142492354,14749,117.53688049316406,0.0,117.53688049316406
1,0.0003000000142492354,14759,108.92689514160156,0.0,108.92689514160156
1,0.0003000000142492354,14769,129.29254150390625,0.0,129.29254150390625
1,0.0003000000142492354,14779,113.67935180664062,0.0,113.67935180664062
1,0.0003000000142492354,14789,137.57772827148438,0.0,137.57772827148438
1,0.0003000000142492354,14799,122.97685241699219,0.0,122.97685241699219
1,0.0003000000142492354,14809,103.5262451171875,0.0,103.5262451171875
1,0.0003000000142492354,14819,111.68391418457031,0.0,111.68391418457031
1,0.0003000000142492354,14829,130.80831909179688,0.0,130.80831909179688
1,0.0003000000142492354,14839,106.97171020507812,0.0,106.97171020507812
1,0.0003000000142492354,14849,110.45048522949219,0.0,110.45048522949219
1,0.0003000000142492354,14859,114.47166442871094,0.0,114.47166442871094
1,0.0003000000142492354,14869,120.16357421875,0.0,120.16357421875
1,0.0003000000142492354,14879,119.56500244140625,0.0,119.56500244140625
1,0.0003000000142492354,14889,111.19281768798828,0.0,111.19281768798828
1,0.0003000000142492354,14899,104.00099182128906,0.0,104.00099182128906
1,0.0003000000142492354,14909,125.72431182861328,0.0,125.72431182861328
1,0.0003000000142492354,14919,110.61119079589844,0.0,110.61119079589844
1,0.0003000000142492354,14929,117.55229949951172,0.0,117.55229949951172
1,0.0003000000142492354,14939,124.8914566040039,0.0,124.8914566040039
1,0.0003000000142492354,14949,119.41598510742188,0.0,119.41598510742188
1,0.0003000000142492354,14959,125.80445861816406,0.0,125.80445861816406
1,0.0003000000142492354,14969,102.03889465332031,0.0,102.03889465332031
1,0.0003000000142492354,14979,103.76811218261719,0.0,103.76811218261719
1,0.0003000000142492354,14989,111.9509048461914,0.0,111.9509048461914
1,0.0003000000142492354,14999,123.56634521484375,0.0,123.56634521484375
1,0.0003000000142492354,15009,129.43978881835938,0.0,129.43978881835938
1,0.0003000000142492354,15019,103.44316101074219,0.0,103.44316101074219
1,0.0003000000142492354,15029,129.7058563232422,0.0,129.7058563232422
1,0.0003000000142492354,15039,116.97693634033203,0.0,116.97693634033203
1,0.0003000000142492354,15049,120.97028350830078,0.0,120.97028350830078
1,0.0003000000142492354,15059,129.4685516357422,0.0,129.4685516357422
1,0.0003000000142492354,15069,104.9095230102539,0.0,104.9095230102539
1,0.0003000000142492354,15079,116.58402252197266,0.0,116.58402252197266
1,0.0003000000142492354,15089,117.88267517089844,0.0,117.88267517089844
1,0.0003000000142492354,15099,110.80244445800781,0.0,110.80244445800781
1,0.0003000000142492354,15109,111.10447692871094,0.0,111.10447692871094
1,0.0003000000142492354,15119,118.50276184082031,0.0,118.50276184082031
1,0.0003000000142492354,15129,112.62975311279297,0.0,112.62975311279297
1,0.0003000000142492354,15139,105.61119079589844,0.0,105.61119079589844
1,0.0003000000142492354,15149,103.10513305664062,0.0,103.10513305664062
1,0.0003000000142492354,15159,120.39703369140625,0.0,120.39703369140625
1,0.0003000000142492354,15169,126.26038360595703,0.0,126.26038360595703
1,0.0003000000142492354,15179,132.3002166748047,0.0,132.3002166748047
1,0.0003000000142492354,15189,137.09027099609375,0.0,137.09027099609375
1,0.0003000000142492354,15199,120.52476501464844,0.0,120.52476501464844
1,0.0003000000142492354,15209,109.09671020507812,0.0,109.09671020507812
1,0.0003000000142492354,15219,124.73255157470703,0.0,124.73255157470703
1,0.0003000000142492354,15229,97.54727935791016,0.0,97.54727935791016
1,0.0003000000142492354,15239,104.01508331298828,0.0,104.01508331298828
1,0.0003000000142492354,15249,115.90708923339844,0.0,115.90708923339844
1,0.0003000000142492354,15259,114.09260559082031,0.0,114.09260559082031
1,0.0003000000142492354,15269,127.55856323242188,0.0,127.55856323242188
1,0.0003000000142492354,15279,132.1529998779297,0.0,132.1529998779297
1,0.0003000000142492354,15289,120.54235076904297,0.0,120.54235076904297
1,0.0003000000142492354,15299,128.45108032226562,0.0,128.45108032226562
1,0.0003000000142492354,15309,113.01860809326172,0.0,113.01860809326172
1,0.0003000000142492354,15319,104.98603820800781,0.0,104.98603820800781
1,0.0003000000142492354,15329,122.49050903320312,0.0,122.49050903320312
1,0.0003000000142492354,15339,128.93692016601562,0.0,128.93692016601562
1,0.0003000000142492354,15349,104.51069641113281,0.0,104.51069641113281
1,0.0003000000142492354,15359,120.40365600585938,0.0,120.40365600585938
1,0.0003000000142492354,15369,112.47965240478516,0.0,112.47965240478516
1,0.0003000000142492354,15379,119.61984252929688,0.0,119.61984252929688
1,0.0003000000142492354,15389,111.84086608886719,0.0,111.84086608886719
1,0.0003000000142492354,15399,131.32174682617188,0.0,131.32174682617188
1,0.0003000000142492354,15409,121.18038940429688,0.0,121.18038940429688
1,0.0003000000142492354,15419,113.77953338623047,0.0,113.77953338623047
1,0.0003000000142492354,15429,103.85017395019531,0.0,103.85017395019531
1,0.0003000000142492354,15439,119.1226806640625,0.0,119.1226806640625
1,0.0003000000142492354,15449,119.65904235839844,0.0,119.65904235839844
1,0.0003000000142492354,15459,106.16287231445312,0.0,106.16287231445312
1,0.0003000000142492354,15469,123.82891082763672,0.0,123.82891082763672
1,0.0003000000142492354,15479,125.6940689086914,0.0,125.6940689086914
1,0.0003000000142492354,15489,113.0798110961914,0.0,113.0798110961914
1,0.0003000000142492354,15499,112.12091064453125,0.0,112.12091064453125
1,0.0003000000142492354,15509,139.60997009277344,0.0,139.60997009277344
1,0.0003000000142492354,15519,128.73544311523438,0.0,128.73544311523438
1,0.0003000000142492354,15529,120.62715148925781,0.0,120.62715148925781
1,0.0003000000142492354,15539,107.79847717285156,0.0,107.79847717285156
1,0.0003000000142492354,15549,115.90413665771484,0.0,115.90413665771484
1,0.0003000000142492354,15559,105.83213806152344,0.0,105.83213806152344
1,0.0003000000142492354,15569,112.51522064208984,0.0,112.51522064208984
1,0.0003000000142492354,15579,107.35171508789062,0.0,107.35171508789062
1,0.0003000000142492354,15589,121.14620971679688,0.0,121.14620971679688
1,0.0003000000142492354,15599,106.17455291748047,0.0,106.17455291748047
1,0.0003000000142492354,15609,127.05498504638672,0.0,127.05498504638672
1,0.0003000000142492354,15619,130.18350219726562,0.0,130.18350219726562
1,0.0003000000142492354,15629,120.912841796875,0.0,120.912841796875
1,0.0003000000142492354,15639,114.17253875732422,0.0,114.17253875732422
1,0.0003000000142492354,15649,121.25072479248047,0.0,121.25072479248047
1,0.0003000000142492354,15659,113.61918640136719,0.0,113.61918640136719
1,0.0003000000142492354,15669,119.02548217773438,0.0,119.02548217773438
1,0.0003000000142492354,15679,93.06874084472656,0.0,93.06874084472656
1,0.0003000000142492354,15689,92.93016052246094,0.0,92.93016052246094
1,0.0003000000142492354,15699,98.41215515136719,0.0,98.41215515136719
1,0.0003000000142492354,15709,123.32914733886719,0.0,123.32914733886719
1,0.0003000000142492354,15719,125.86802673339844,0.0,125.86802673339844
1,0.0003000000142492354,15729,112.93975830078125,0.0,112.93975830078125
1,0.0003000000142492354,15739,130.96702575683594,0.0,130.96702575683594
1,0.0003000000142492354,15749,113.5125503540039,0.0,113.5125503540039
1,0.0003000000142492354,15759,114.04635620117188,0.0,114.04635620117188
1,0.0003000000142492354,15769,109.21686553955078,0.0,109.21686553955078
1,0.0003000000142492354,15779,108.93277740478516,0.0,108.93277740478516
1,0.0003000000142492354,15789,117.46402740478516,0.0,117.46402740478516
1,0.0003000000142492354,15799,131.96380615234375,0.0,131.96380615234375
1,0.0003000000142492354,15809,119.85166931152344,0.0,119.85166931152344
1,0.0003000000142492354,15819,130.9895782470703,0.0,130.9895782470703
1,0.0003000000142492354,15829,100.97877502441406,0.0,100.97877502441406
1,0.0003000000142492354,15839,112.17442321777344,0.0,112.17442321777344
1,0.0003000000142492354,15849,125.61377716064453,0.0,125.61377716064453
1,0.0003000000142492354,15859,118.86392211914062,0.0,118.86392211914062
1,0.0003000000142492354,15869,125.9099349975586,0.0,125.9099349975586
1,0.0003000000142492354,15879,115.4450454711914,0.0,115.4450454711914
1,0.0003000000142492354,15889,130.56410217285156,0.0,130.56410217285156
1,0.0003000000142492354,15899,91.93921661376953,0.0,91.93921661376953
1,0.0003000000142492354,15909,110.7039794921875,0.0,110.7039794921875
1,0.0003000000142492354,15919,101.17656707763672,0.0,101.17656707763672
1,0.0003000000142492354,15929,110.06968688964844,0.0,110.06968688964844
1,0.0003000000142492354,15939,118.90873718261719,0.0,118.90873718261719
1,0.0003000000142492354,15949,113.77467346191406,0.0,113.77467346191406
1,0.0003000000142492354,15959,124.31649780273438,0.0,124.31649780273438
1,0.0003000000142492354,15969,111.98116302490234,0.0,111.98116302490234
1,0.0003000000142492354,15979,112.0207290649414,0.0,112.0207290649414
1,0.0003000000142492354,15989,118.05517578125,0.0,118.05517578125
1,0.0003000000142492354,15999,117.38279724121094,0.0,117.38279724121094
1,0.0003000000142492354,16009,108.173095703125,0.0,108.173095703125
1,0.0003000000142492354,16019,115.56889343261719,0.0,115.56889343261719
1,0.0003000000142492354,16029,106.50005340576172,0.0,106.50005340576172
1,0.0003000000142492354,16039,114.41173553466797,0.0,114.41173553466797
1,0.0003000000142492354,16049,118.15786743164062,0.0,118.15786743164062
1,0.0003000000142492354,16059,108.22608947753906,0.0,108.22608947753906
1,0.0003000000142492354,16069,118.09207153320312,0.0,118.09207153320312
1,0.0003000000142492354,16079,120.01148986816406,0.0,120.01148986816406
1,0.0003000000142492354,16089,112.98895263671875,0.0,112.98895263671875
1,0.0003000000142492354,16099,116.54877471923828,0.0,116.54877471923828
1,0.0003000000142492354,16109,117.32353210449219,0.0,117.32353210449219
1,0.0003000000142492354,16119,110.21240234375,0.0,110.21240234375
1,0.0003000000142492354,16129,112.66700744628906,0.0,112.66700744628906
1,0.0003000000142492354,16139,116.81916809082031,0.0,116.81916809082031
1,0.0003000000142492354,16149,107.27018737792969,0.0,107.27018737792969
1,0.0003000000142492354,16159,112.79031372070312,0.0,112.79031372070312
1,0.0003000000142492354,16169,116.26310729980469,0.0,116.26310729980469
1,0.0003000000142492354,16179,101.68790435791016,0.0,101.68790435791016
1,0.0003000000142492354,16189,103.97587585449219,0.0,103.97587585449219
1,0.0003000000142492354,16199,117.68955993652344,0.0,117.68955993652344
1,0.0003000000142492354,16209,118.1885757446289,0.0,118.1885757446289
1,0.0003000000142492354,16219,107.67961120605469,0.0,107.67961120605469
1,0.0003000000142492354,16229,105.93756103515625,0.0,105.93756103515625
1,0.0003000000142492354,16239,114.99365234375,0.0,114.99365234375
1,0.0003000000142492354,16249,116.15254211425781,0.0,116.15254211425781
1,0.0003000000142492354,16259,117.5222396850586,0.0,117.5222396850586
1,0.0003000000142492354,16269,106.0467529296875,0.0,106.0467529296875
1,0.0003000000142492354,16279,110.33441925048828,0.0,110.33441925048828
1,0.0003000000142492354,16289,120.3921890258789,0.0,120.3921890258789
1,0.0003000000142492354,16299,123.02629852294922,0.0,123.02629852294922
1,0.0003000000142492354,16309,108.3116455078125,0.0,108.3116455078125
1,0.0003000000142492354,16319,122.34381866455078,0.0,122.34381866455078
1,0.0003000000142492354,16329,116.04571533203125,0.0,116.04571533203125
1,0.0003000000142492354,16339,128.4403076171875,0.0,128.4403076171875
1,0.0003000000142492354,16349,111.49616241455078,0.0,111.49616241455078
1,0.0003000000142492354,16359,122.59504699707031,0.0,122.59504699707031
1,0.0003000000142492354,16369,105.61863708496094,0.0,105.61863708496094
1,0.0003000000142492354,16379,123.38394927978516,0.0,123.38394927978516
1,0.0003000000142492354,16389,116.22972106933594,0.0,116.22972106933594
1,0.0003000000142492354,16399,111.06169891357422,0.0,111.06169891357422
1,0.0003000000142492354,16409,129.14208984375,0.0,129.14208984375
1,0.0003000000142492354,16419,124.44630432128906,0.0,124.44630432128906
1,0.0003000000142492354,16429,122.14691162109375,0.0,122.14691162109375
1,0.0003000000142492354,16439,119.70875549316406,0.0,119.70875549316406
1,0.0003000000142492354,16449,116.7399673461914,0.0,116.7399673461914
1,0.0003000000142492354,16459,115.65374755859375,0.0,115.65374755859375
1,0.0003000000142492354,16469,110.32322692871094,0.0,110.32322692871094
1,0.0003000000142492354,16479,110.90531921386719,0.0,110.90531921386719
1,0.0003000000142492354,16489,110.62545776367188,0.0,110.62545776367188
1,0.0003000000142492354,16499,110.46675872802734,0.0,110.46675872802734
1,0.0003000000142492354,16509,109.35757446289062,0.0,109.35757446289062
2,0.0003000000142492354,16519,116.58048248291016,0.0,116.58048248291016
2,0.0003000000142492354,16529,114.7161636352539,0.0,114.7161636352539
2,0.0003000000142492354,16539,123.25868225097656,0.0,123.25868225097656
2,0.0003000000142492354,16549,104.37702178955078,0.0,104.37702178955078
2,0.0003000000142492354,16559,119.55563354492188,0.0,119.55563354492188
2,0.0003000000142492354,16569,108.44537353515625,0.0,108.44537353515625
2,0.0003000000142492354,16579,129.26307678222656,0.0,129.26307678222656
2,0.0003000000142492354,16589,114.82843017578125,0.0,114.82843017578125
2,0.0003000000142492354,16599,116.20274353027344,0.0,116.20274353027344
2,0.0003000000142492354,16609,113.32093048095703,0.0,113.32093048095703
2,0.0003000000142492354,16619,118.15950012207031,0.0,118.15950012207031
2,0.0003000000142492354,16629,115.74342346191406,0.0,115.74342346191406
2,0.0003000000142492354,16639,117.42009735107422,0.0,117.42009735107422
2,0.0003000000142492354,16649,108.12649536132812,0.0,108.12649536132812
2,0.0003000000142492354,16659,124.77095031738281,0.0,124.77095031738281
2,0.0003000000142492354,16669,122.55921173095703,0.0,122.55921173095703
2,0.0003000000142492354,16679,110.37065124511719,0.0,110.37065124511719
2,0.0003000000142492354,16689,116.92434692382812,0.0,116.92434692382812
2,0.0003000000142492354,16699,118.01641082763672,0.0,118.01641082763672
2,0.0003000000142492354,16709,114.24188232421875,0.0,114.24188232421875
2,0.0003000000142492354,16719,110.21983337402344,0.0,110.21983337402344
2,0.0003000000142492354,16729,107.72474670410156,0.0,107.72474670410156
2,0.0003000000142492354,16739,119.6502914428711,0.0,119.6502914428711
2,0.0003000000142492354,16749,117.86917877197266,0.0,117.86917877197266
2,0.0003000000142492354,16759,110.34736633300781,0.0,110.34736633300781
2,0.0003000000142492354,16769,129.48048400878906,0.0,129.48048400878906
2,0.0003000000142492354,16779,118.91606903076172,0.0,118.91606903076172
2,0.0003000000142492354,16789,105.80329895019531,0.0,105.80329895019531
2,0.0003000000142492354,16799,129.45892333984375,0.0,129.45892333984375
2,0.0003000000142492354,16809,118.33766174316406,0.0,118.33766174316406
2,0.0003000000142492354,16819,109.73101806640625,0.0,109.73101806640625
2,0.0003000000142492354,16829,124.93566131591797,0.0,124.93566131591797
2,0.0003000000142492354,16839,112.92645263671875,0.0,112.92645263671875
2,0.0003000000142492354,16849,129.79083251953125,0.0,129.79083251953125
2,0.0003000000142492354,16859,119.39755249023438,0.0,119.39755249023438
2,0.0003000000142492354,16869,111.21678924560547,0.0,111.21678924560547
2,0.0003000000142492354,16879,130.61758422851562,0.0,130.61758422851562
2,0.0003000000142492354,16889,104.43991088867188,0.0,104.43991088867188
2,0.0003000000142492354,16899,133.98123168945312,0.0,133.98123168945312
2,0.0003000000142492354,16909,110.38626098632812,0.0,110.38626098632812
2,0.0003000000142492354,16919,114.28919219970703,0.0,114.28919219970703
2,0.0003000000142492354,16929,96.2947998046875,0.0,96.2947998046875
2,0.0003000000142492354,16939,122.52981567382812,0.0,122.52981567382812
2,0.0003000000142492354,16949,111.14208984375,0.0,111.14208984375
2,0.0003000000142492354,16959,108.60847473144531,0.0,108.60847473144531
2,0.0003000000142492354,16969,110.81243896484375,0.0,110.81243896484375
2,0.0003000000142492354,16979,116.98751831054688,0.0,116.98751831054688
2,0.0003000000142492354,16989,114.75305938720703,0.0,114.75305938720703
2,0.0003000000142492354,16999,121.22688293457031,0.0,121.22688293457031
2,0.0003000000142492354,17009,123.56261444091797,0.0,123.56261444091797
2,0.0003000000142492354,17019,103.09484100341797,0.0,103.09484100341797
2,0.0003000000142492354,17029,128.39132690429688,0.0,128.39132690429688
2,0.0003000000142492354,17039,111.09916687011719,0.0,111.09916687011719
2,0.0003000000142492354,17049,118.89057922363281,0.0,118.89057922363281
2,0.0003000000142492354,17059,110.564697265625,0.0,110.564697265625
2,0.0003000000142492354,17069,122.24311828613281,0.0,122.24311828613281
2,0.0003000000142492354,17079,126.02532958984375,0.0,126.02532958984375
2,0.0003000000142492354,17089,122.3492431640625,0.0,122.3492431640625
2,0.0003000000142492354,17099,128.84585571289062,0.0,128.84585571289062
2,0.0003000000142492354,17109,107.4095230102539,0.0,107.4095230102539
2,0.0003000000142492354,17119,111.33155822753906,0.0,111.33155822753906
2,0.0003000000142492354,17129,128.17807006835938,0.0,128.17807006835938
2,0.0003000000142492354,17139,116.85478210449219,0.0,116.85478210449219
2,0.0003000000142492354,17149,108.53076934814453,0.0,108.53076934814453
2,0.0003000000142492354,17159,114.8886947631836,0.0,114.8886947631836
2,0.0003000000142492354,17169,122.98826599121094,0.0,122.98826599121094
2,0.0003000000142492354,17179,113.1595458984375,0.0,113.1595458984375
2,0.0003000000142492354,17189,112.1235580444336,0.0,112.1235580444336
2,0.0003000000142492354,17199,112.90885925292969,0.0,112.90885925292969
2,0.0003000000142492354,17209,125.2475357055664,0.0,125.2475357055664
2,0.0003000000142492354,17219,115.36177062988281,0.0,115.36177062988281
2,0.0003000000142492354,17229,110.56794738769531,0.0,110.56794738769531
2,0.0003000000142492354,17239,119.03093719482422,0.0,119.03093719482422
2,0.0003000000142492354,17249,121.71735382080078,0.0,121.71735382080078
2,0.0003000000142492354,17259,114.84701538085938,0.0,114.84701538085938
2,0.0003000000142492354,17269,105.18832397460938,0.0,105.18832397460938
2,0.0003000000142492354,17279,128.79312133789062,0.0,128.79312133789062
2,0.0003000000142492354,17289,125.63871765136719,0.0,125.63871765136719
2,0.0003000000142492354,17299,102.91014099121094,0.0,102.91014099121094
2,0.0003000000142492354,17309,102.94125366210938,0.0,102.94125366210938
2,0.0003000000142492354,17319,115.25909423828125,0.0,115.25909423828125
2,0.0003000000142492354,17329,106.32734680175781,0.0,106.32734680175781
2,0.0003000000142492354,17339,112.42710876464844,0.0,112.42710876464844
2,0.0003000000142492354,17349,104.8704605102539,0.0,104.8704605102539
2,0.0003000000142492354,17359,119.85566711425781,0.0,119.85566711425781
2,0.0003000000142492354,17369,115.84596252441406,0.0,115.84596252441406
2,0.0003000000142492354,17379,107.02245330810547,0.0,107.02245330810547
2,0.0003000000142492354,17389,115.18521118164062,0.0,115.18521118164062
2,0.0003000000142492354,17399,125.84951782226562,0.0,125.84951782226562
2,0.0003000000142492354,17409,113.91166687011719,0.0,113.91166687011719
2,0.0003000000142492354,17419,117.59776306152344,0.0,117.59776306152344
2,0.0003000000142492354,17429,110.8299560546875,0.0,110.8299560546875
2,0.0003000000142492354,17439,112.00984191894531,0.0,112.00984191894531
2,0.0003000000142492354,17449,112.0506362915039,0.0,112.0506362915039
2,0.0003000000142492354,17459,108.67765045166016,0.0,108.67765045166016
2,0.0003000000142492354,17469,122.9466323852539,0.0,122.9466323852539
2,0.0003000000142492354,17479,110.73452758789062,0.0,110.73452758789062
2,0.0003000000142492354,17489,105.69509887695312,0.0,105.69509887695312
2,0.0003000000142492354,17499,104.14391326904297,0.0,104.14391326904297
2,0.0003000000142492354,17509,122.7640151977539,0.0,122.7640151977539
2,0.0003000000142492354,17519,124.5439682006836,0.0,124.5439682006836
2,0.0003000000142492354,17529,105.58013916015625,0.0,105.58013916015625
2,0.0003000000142492354,17539,111.97006225585938,0.0,111.97006225585938
2,0.0003000000142492354,17549,108.73359680175781,0.0,108.73359680175781
2,0.0003000000142492354,17559,96.26823425292969,0.0,96.26823425292969
2,0.0003000000142492354,17569,112.99835205078125,0.0,112.99835205078125
2,0.0003000000142492354,17579,104.93978881835938,0.0,104.93978881835938
2,0.0003000000142492354,17589,126.02182006835938,0.0,126.02182006835938
2,0.0003000000142492354,17599,106.26455688476562,0.0,106.26455688476562
2,0.0003000000142492354,17609,125.17922973632812,0.0,125.17922973632812
2,0.0003000000142492354,17619,114.58071899414062,0.0,114.58071899414062
2,0.0003000000142492354,17629,118.56385040283203,0.0,118.56385040283203
2,0.0003000000142492354,17639,114.98412322998047,0.0,114.98412322998047
2,0.0003000000142492354,17649,127.33453369140625,0.0,127.33453369140625
2,0.0003000000142492354,17659,123.42585754394531,0.0,123.42585754394531
2,0.0003000000142492354,17669,115.33654022216797,0.0,115.33654022216797
2,0.0003000000142492354,17679,101.52389526367188,0.0,101.52389526367188
2,0.0003000000142492354,17689,118.41574096679688,0.0,118.41574096679688
2,0.0003000000142492354,17699,111.57981872558594,0.0,111.57981872558594
2,0.0003000000142492354,17709,118.31727600097656,0.0,118.31727600097656
2,0.0003000000142492354,17719,115.38377380371094,0.0,115.38377380371094
2,0.0003000000142492354,17729,111.42416381835938,0.0,111.42416381835938
2,0.0003000000142492354,17739,110.84895324707031,0.0,110.84895324707031
2,0.0003000000142492354,17749,96.96952819824219,0.0,96.96952819824219
2,0.0003000000142492354,17759,111.88268280029297,0.0,111.88268280029297
2,0.0003000000142492354,17769,130.12042236328125,0.0,130.12042236328125
2,0.0003000000142492354,17779,128.32122802734375,0.0,128.32122802734375
2,0.0003000000142492354,17789,123.56169891357422,0.0,123.56169891357422
2,0.0003000000142492354,17799,113.8381576538086,0.0,113.8381576538086
2,0.0003000000142492354,17809,112.44892120361328,0.0,112.44892120361328
2,0.0003000000142492354,17819,109.60940551757812,0.0,109.60940551757812
2,0.0003000000142492354,17829,129.98245239257812,0.0,129.98245239257812
2,0.0003000000142492354,17839,119.715087890625,0.0,119.715087890625
2,0.0003000000142492354,17849,122.10221099853516,0.0,122.10221099853516
2,0.0003000000142492354,17859,119.90762329101562,0.0,119.90762329101562
2,0.0003000000142492354,17869,112.23722076416016,0.0,112.23722076416016
2,0.0003000000142492354,17879,129.0085906982422,0.0,129.0085906982422
2,0.0003000000142492354,17889,107.631103515625,0.0,107.631103515625
2,0.0003000000142492354,17899,122.29496765136719,0.0,122.29496765136719
2,0.0003000000142492354,17909,112.3970947265625,0.0,112.3970947265625
2,0.0003000000142492354,17919,115.4988784790039,0.0,115.4988784790039
2,0.0003000000142492354,17929,105.8947525024414,0.0,105.8947525024414
2,0.0003000000142492354,17939,116.61839294433594,0.0,116.61839294433594
2,0.0003000000142492354,17949,116.36605834960938,0.0,116.36605834960938
2,0.0003000000142492354,17959,108.22050476074219,0.0,108.22050476074219
2,0.0003000000142492354,17969,129.17919921875,0.0,129.17919921875
2,0.0003000000142492354,17979,101.49730682373047,0.0,101.49730682373047
2,0.0003000000142492354,17989,109.72346496582031,0.0,109.72346496582031
2,0.0003000000142492354,17999,128.182373046875,0.0,128.182373046875
2,0.0003000000142492354,18009,120.41637420654297,0.0,120.41637420654297
2,0.0003000000142492354,18019,115.59173583984375,0.0,115.59173583984375
2,0.0003000000142492354,18029,113.76763153076172,0.0,113.76763153076172
2,0.0003000000142492354,18039,117.73041534423828,0.0,117.73041534423828
2,0.0003000000142492354,18049,120.93360137939453,0.0,120.93360137939453
2,0.0003000000142492354,18059,123.00138854980469,0.0,123.00138854980469
2,0.0003000000142492354,18069,119.57648468017578,0.0,119.57648468017578
2,0.0003000000142492354,18079,104.98194122314453,0.0,104.98194122314453
2,0.0003000000142492354,18089,101.05209350585938,0.0,101.05209350585938
2,0.0003000000142492354,18099,108.2818374633789,0.0,108.2818374633789
2,0.0003000000142492354,18109,114.34185791015625,0.0,114.34185791015625
2,0.0003000000142492354,18119,116.244140625,0.0,116.244140625
2,0.0003000000142492354,18129,113.16182708740234,0.0,113.16182708740234
2,0.0003000000142492354,18139,125.87995910644531,0.0,125.87995910644531
2,0.0003000000142492354,18149,114.7812271118164,0.0,114.7812271118164
2,0.0003000000142492354,18159,124.53821563720703,0.0,124.53821563720703
2,0.0003000000142492354,18169,103.36819458007812,0.0,103.36819458007812
2,0.0003000000142492354,18179,112.60948181152344,0.0,112.60948181152344
2,0.0003000000142492354,18189,121.66691589355469,0.0,121.66691589355469
2,0.0003000000142492354,18199,109.85801696777344,0.0,109.85801696777344
2,0.0003000000142492354,18209,129.22213745117188,0.0,129.22213745117188
2,0.0003000000142492354,18219,109.51464080810547,0.0,109.51464080810547
2,0.0003000000142492354,18229,112.5020751953125,0.0,112.5020751953125
2,0.0003000000142492354,18239,115.8038101196289,0.0,115.8038101196289
2,0.0003000000142492354,18249,108.81404113769531,0.0,108.81404113769531
2,0.0003000000142492354,18259,126.57618713378906,0.0,126.57618713378906
2,0.0003000000142492354,18269,101.64041900634766,0.0,101.64041900634766
2,0.0003000000142492354,18279,118.45289611816406,0.0,118.45289611816406
2,0.0003000000142492354,18289,110.46981811523438,0.0,110.46981811523438
2,0.0003000000142492354,18299,101.80705261230469,0.0,101.80705261230469
2,0.0003000000142492354,18309,97.67743682861328,0.0,97.67743682861328
2,0.0003000000142492354,18319,107.32062530517578,0.0,107.32062530517578
2,0.0003000000142492354,18329,118.33162689208984,0.0,118.33162689208984
2,0.0003000000142492354,18339,115.43839263916016,0.0,115.43839263916016
2,0.0003000000142492354,18349,100.0350341796875,0.0,100.0350341796875
2,0.0003000000142492354,18359,123.74473571777344,0.0,123.74473571777344
2,0.0003000000142492354,18369,125.22492218017578,0.0,125.22492218017578
2,0.0003000000142492354,18379,109.4106674194336,0.0,109.4106674194336
2,0.0003000000142492354,18389,101.99772644042969,0.0,101.99772644042969
2,0.0003000000142492354,18399,116.7426986694336,0.0,116.7426986694336
2,0.0003000000142492354,18409,124.38478088378906,0.0,124.38478088378906
2,0.0003000000142492354,18419,104.9423599243164,0.0,104.9423599243164
2,0.0003000000142492354,18429,119.98239135742188,0.0,119.98239135742188
2,0.0003000000142492354,18439,118.3228759765625,0.0,118.3228759765625
2,0.0003000000142492354,18449,112.09556579589844,0.0,112.09556579589844
2,0.0003000000142492354,18459,104.92947387695312,0.0,104.92947387695312
2,0.0003000000142492354,18469,121.35770416259766,0.0,121.35770416259766
2,0.0003000000142492354,18479,116.04269409179688,0.0,116.04269409179688
2,0.0003000000142492354,18489,111.14024353027344,0.0,111.14024353027344
2,0.0003000000142492354,18499,104.9853286743164,0.0,104.9853286743164
2,0.0003000000142492354,18509,115.04287719726562,0.0,115.04287719726562
2,0.0003000000142492354,18519,105.89178466796875,0.0,105.89178466796875
2,0.0003000000142492354,18529,103.13014221191406,0.0,103.13014221191406
2,0.0003000000142492354,18539,116.14729309082031,0.0,116.14729309082031
2,0.0003000000142492354,18549,120.03565216064453,0.0,120.03565216064453
2,0.0003000000142492354,18559,127.39015197753906,0.0,127.39015197753906
2,0.0003000000142492354,18569,115.03961181640625,0.0,115.03961181640625
2,0.0003000000142492354,18579,113.62228393554688,0.0,113.62228393554688
2,0.0003000000142492354,18589,118.21188354492188,0.0,118.21188354492188
2,0.0003000000142492354,18599,104.23068237304688,0.0,104.23068237304688
2,0.0003000000142492354,18609,138.83828735351562,0.0,138.83828735351562
2,0.0003000000142492354,18619,108.69676971435547,0.0,108.69676971435547
2,0.0003000000142492354,18629,120.7890625,0.0,120.7890625
2,0.0003000000142492354,18639,111.83299255371094,0.0,111.83299255371094
2,0.0003000000142492354,18649,116.6209716796875,0.0,116.6209716796875
2,0.0003000000142492354,18659,123.44061279296875,0.0,123.44061279296875
2,0.0003000000142492354,18669,126.51293182373047,0.0,126.51293182373047
2,0.0003000000142492354,18679,128.0729217529297,0.0,128.0729217529297
2,0.0003000000142492354,18689,131.259521484375,0.0,131.259521484375
2,0.0003000000142492354,18699,108.06359100341797,0.0,108.06359100341797
2,0.0003000000142492354,18709,118.06312561035156,0.0,118.06312561035156
2,0.0003000000142492354,18719,118.61441802978516,0.0,118.61441802978516
2,0.0003000000142492354,18729,106.17933654785156,0.0,106.17933654785156
2,0.0003000000142492354,18739,103.92985534667969,0.0,103.92985534667969
2,0.0003000000142492354,18749,111.03716278076172,0.0,111.03716278076172
2,0.0003000000142492354,18759,147.99435424804688,0.0,147.99435424804688
2,0.0003000000142492354,18769,104.8828353881836,0.0,104.8828353881836
2,0.0003000000142492354,18779,112.76849365234375,0.0,112.76849365234375
2,0.0003000000142492354,18789,118.80125427246094,0.0,118.80125427246094
2,0.0003000000142492354,18799,111.06661224365234,0.0,111.06661224365234
2,0.0003000000142492354,18809,104.6580581665039,0.0,104.6580581665039
2,0.0003000000142492354,18819,115.61670684814453,0.0,115.61670684814453
2,0.0003000000142492354,18829,119.41143798828125,0.0,119.41143798828125
2,0.0003000000142492354,18839,102.89743041992188,0.0,102.89743041992188
2,0.0003000000142492354,18849,118.88542938232422,0.0,118.88542938232422
2,0.0003000000142492354,18859,110.27813720703125,0.0,110.27813720703125
2,0.0003000000142492354,18869,109.40654754638672,0.0,109.40654754638672
2,0.0003000000142492354,18879,121.47615051269531,0.0,121.47615051269531
2,0.0003000000142492354,18889,103.38307189941406,0.0,103.38307189941406
2,0.0003000000142492354,18899,104.86778259277344,0.0,104.86778259277344
2,0.0003000000142492354,18909,103.39723205566406,0.0,103.39723205566406
2,0.0003000000142492354,18919,136.79360961914062,0.0,136.79360961914062
2,0.0003000000142492354,18929,105.11868286132812,0.0,105.11868286132812
2,0.0003000000142492354,18939,94.98485565185547,0.0,94.98485565185547
2,0.0003000000142492354,18949,113.28768920898438,0.0,113.28768920898438
2,0.0003000000142492354,18959,121.41307067871094,0.0,121.41307067871094
2,0.0003000000142492354,18969,129.18600463867188,0.0,129.18600463867188
2,0.0003000000142492354,18979,106.4225082397461,0.0,106.4225082397461
2,0.0003000000142492354,18989,96.67440032958984,0.0,96.67440032958984
2,0.0003000000142492354,18999,96.21669006347656,0.0,96.21669006347656
2,0.0003000000142492354,19009,102.62606048583984,0.0,102.62606048583984
2,0.0003000000142492354,19019,113.79805755615234,0.0,113.79805755615234
2,0.0003000000142492354,19029,135.072509765625,0.0,135.072509765625
2,0.0003000000142492354,19039,111.19296264648438,0.0,111.19296264648438
2,0.0003000000142492354,19049,105.580322265625,0.0,105.580322265625
2,0.0003000000142492354,19059,124.31957244873047,0.0,124.31957244873047
2,0.0003000000142492354,19069,116.70925903320312,0.0,116.70925903320312
2,0.0003000000142492354,19079,107.54429626464844,0.0,107.54429626464844
2,0.0003000000142492354,19089,101.03414916992188,0.0,101.03414916992188
2,0.0003000000142492354,19099,120.29045867919922,0.0,120.29045867919922
2,0.0003000000142492354,19109,115.11627197265625,0.0,115.11627197265625
2,0.0003000000142492354,19119,117.14546966552734,0.0,117.14546966552734
2,0.0003000000142492354,19129,114.72612762451172,0.0,114.72612762451172
2,0.0003000000142492354,19139,110.40715789794922,0.0,110.40715789794922
2,0.0003000000142492354,19149,118.67315673828125,0.0,118.67315673828125
2,0.0003000000142492354,19159,110.23187255859375,0.0,110.23187255859375
2,0.0003000000142492354,19169,105.81658172607422,0.0,105.81658172607422
2,0.0003000000142492354,19179,100.25718688964844,0.0,100.25718688964844
2,0.0003000000142492354,19189,103.9460678100586,0.0,103.9460678100586
2,0.0003000000142492354,19199,109.76539611816406,0.0,109.76539611816406
2,0.0003000000142492354,19209,121.82504272460938,0.0,121.82504272460938
2,0.0003000000142492354,19219,114.18844604492188,0.0,114.18844604492188
2,0.0003000000142492354,19229,111.14227294921875,0.0,111.14227294921875
2,0.0003000000142492354,19239,125.075927734375,0.0,125.075927734375
2,0.0003000000142492354,19249,111.0245590209961,0.0,111.0245590209961
2,0.0003000000142492354,19259,108.25199127197266,0.0,108.25199127197266
2,0.0003000000142492354,19269,117.95964813232422,0.0,117.95964813232422
2,0.0003000000142492354,19279,98.4922103881836,0.0,98.4922103881836
2,0.0003000000142492354,19289,111.4818344116211,0.0,111.4818344116211
2,0.0003000000142492354,19299,109.47232055664062,0.0,109.47232055664062
2,0.0003000000142492354,19309,102.80178833007812,0.0,102.80178833007812
2,0.0003000000142492354,19319,111.63709259033203,0.0,111.63709259033203
2,0.0003000000142492354,19329,108.36894989013672,0.0,108.36894989013672
2,0.0003000000142492354,19339,104.16414642333984,0.0,104.16414642333984
2,0.0003000000142492354,19349,108.50270080566406,0.0,108.50270080566406
2,0.0003000000142492354,19359,134.0076904296875,0.0,134.0076904296875
2,0.0003000000142492354,19369,101.6116943359375,0.0,101.6116943359375
2,0.0003000000142492354,19379,120.66283416748047,0.0,120.66283416748047
2,0.0003000000142492354,19389,99.23800659179688,0.0,99.23800659179688
2,0.0003000000142492354,19399,112.32638549804688,0.0,112.32638549804688
2,0.0003000000142492354,19409,129.1939697265625,0.0,129.1939697265625
2,0.0003000000142492354,19419,112.525390625,0.0,112.525390625
2,0.0003000000142492354,19429,112.97035217285156,0.0,112.97035217285156
2,0.0003000000142492354,19439,114.1985092163086,0.0,114.1985092163086
2,0.0003000000142492354,19449,106.87139129638672,0.0,106.87139129638672
2,0.0003000000142492354,19459,102.98974609375,0.0,102.98974609375
2,0.0003000000142492354,19469,108.37679290771484,0.0,108.37679290771484
2,0.0003000000142492354,19479,112.16549682617188,0.0,112.16549682617188
2,0.0003000000142492354,19489,113.50662994384766,0.0,113.50662994384766
2,0.0003000000142492354,19499,119.21441650390625,0.0,119.21441650390625
2,0.0003000000142492354,19509,123.85050964355469,0.0,123.85050964355469
2,0.0003000000142492354,19519,118.51688385009766,0.0,118.51688385009766
2,0.0003000000142492354,19529,107.64033508300781,0.0,107.64033508300781
2,0.0003000000142492354,19539,125.63128662109375,0.0,125.63128662109375
2,0.0003000000142492354,19549,104.04662322998047,0.0,104.04662322998047
2,0.0003000000142492354,19559,123.27442932128906,0.0,123.27442932128906
2,0.0003000000142492354,19569,101.84394073486328,0.0,101.84394073486328
2,0.0003000000142492354,19579,120.5135726928711,0.0,120.5135726928711
2,0.0003000000142492354,19589,113.57850646972656,0.0,113.57850646972656
2,0.0003000000142492354,19599,112.44863891601562,0.0,112.44863891601562
2,0.0003000000142492354,19609,105.64047241210938,0.0,105.64047241210938
2,0.0003000000142492354,19619,120.61808776855469,0.0,120.61808776855469
2,0.0003000000142492354,19629,114.99072265625,0.0,114.99072265625
2,0.0003000000142492354,19639,115.373779296875,0.0,115.373779296875
2,0.0003000000142492354,19649,109.13725280761719,0.0,109.13725280761719
2,0.0003000000142492354,19659,109.92144012451172,0.0,109.92144012451172
2,0.0003000000142492354,19669,112.86273193359375,0.0,112.86273193359375
2,0.0003000000142492354,19679,108.14570617675781,0.0,108.14570617675781
2,0.0003000000142492354,19689,117.74128723144531,0.0,117.74128723144531
2,0.0003000000142492354,19699,106.65496063232422,0.0,106.65496063232422
2,0.0003000000142492354,19709,120.11769104003906,0.0,120.11769104003906
2,0.0003000000142492354,19719,124.66663360595703,0.0,124.66663360595703
2,0.0003000000142492354,19729,128.86514282226562,0.0,128.86514282226562
2,0.0003000000142492354,19739,109.04615020751953,0.0,109.04615020751953
2,0.0003000000142492354,19749,110.35964965820312,0.0,110.35964965820312
2,0.0003000000142492354,19759,115.41632080078125,0.0,115.41632080078125
2,0.0003000000142492354,19769,128.51881408691406,0.0,128.51881408691406
2,0.0003000000142492354,19779,126.84605407714844,0.0,126.84605407714844
2,0.0003000000142492354,19789,112.56016540527344,0.0,112.56016540527344
2,0.0003000000142492354,19799,105.72706604003906,0.0,105.72706604003906
2,0.0003000000142492354,19809,119.58795928955078,0.0,119.58795928955078
2,0.0003000000142492354,19819,109.22859954833984,0.0,109.22859954833984
2,0.0003000000142492354,19829,108.37039184570312,0.0,108.37039184570312
2,0.0003000000142492354,19839,121.76123809814453,0.0,121.76123809814453
2,0.0003000000142492354,19849,116.89834594726562,0.0,116.89834594726562
2,0.0003000000142492354,19859,113.16200256347656,0.0,113.16200256347656
2,0.0003000000142492354,19869,111.17951965332031,0.0,111.17951965332031
2,0.0003000000142492354,19879,111.22261810302734,0.0,111.22261810302734
2,0.0003000000142492354,19889,126.98786926269531,0.0,126.98786926269531
2,0.0003000000142492354,19899,114.13676452636719,0.0,114.13676452636719
2,0.0003000000142492354,19909,120.83683776855469,0.0,120.83683776855469
2,0.0003000000142492354,19919,122.91577911376953,0.0,122.91577911376953
2,0.0003000000142492354,19929,107.05012512207031,0.0,107.05012512207031
2,0.0003000000142492354,19939,106.3372802734375,0.0,106.3372802734375
2,0.0003000000142492354,19949,105.75606536865234,0.0,105.75606536865234
2,0.0003000000142492354,19959,114.75927734375,0.0,114.75927734375
2,0.0003000000142492354,19969,107.81034851074219,0.0,107.81034851074219
2,0.0003000000142492354,19979,132.40313720703125,0.0,132.40313720703125
2,0.0003000000142492354,19989,131.96621704101562,0.0,131.96621704101562
2,0.0003000000142492354,19999,114.06055450439453,0.0,114.06055450439453
2,0.0003000000142492354,20009,115.9020767211914,0.0,115.9020767211914
2,0.0003000000142492354,20019,124.51937103271484,0.0,124.51937103271484
2,0.0003000000142492354,20029,114.86326599121094,0.0,114.86326599121094
2,0.0003000000142492354,20039,123.48344421386719,0.0,123.48344421386719
2,0.0003000000142492354,20049,117.1988754272461,0.0,117.1988754272461
2,0.0003000000142492354,20059,122.2632827758789,0.0,122.2632827758789
2,0.0003000000142492354,20069,124.298095703125,0.0,124.298095703125
2,0.0003000000142492354,20079,117.713134765625,0.0,117.713134765625
2,0.0003000000142492354,20089,121.50638580322266,0.0,121.50638580322266
2,0.0003000000142492354,20099,103.23503112792969,0.0,103.23503112792969
2,0.0003000000142492354,20109,122.24119567871094,0.0,122.24119567871094
2,0.0003000000142492354,20119,114.52580261230469,0.0,114.52580261230469
2,0.0003000000142492354,20129,111.13688659667969,0.0,111.13688659667969
2,0.0003000000142492354,20139,118.54965209960938,0.0,118.54965209960938
2,0.0003000000142492354,20149,107.99606323242188,0.0,107.99606323242188
2,0.0003000000142492354,20159,120.44548797607422,0.0,120.44548797607422
2,0.0003000000142492354,20169,117.90875244140625,0.0,117.90875244140625
2,0.0003000000142492354,20179,105.27222442626953,0.0,105.27222442626953
2,0.0003000000142492354,20189,101.62005615234375,0.0,101.62005615234375
2,0.0003000000142492354,20199,126.04296875,0.0,126.04296875
2,0.0003000000142492354,20209,109.43284606933594,0.0,109.43284606933594
2,0.0003000000142492354,20219,128.07211303710938,0.0,128.07211303710938
2,0.0003000000142492354,20229,107.7195816040039,0.0,107.7195816040039
2,0.0003000000142492354,20239,111.62612915039062,0.0,111.62612915039062
2,0.0003000000142492354,20249,117.08747863769531,0.0,117.08747863769531
2,0.0003000000142492354,20259,106.18289184570312,0.0,106.18289184570312
2,0.0003000000142492354,20269,113.10719299316406,0.0,113.10719299316406
2,0.0003000000142492354,20279,99.59353637695312,0.0,99.59353637695312
2,0.0003000000142492354,20289,104.44677734375,0.0,104.44677734375
2,0.0003000000142492354,20299,94.16761016845703,0.0,94.16761016845703
2,0.0003000000142492354,20309,96.32731628417969,0.0,96.32731628417969
2,0.0003000000142492354,20319,119.18963623046875,0.0,119.18963623046875
2,0.0003000000142492354,20329,118.7242431640625,0.0,118.7242431640625
2,0.0003000000142492354,20339,125.017578125,0.0,125.017578125
2,0.0003000000142492354,20349,121.44381713867188,0.0,121.44381713867188
2,0.0003000000142492354,20359,106.3689193725586,0.0,106.3689193725586
2,0.0003000000142492354,20369,115.50377655029297,0.0,115.50377655029297
2,0.0003000000142492354,20379,112.71342468261719,0.0,112.71342468261719
2,0.0003000000142492354,20389,115.71214294433594,0.0,115.71214294433594
2,0.0003000000142492354,20399,102.92385864257812,0.0,102.92385864257812
2,0.0003000000142492354,20409,114.38533782958984,0.0,114.38533782958984
2,0.0003000000142492354,20419,120.5947494506836,0.0,120.5947494506836
2,0.0003000000142492354,20429,108.15386199951172,0.0,108.15386199951172
2,0.0003000000142492354,20439,112.11502075195312,0.0,112.11502075195312
2,0.0003000000142492354,20449,97.9310302734375,0.0,97.9310302734375
2,0.0003000000142492354,20459,111.61750793457031,0.0,111.61750793457031
2,0.0003000000142492354,20469,112.93950653076172,0.0,112.93950653076172
2,0.0003000000142492354,20479,133.22817993164062,0.0,133.22817993164062
2,0.0003000000142492354,20489,116.98915100097656,0.0,116.98915100097656
2,0.0003000000142492354,20499,108.11809539794922,0.0,108.11809539794922
2,0.0003000000142492354,20509,118.58845520019531,0.0,118.58845520019531
2,0.0003000000142492354,20519,103.3087387084961,0.0,103.3087387084961
2,0.0003000000142492354,20529,115.63011169433594,0.0,115.63011169433594
2,0.0003000000142492354,20539,115.39656829833984,0.0,115.39656829833984
2,0.0003000000142492354,20549,105.33071899414062,0.0,105.33071899414062
2,0.0003000000142492354,20559,124.42329406738281,0.0,124.42329406738281
2,0.0003000000142492354,20569,110.30902862548828,0.0,110.30902862548828
2,0.0003000000142492354,20579,102.04273986816406,0.0,102.04273986816406
2,0.0003000000142492354,20589,105.25048828125,0.0,105.25048828125
2,0.0003000000142492354,20599,112.30393981933594,0.0,112.30393981933594
2,0.0003000000142492354,20609,123.71316528320312,0.0,123.71316528320312
2,0.0003000000142492354,20619,121.6113052368164,0.0,121.6113052368164
2,0.0003000000142492354,20629,117.0163345336914,0.0,117.0163345336914
2,0.0003000000142492354,20639,129.869384765625,0.0,129.869384765625
2,0.0003000000142492354,20649,109.4534912109375,0.0,109.4534912109375
2,0.0003000000142492354,20659,97.60893249511719,0.0,97.60893249511719
2,0.0003000000142492354,20669,106.61212921142578,0.0,106.61212921142578
2,0.0003000000142492354,20679,98.61454010009766,0.0,98.61454010009766
2,0.0003000000142492354,20689,103.97587585449219,0.0,103.97587585449219
2,0.0003000000142492354,20699,128.70657348632812,0.0,128.70657348632812
2,0.0003000000142492354,20709,112.37208557128906,0.0,112.37208557128906
2,0.0003000000142492354,20719,123.50272369384766,0.0,123.50272369384766
2,0.0003000000142492354,20729,113.63607788085938,0.0,113.63607788085938
2,0.0003000000142492354,20739,119.54348754882812,0.0,119.54348754882812
2,0.0003000000142492354,20749,98.36166381835938,0.0,98.36166381835938
2,0.0003000000142492354,20759,121.36198425292969,0.0,121.36198425292969
2,0.0003000000142492354,20769,109.82246398925781,0.0,109.82246398925781
2,0.0003000000142492354,20779,103.6185302734375,0.0,103.6185302734375
2,0.0003000000142492354,20789,121.21144104003906,0.0,121.21144104003906
2,0.0003000000142492354,20799,109.29850769042969,0.0,109.29850769042969
2,0.0003000000142492354,20809,103.49272918701172,0.0,103.49272918701172
2,0.0003000000142492354,20819,105.236328125,0.0,105.236328125
2,0.0003000000142492354,20829,125.09625244140625,0.0,125.09625244140625
2,0.0003000000142492354,20839,111.16304016113281,0.0,111.16304016113281
2,0.0003000000142492354,20849,120.31547546386719,0.0,120.31547546386719
2,0.0003000000142492354,20859,106.03948974609375,0.0,106.03948974609375
2,0.0003000000142492354,20869,112.81330871582031,0.0,112.81330871582031
2,0.0003000000142492354,20879,121.23957824707031,0.0,121.23957824707031
2,0.0003000000142492354,20889,107.76167297363281,0.0,107.76167297363281
2,0.0003000000142492354,20899,118.08069610595703,0.0,118.08069610595703
2,0.0003000000142492354,20909,125.05267333984375,0.0,125.05267333984375
2,0.0003000000142492354,20919,98.50987243652344,0.0,98.50987243652344
2,0.0003000000142492354,20929,107.04869079589844,0.0,107.04869079589844
2,0.0003000000142492354,20939,123.14837646484375,0.0,123.14837646484375
2,0.0003000000142492354,20949,106.9787826538086,0.0,106.9787826538086
2,0.0003000000142492354,20959,129.42568969726562,0.0,129.42568969726562
2,0.0003000000142492354,20969,115.60044860839844,0.0,115.60044860839844
2,0.0003000000142492354,20979,109.45436096191406,0.0,109.45436096191406
2,0.0003000000142492354,20989,101.61833190917969,0.0,101.61833190917969
2,0.0003000000142492354,20999,105.78459167480469,0.0,105.78459167480469
2,0.0003000000142492354,21009,104.08174133300781,0.0,104.08174133300781
2,0.0003000000142492354,21019,114.51334381103516,0.0,114.51334381103516
2,0.0003000000142492354,21029,102.28494262695312,0.0,102.28494262695312
2,0.0003000000142492354,21039,100.91126251220703,0.0,100.91126251220703
2,0.0003000000142492354,21049,105.47245025634766,0.0,105.47245025634766
2,0.0003000000142492354,21059,111.12773132324219,0.0,111.12773132324219
2,0.0003000000142492354,21069,114.74972534179688,0.0,114.74972534179688
2,0.0003000000142492354,21079,102.53828430175781,0.0,102.53828430175781
2,0.0003000000142492354,21089,119.53450012207031,0.0,119.53450012207031
2,0.0003000000142492354,21099,104.41736602783203,0.0,104.41736602783203
2,0.0003000000142492354,21109,105.07725524902344,0.0,105.07725524902344
2,0.0003000000142492354,21119,100.77863311767578,0.0,100.77863311767578
2,0.0003000000142492354,21129,118.90068817138672,0.0,118.90068817138672
2,0.0003000000142492354,21139,132.31370544433594,0.0,132.31370544433594
2,0.0003000000142492354,21149,115.1556167602539,0.0,115.1556167602539
2,0.0003000000142492354,21159,120.50581359863281,0.0,120.50581359863281
2,0.0003000000142492354,21169,106.2969970703125,0.0,106.2969970703125
2,0.0003000000142492354,21179,114.31852722167969,0.0,114.31852722167969
2,0.0003000000142492354,21189,118.6378173828125,0.0,118.6378173828125
2,0.0003000000142492354,21199,134.05523681640625,0.0,134.05523681640625
2,0.0003000000142492354,21209,111.21711730957031,0.0,111.21711730957031
2,0.0003000000142492354,21219,121.85224914550781,0.0,121.85224914550781
2,0.0003000000142492354,21229,121.48723602294922,0.0,121.48723602294922
2,0.0003000000142492354,21239,128.84754943847656,0.0,128.84754943847656
2,0.0003000000142492354,21249,97.3283920288086,0.0,97.3283920288086
2,0.0003000000142492354,21259,110.01412963867188,0.0,110.01412963867188
2,0.0003000000142492354,21269,118.37761688232422,0.0,118.37761688232422
2,0.0003000000142492354,21279,100.027099609375,0.0,100.027099609375
2,0.0003000000142492354,21289,116.28013610839844,0.0,116.28013610839844
2,0.0003000000142492354,21299,102.48600769042969,0.0,102.48600769042969
2,0.0003000000142492354,21309,107.50025177001953,0.0,107.50025177001953
2,0.0003000000142492354,21319,108.89979553222656,0.0,108.89979553222656
2,0.0003000000142492354,21329,114.06556701660156,0.0,114.06556701660156
2,0.0003000000142492354,21339,103.9315185546875,0.0,103.9315185546875
2,0.0003000000142492354,21349,103.6122817993164,0.0,103.6122817993164
2,0.0003000000142492354,21359,105.90365600585938,0.0,105.90365600585938
2,0.0003000000142492354,21369,104.68218994140625,0.0,104.68218994140625
2,0.0003000000142492354,21379,114.68724060058594,0.0,114.68724060058594
2,0.0003000000142492354,21389,124.06503295898438,0.0,124.06503295898438
2,0.0003000000142492354,21399,119.06172943115234,0.0,119.06172943115234
2,0.0003000000142492354,21409,113.17645263671875,0.0,113.17645263671875
2,0.0003000000142492354,21419,110.5435791015625,0.0,110.5435791015625
2,0.0003000000142492354,21429,107.3917236328125,0.0,107.3917236328125
2,0.0003000000142492354,21439,121.07243347167969,0.0,121.07243347167969
2,0.0003000000142492354,21449,114.88055419921875,0.0,114.88055419921875
2,0.0003000000142492354,21459,123.588623046875,0.0,123.588623046875
2,0.0003000000142492354,21469,109.23948669433594,0.0,109.23948669433594
2,0.0003000000142492354,21479,108.85899353027344,0.0,108.85899353027344
2,0.0003000000142492354,21489,116.53875732421875,0.0,116.53875732421875
2,0.0003000000142492354,21499,119.77118682861328,0.0,119.77118682861328
2,0.0003000000142492354,21509,129.28280639648438,0.0,129.28280639648438
2,0.0003000000142492354,21519,113.32272338867188,0.0,113.32272338867188
2,0.0003000000142492354,21529,118.29446411132812,0.0,118.29446411132812
2,0.0003000000142492354,21539,112.19818115234375,0.0,112.19818115234375
2,0.0003000000142492354,21549,113.79918670654297,0.0,113.79918670654297
2,0.0003000000142492354,21559,99.72115325927734,0.0,99.72115325927734
2,0.0003000000142492354,21569,113.95394897460938,0.0,113.95394897460938
2,0.0003000000142492354,21579,119.05486297607422,0.0,119.05486297607422
2,0.0003000000142492354,21589,112.68425750732422,0.0,112.68425750732422
2,0.0003000000142492354,21599,112.57498168945312,0.0,112.57498168945312
2,0.0003000000142492354,21609,112.23770904541016,0.0,112.23770904541016
2,0.0003000000142492354,21619,112.4627456665039,0.0,112.4627456665039
2,0.0003000000142492354,21629,116.59324645996094,0.0,116.59324645996094
2,0.0003000000142492354,21639,111.31011962890625,0.0,111.31011962890625
2,0.0003000000142492354,21649,109.5802001953125,0.0,109.5802001953125
2,0.0003000000142492354,21659,113.10258483886719,0.0,113.10258483886719
2,0.0003000000142492354,21669,105.4298095703125,0.0,105.4298095703125
2,0.0003000000142492354,21679,129.9398956298828,0.0,129.9398956298828
2,0.0003000000142492354,21689,121.42227172851562,0.0,121.42227172851562
2,0.0003000000142492354,21699,116.0410385131836,0.0,116.0410385131836
2,0.0003000000142492354,21709,111.95814514160156,0.0,111.95814514160156
2,0.0003000000142492354,21719,110.78399658203125,0.0,110.78399658203125
2,0.0003000000142492354,21729,112.19882202148438,0.0,112.19882202148438
2,0.0003000000142492354,21739,116.25183868408203,0.0,116.25183868408203
2,0.0003000000142492354,21749,123.60150909423828,0.0,123.60150909423828
2,0.0003000000142492354,21759,118.7225570678711,0.0,118.7225570678711
2,0.0003000000142492354,21769,122.86909484863281,0.0,122.86909484863281
2,0.0003000000142492354,21779,106.21244812011719,0.0,106.21244812011719
2,0.0003000000142492354,21789,109.09532165527344,0.0,109.09532165527344
2,0.0003000000142492354,21799,109.01355743408203,0.0,109.01355743408203
2,0.0003000000142492354,21809,112.70570373535156,0.0,112.70570373535156
2,0.0003000000142492354,21819,116.32889556884766,0.0,116.32889556884766
2,0.0003000000142492354,21829,117.92158508300781,0.0,117.92158508300781
2,0.0003000000142492354,21839,106.29098510742188,0.0,106.29098510742188
2,0.0003000000142492354,21849,121.65939331054688,0.0,121.65939331054688
2,0.0003000000142492354,21859,119.54637145996094,0.0,119.54637145996094
2,0.0003000000142492354,21869,108.07492065429688,0.0,108.07492065429688
2,0.0003000000142492354,21879,122.84381866455078,0.0,122.84381866455078
2,0.0003000000142492354,21889,114.26470947265625,0.0,114.26470947265625
2,0.0003000000142492354,21899,113.39285278320312,0.0,113.39285278320312
2,0.0003000000142492354,21909,130.56890869140625,0.0,130.56890869140625
2,0.0003000000142492354,21919,116.5673828125,0.0,116.5673828125
2,0.0003000000142492354,21929,122.32466125488281,0.0,122.32466125488281
2,0.0003000000142492354,21939,121.62785339355469,0.0,121.62785339355469
2,0.0003000000142492354,21949,122.1525650024414,0.0,122.1525650024414
2,0.0003000000142492354,21959,117.98402404785156,0.0,117.98402404785156
2,0.0003000000142492354,21969,112.33338165283203,0.0,112.33338165283203
2,0.0003000000142492354,21979,132.500732421875,0.0,132.500732421875
2,0.0003000000142492354,21989,103.19615936279297,0.0,103.19615936279297
2,0.0003000000142492354,21999,132.96682739257812,0.0,132.96682739257812
2,0.0003000000142492354,22009,111.42689514160156,0.0,111.42689514160156
2,0.0003000000142492354,22019,114.57852935791016,0.0,114.57852935791016
2,0.0003000000142492354,22029,112.76033020019531,0.0,112.76033020019531
2,0.0003000000142492354,22039,113.11163330078125,0.0,113.11163330078125
2,0.0003000000142492354,22049,104.03434753417969,0.0,104.03434753417969
2,0.0003000000142492354,22059,105.14801025390625,0.0,105.14801025390625
2,0.0003000000142492354,22069,104.81144714355469,0.0,104.81144714355469
2,0.0003000000142492354,22079,110.99193572998047,0.0,110.99193572998047
2,0.0003000000142492354,22089,112.72013092041016,0.0,112.72013092041016
2,0.0003000000142492354,22099,106.17347717285156,0.0,106.17347717285156
2,0.0003000000142492354,22109,112.32246398925781,0.0,112.32246398925781
2,0.0003000000142492354,22119,114.26844787597656,0.0,114.26844787597656
2,0.0003000000142492354,22129,121.05215454101562,0.0,121.05215454101562
2,0.0003000000142492354,22139,113.40335845947266,0.0,113.40335845947266
2,0.0003000000142492354,22149,113.96650695800781,0.0,113.96650695800781
2,0.0003000000142492354,22159,112.07730102539062,0.0,112.07730102539062
2,0.0003000000142492354,22169,111.97184753417969,0.0,111.97184753417969
2,0.0003000000142492354,22179,104.92056274414062,0.0,104.92056274414062
2,0.0003000000142492354,22189,118.85447692871094,0.0,118.85447692871094
2,0.0003000000142492354,22199,115.10025787353516,0.0,115.10025787353516
2,0.0003000000142492354,22209,102.63349914550781,0.0,102.63349914550781
2,0.0003000000142492354,22219,109.21144104003906,0.0,109.21144104003906
2,0.0003000000142492354,22229,110.13571166992188,0.0,110.13571166992188
2,0.0003000000142492354,22239,103.92401123046875,0.0,103.92401123046875
2,0.0003000000142492354,22249,117.4888916015625,0.0,117.4888916015625
2,0.0003000000142492354,22259,113.6475830078125,0.0,113.6475830078125
2,0.0003000000142492354,22269,120.82701873779297,0.0,120.82701873779297
2,0.0003000000142492354,22279,96.07296752929688,0.0,96.07296752929688
2,0.0003000000142492354,22289,117.80831146240234,0.0,117.80831146240234
2,0.0003000000142492354,22299,108.0101547241211,0.0,108.0101547241211
2,0.0003000000142492354,22309,110.87443542480469,0.0,110.87443542480469
2,0.0003000000142492354,22319,105.16354370117188,0.0,105.16354370117188
2,0.0003000000142492354,22329,128.59759521484375,0.0,128.59759521484375
2,0.0003000000142492354,22339,132.61328125,0.0,132.61328125
2,0.0003000000142492354,22349,111.66387939453125,0.0,111.66387939453125
2,0.0003000000142492354,22359,96.15325164794922,0.0,96.15325164794922
2,0.0003000000142492354,22369,101.097900390625,0.0,101.097900390625
2,0.0003000000142492354,22379,111.10198974609375,0.0,111.10198974609375
2,0.0003000000142492354,22389,127.22218322753906,0.0,127.22218322753906
2,0.0003000000142492354,22399,113.09951782226562,0.0,113.09951782226562
2,0.0003000000142492354,22409,117.6672592163086,0.0,117.6672592163086
2,0.0003000000142492354,22419,129.31591796875,0.0,129.31591796875
2,0.0003000000142492354,22429,121.84101867675781,0.0,121.84101867675781
2,0.0003000000142492354,22439,123.48465728759766,0.0,123.48465728759766
2,0.0003000000142492354,22449,108.83672332763672,0.0,108.83672332763672
2,0.0003000000142492354,22459,105.43852233886719,0.0,105.43852233886719
2,0.0003000000142492354,22469,110.16812133789062,0.0,110.16812133789062
2,0.0003000000142492354,22479,112.40676879882812,0.0,112.40676879882812
2,0.0003000000142492354,22489,137.70449829101562,0.0,137.70449829101562
2,0.0003000000142492354,22499,115.26771545410156,0.0,115.26771545410156
2,0.0003000000142492354,22509,119.8272933959961,0.0,119.8272933959961
2,0.0003000000142492354,22519,110.16120147705078,0.0,110.16120147705078
2,0.0003000000142492354,22529,110.35198974609375,0.0,110.35198974609375
2,0.0003000000142492354,22539,102.49818420410156,0.0,102.49818420410156
2,0.0003000000142492354,22549,89.31893920898438,0.0,89.31893920898438
2,0.0003000000142492354,22559,103.08393859863281,0.0,103.08393859863281
2,0.0003000000142492354,22569,130.99952697753906,0.0,130.99952697753906
2,0.0003000000142492354,22579,114.0666732788086,0.0,114.0666732788086
2,0.0003000000142492354,22589,91.7247314453125,0.0,91.7247314453125
2,0.0003000000142492354,22599,105.92240905761719,0.0,105.92240905761719
2,0.0003000000142492354,22609,129.02218627929688,0.0,129.02218627929688
2,0.0003000000142492354,22619,121.56364440917969,0.0,121.56364440917969
2,0.0003000000142492354,22629,113.96533966064453,0.0,113.96533966064453
2,0.0003000000142492354,22639,109.18104553222656,0.0,109.18104553222656
2,0.0003000000142492354,22649,113.30683898925781,0.0,113.30683898925781
2,0.0003000000142492354,22659,110.06611633300781,0.0,110.06611633300781
2,0.0003000000142492354,22669,98.80940246582031,0.0,98.80940246582031
2,0.0003000000142492354,22679,118.00003051757812,0.0,118.00003051757812
2,0.0003000000142492354,22689,98.96168518066406,0.0,98.96168518066406
2,0.0003000000142492354,22699,122.24461364746094,0.0,122.24461364746094
2,0.0003000000142492354,22709,117.17546081542969,0.0,117.17546081542969
2,0.0003000000142492354,22719,110.36602783203125,0.0,110.36602783203125
2,0.0003000000142492354,22729,116.10448455810547,0.0,116.10448455810547
2,0.0003000000142492354,22739,106.58921813964844,0.0,106.58921813964844
2,0.0003000000142492354,22749,97.57640838623047,0.0,97.57640838623047
2,0.0003000000142492354,22759,117.38726806640625,0.0,117.38726806640625
2,0.0003000000142492354,22769,118.0052490234375,0.0,118.0052490234375
2,0.0003000000142492354,22779,129.49928283691406,0.0,129.49928283691406
2,0.0003000000142492354,22789,111.18885803222656,0.0,111.18885803222656
2,0.0003000000142492354,22799,104.361083984375,0.0,104.361083984375
2,0.0003000000142492354,22809,108.91427612304688,0.0,108.91427612304688
2,0.0003000000142492354,22819,122.46857452392578,0.0,122.46857452392578
2,0.0003000000142492354,22829,112.23985290527344,0.0,112.23985290527344
2,0.0003000000142492354,22839,109.99139404296875,0.0,109.99139404296875
2,0.0003000000142492354,22849,114.35675811767578,0.0,114.35675811767578
2,0.0003000000142492354,22859,113.66079711914062,0.0,113.66079711914062
2,0.0003000000142492354,22869,99.01335144042969,0.0,99.01335144042969
2,0.0003000000142492354,22879,111.11893463134766,0.0,111.11893463134766
2,0.0003000000142492354,22889,110.14533996582031,0.0,110.14533996582031
2,0.0003000000142492354,22899,116.15505981445312,0.0,116.15505981445312
2,0.0003000000142492354,22909,102.38470458984375,0.0,102.38470458984375
2,0.0003000000142492354,22919,117.37339782714844,0.0,117.37339782714844
2,0.0003000000142492354,22929,124.08763885498047,0.0,124.08763885498047
2,0.0003000000142492354,22939,121.0767822265625,0.0,121.0767822265625
2,0.0003000000142492354,22949,120.50811767578125,0.0,120.50811767578125
2,0.0003000000142492354,22959,111.3610610961914,0.0,111.3610610961914
2,0.0003000000142492354,22969,112.215087890625,0.0,112.215087890625
2,0.0003000000142492354,22979,108.04419708251953,0.0,108.04419708251953
2,0.0003000000142492354,22989,130.10227966308594,0.0,130.10227966308594
2,0.0003000000142492354,22999,119.59659576416016,0.0,119.59659576416016
2,0.0003000000142492354,23009,128.37210083007812,0.0,128.37210083007812
2,0.0003000000142492354,23019,105.64863586425781,0.0,105.64863586425781
2,0.0003000000142492354,23029,107.75822448730469,0.0,107.75822448730469
2,0.0003000000142492354,23039,115.96865844726562,0.0,115.96865844726562
2,0.0003000000142492354,23049,99.58753967285156,0.0,99.58753967285156
2,0.0003000000142492354,23059,119.33963012695312,0.0,119.33963012695312
2,0.0003000000142492354,23069,123.44334411621094,0.0,123.44334411621094
2,0.0003000000142492354,23079,115.54235076904297,0.0,115.54235076904297
2,0.0003000000142492354,23089,102.44418334960938,0.0,102.44418334960938
2,0.0003000000142492354,23099,110.14152526855469,0.0,110.14152526855469
2,0.0003000000142492354,23109,114.97179412841797,0.0,114.97179412841797
2,0.0003000000142492354,23119,109.0670394897461,0.0,109.0670394897461
2,0.0003000000142492354,23129,122.720458984375,0.0,122.720458984375
2,0.0003000000142492354,23139,132.6093292236328,0.0,132.6093292236328
2,0.0003000000142492354,23149,104.92455291748047,0.0,104.92455291748047
2,0.0003000000142492354,23159,102.312744140625,0.0,102.312744140625
2,0.0003000000142492354,23169,112.36815643310547,0.0,112.36815643310547
2,0.0003000000142492354,23179,110.89208984375,0.0,110.89208984375
2,0.0003000000142492354,23189,110.05828857421875,0.0,110.05828857421875
2,0.0003000000142492354,23199,124.04169464111328,0.0,124.04169464111328
2,0.0003000000142492354,23209,105.14517211914062,0.0,105.14517211914062
2,0.0003000000142492354,23219,101.31793212890625,0.0,101.31793212890625
2,0.0003000000142492354,23229,110.59589385986328,0.0,110.59589385986328
2,0.0003000000142492354,23239,116.89723205566406,0.0,116.89723205566406
2,0.0003000000142492354,23249,115.83627319335938,0.0,115.83627319335938
2,0.0003000000142492354,23259,106.00738525390625,0.0,106.00738525390625
2,0.0003000000142492354,23269,119.21514129638672,0.0,119.21514129638672
2,0.0003000000142492354,23279,98.78152465820312,0.0,98.78152465820312
2,0.0003000000142492354,23289,111.62149047851562,0.0,111.62149047851562
2,0.0003000000142492354,23299,104.37583923339844,0.0,104.37583923339844
2,0.0003000000142492354,23309,113.6220703125,0.0,113.6220703125
2,0.0003000000142492354,23319,117.9284896850586,0.0,117.9284896850586
2,0.0003000000142492354,23329,116.61219787597656,0.0,116.61219787597656
2,0.0003000000142492354,23339,122.40105438232422,0.0,122.40105438232422
2,0.0003000000142492354,23349,123.75985717773438,0.0,123.75985717773438
2,0.0003000000142492354,23359,118.9259033203125,0.0,118.9259033203125
2,0.0003000000142492354,23369,129.097412109375,0.0,129.097412109375
2,0.0003000000142492354,23379,114.3992691040039,0.0,114.3992691040039
2,0.0003000000142492354,23389,91.10808563232422,0.0,91.10808563232422
2,0.0003000000142492354,23399,125.20651245117188,0.0,125.20651245117188
2,0.0003000000142492354,23409,105.11894226074219,0.0,105.11894226074219
2,0.0003000000142492354,23419,120.41507720947266,0.0,120.41507720947266
2,0.0003000000142492354,23429,108.81021118164062,0.0,108.81021118164062
2,0.0003000000142492354,23439,120.52588653564453,0.0,120.52588653564453
2,0.0003000000142492354,23449,109.27876281738281,0.0,109.27876281738281
2,0.0003000000142492354,23459,120.92053985595703,0.0,120.92053985595703
2,0.0003000000142492354,23469,102.37554931640625,0.0,102.37554931640625
2,0.0003000000142492354,23479,125.8144302368164,0.0,125.8144302368164
2,0.0003000000142492354,23489,118.7877426147461,0.0,118.7877426147461
2,0.0003000000142492354,23499,113.50155639648438,0.0,113.50155639648438
2,0.0003000000142492354,23509,118.98178100585938,0.0,118.98178100585938
2,0.0003000000142492354,23519,112.04574584960938,0.0,112.04574584960938
2,0.0003000000142492354,23529,109.3011474609375,0.0,109.3011474609375
2,0.0003000000142492354,23539,107.32667541503906,0.0,107.32667541503906
2,0.0003000000142492354,23549,116.35884094238281,0.0,116.35884094238281
2,0.0003000000142492354,23559,121.78605651855469,0.0,121.78605651855469
2,0.0003000000142492354,23569,120.75775909423828,0.0,120.75775909423828
2,0.0003000000142492354,23579,108.0499496459961,0.0,108.0499496459961
2,0.0003000000142492354,23589,108.32844543457031,0.0,108.32844543457031
2,0.0003000000142492354,23599,117.0063705444336,0.0,117.0063705444336
2,0.0003000000142492354,23609,115.27984619140625,0.0,115.27984619140625
2,0.0003000000142492354,23619,123.42947387695312,0.0,123.42947387695312
2,0.0003000000142492354,23629,110.68214416503906,0.0,110.68214416503906
2,0.0003000000142492354,23639,117.25105285644531,0.0,117.25105285644531
2,0.0003000000142492354,23649,113.58999633789062,0.0,113.58999633789062
2,0.0003000000142492354,23659,102.30927276611328,0.0,102.30927276611328
2,0.0003000000142492354,23669,132.80712890625,0.0,132.80712890625
2,0.0003000000142492354,23679,105.83052062988281,0.0,105.83052062988281
2,0.0003000000142492354,23689,110.60835266113281,0.0,110.60835266113281
2,0.0003000000142492354,23699,105.87086486816406,0.0,105.87086486816406
2,0.0003000000142492354,23709,125.28076171875,0.0,125.28076171875
2,0.0003000000142492354,23719,115.98302459716797,0.0,115.98302459716797
2,0.0003000000142492354,23729,114.63203430175781,0.0,114.63203430175781
2,0.0003000000142492354,23739,96.03312683105469,0.0,96.03312683105469
2,0.0003000000142492354,23749,113.53035736083984,0.0,113.53035736083984
2,0.0003000000142492354,23759,114.30757141113281,0.0,114.30757141113281
2,0.0003000000142492354,23769,104.84542846679688,0.0,104.84542846679688
2,0.0003000000142492354,23779,106.98828125,0.0,106.98828125
2,0.0003000000142492354,23789,120.4078140258789,0.0,120.4078140258789
2,0.0003000000142492354,23799,105.94486236572266,0.0,105.94486236572266
2,0.0003000000142492354,23809,136.1519775390625,0.0,136.1519775390625
2,0.0003000000142492354,23819,116.9808120727539,0.0,116.9808120727539
2,0.0003000000142492354,23829,105.18927001953125,0.0,105.18927001953125
2,0.0003000000142492354,23839,110.01669311523438,0.0,110.01669311523438
2,0.0003000000142492354,23849,99.83901977539062,0.0,99.83901977539062
2,0.0003000000142492354,23859,114.80714416503906,0.0,114.80714416503906
2,0.0003000000142492354,23869,113.18473815917969,0.0,113.18473815917969
2,0.0003000000142492354,23879,124.97344207763672,0.0,124.97344207763672
2,0.0003000000142492354,23889,120.04090881347656,0.0,120.04090881347656
2,0.0003000000142492354,23899,97.17311096191406,0.0,97.17311096191406
2,0.0003000000142492354,23909,141.19491577148438,0.0,141.19491577148438
2,0.0003000000142492354,23919,108.06961822509766,0.0,108.06961822509766
2,0.0003000000142492354,23929,117.72421264648438,0.0,117.72421264648438
2,0.0003000000142492354,23939,110.84295654296875,0.0,110.84295654296875
2,0.0003000000142492354,23949,112.60408782958984,0.0,112.60408782958984
2,0.0003000000142492354,23959,111.392822265625,0.0,111.392822265625
2,0.0003000000142492354,23969,103.16900634765625,0.0,103.16900634765625
2,0.0003000000142492354,23979,103.46766662597656,0.0,103.46766662597656
2,0.0003000000142492354,23989,122.86051940917969,0.0,122.86051940917969
2,0.0003000000142492354,23999,110.6927490234375,0.0,110.6927490234375
2,0.0003000000142492354,24009,104.15786743164062,0.0,104.15786743164062
2,0.0003000000142492354,24019,114.94994354248047,0.0,114.94994354248047
2,0.0003000000142492354,24029,115.477783203125,0.0,115.477783203125
2,0.0003000000142492354,24039,108.00972747802734,0.0,108.00972747802734
2,0.0003000000142492354,24049,118.38288116455078,0.0,118.38288116455078
2,0.0003000000142492354,24059,126.55905151367188,0.0,126.55905151367188
2,0.0003000000142492354,24069,123.06610107421875,0.0,123.06610107421875
2,0.0003000000142492354,24079,111.90119934082031,0.0,111.90119934082031
2,0.0003000000142492354,24089,113.10562896728516,0.0,113.10562896728516
2,0.0003000000142492354,24099,113.59715270996094,0.0,113.59715270996094
2,0.0003000000142492354,24109,89.18159484863281,0.0,89.18159484863281
2,0.0003000000142492354,24119,110.01947021484375,0.0,110.01947021484375
2,0.0003000000142492354,24129,115.93600463867188,0.0,115.93600463867188
2,0.0003000000142492354,24139,108.69842529296875,0.0,108.69842529296875
2,0.0003000000142492354,24149,117.54315185546875,0.0,117.54315185546875
2,0.0003000000142492354,24159,113.27308654785156,0.0,113.27308654785156
2,0.0003000000142492354,24169,109.12844848632812,0.0,109.12844848632812
2,0.0003000000142492354,24179,121.42518615722656,0.0,121.42518615722656
2,0.0003000000142492354,24189,115.64701843261719,0.0,115.64701843261719
2,0.0003000000142492354,24199,118.10111236572266,0.0,118.10111236572266
2,0.0003000000142492354,24209,114.42562866210938,0.0,114.42562866210938
2,0.0003000000142492354,24219,102.55180358886719,0.0,102.55180358886719
2,0.0003000000142492354,24229,111.08544158935547,0.0,111.08544158935547
2,0.0003000000142492354,24239,116.46470642089844,0.0,116.46470642089844
2,0.0003000000142492354,24249,106.27645874023438,0.0,106.27645874023438
2,0.0003000000142492354,24259,116.68769836425781,0.0,116.68769836425781
2,0.0003000000142492354,24269,111.06768798828125,0.0,111.06768798828125
2,0.0003000000142492354,24279,108.74690246582031,0.0,108.74690246582031
2,0.0003000000142492354,24289,113.12920379638672,0.0,113.12920379638672
2,0.0003000000142492354,24299,105.663818359375,0.0,105.663818359375
2,0.0003000000142492354,24309,124.037109375,0.0,124.037109375
2,0.0003000000142492354,24319,101.80897521972656,0.0,101.80897521972656
2,0.0003000000142492354,24329,108.46701049804688,0.0,108.46701049804688
2,0.0003000000142492354,24339,116.57603454589844,0.0,116.57603454589844
2,0.0003000000142492354,24349,104.57225799560547,0.0,104.57225799560547
2,0.0003000000142492354,24359,114.41598510742188,0.0,114.41598510742188
2,0.0003000000142492354,24369,113.53825378417969,0.0,113.53825378417969
2,0.0003000000142492354,24379,116.37290954589844,0.0,116.37290954589844
2,0.0003000000142492354,24389,109.46916198730469,0.0,109.46916198730469
2,0.0003000000142492354,24399,111.1946792602539,0.0,111.1946792602539
2,0.0003000000142492354,24409,107.98529052734375,0.0,107.98529052734375
2,0.0003000000142492354,24419,119.15365600585938,0.0,119.15365600585938
2,0.0003000000142492354,24429,108.7016830444336,0.0,108.7016830444336
2,0.0003000000142492354,24439,105.30525207519531,0.0,105.30525207519531
2,0.0003000000142492354,24449,117.69584655761719,0.0,117.69584655761719
2,0.0003000000142492354,24459,120.53941345214844,0.0,120.53941345214844
2,0.0003000000142492354,24469,115.12940979003906,0.0,115.12940979003906
2,0.0003000000142492354,24479,119.10539245605469,0.0,119.10539245605469
2,0.0003000000142492354,24489,114.61618041992188,0.0,114.61618041992188
2,0.0003000000142492354,24499,117.78205871582031,0.0,117.78205871582031
2,0.0003000000142492354,24509,113.72408294677734,0.0,113.72408294677734
2,0.0003000000142492354,24519,101.765380859375,0.0,101.765380859375
2,0.0003000000142492354,24529,101.91328430175781,0.0,101.91328430175781
2,0.0003000000142492354,24539,127.30386352539062,0.0,127.30386352539062
2,0.0003000000142492354,24549,116.5312271118164,0.0,116.5312271118164
2,0.0003000000142492354,24559,96.86143493652344,0.0,96.86143493652344
2,0.0003000000142492354,24569,106.82670593261719,0.0,106.82670593261719
2,0.0003000000142492354,24579,137.988037109375,0.0,137.988037109375
2,0.0003000000142492354,24589,121.89441680908203,0.0,121.89441680908203
2,0.0003000000142492354,24599,117.92901611328125,0.0,117.92901611328125
2,0.0003000000142492354,24609,98.88664245605469,0.0,98.88664245605469
2,0.0003000000142492354,24619,107.27897644042969,0.0,107.27897644042969
2,0.0003000000142492354,24629,113.16407012939453,0.0,113.16407012939453
2,0.0003000000142492354,24639,113.45394134521484,0.0,113.45394134521484
2,0.0003000000142492354,24649,104.99351501464844,0.0,104.99351501464844
2,0.0003000000142492354,24659,114.39584350585938,0.0,114.39584350585938
2,0.0003000000142492354,24669,107.21821594238281,0.0,107.21821594238281
2,0.0003000000142492354,24679,119.83660888671875,0.0,119.83660888671875
2,0.0003000000142492354,24689,124.64556884765625,0.0,124.64556884765625
2,0.0003000000142492354,24699,104.53861236572266,0.0,104.53861236572266
2,0.0003000000142492354,24709,113.09037780761719,0.0,113.09037780761719
2,0.0003000000142492354,24719,113.34862518310547,0.0,113.34862518310547
2,0.0003000000142492354,24729,115.27621459960938,0.0,115.27621459960938
2,0.0003000000142492354,24739,107.72299194335938,0.0,107.72299194335938
2,0.0003000000142492354,24749,105.77865600585938,0.0,105.77865600585938
2,0.0003000000142492354,24759,98.12721252441406,0.0,98.12721252441406
2,0.0003000000142492354,24769,127.3780517578125,0.0,127.3780517578125
3,0.0003000000142492354,24779,122.38656616210938,0.0,122.38656616210938
3,0.0003000000142492354,24789,110.23298645019531,0.0,110.23298645019531
3,0.0003000000142492354,24799,115.29975891113281,0.0,115.29975891113281
3,0.0003000000142492354,24809,96.3846206665039,0.0,96.3846206665039
3,0.0003000000142492354,24819,101.70501708984375,0.0,101.70501708984375
3,0.0003000000142492354,24829,127.00070190429688,0.0,127.00070190429688
3,0.0003000000142492354,24839,114.02865600585938,0.0,114.02865600585938
3,0.0003000000142492354,24849,118.0575942993164,0.0,118.0575942993164
3,0.0003000000142492354,24859,115.0640869140625,0.0,115.0640869140625
3,0.0003000000142492354,24869,104.13919067382812,0.0,104.13919067382812
3,0.0003000000142492354,24879,106.68355560302734,0.0,106.68355560302734
3,0.0003000000142492354,24889,105.01242065429688,0.0,105.01242065429688
3,0.0003000000142492354,24899,117.06605529785156,0.0,117.06605529785156
3,0.0003000000142492354,24909,110.95832824707031,0.0,110.95832824707031
3,0.0003000000142492354,24919,107.48259735107422,0.0,107.48259735107422
3,0.0003000000142492354,24929,92.1492919921875,0.0,92.1492919921875
3,0.0003000000142492354,24939,99.78253173828125,0.0,99.78253173828125
3,0.0003000000142492354,24949,102.26134490966797,0.0,102.26134490966797
3,0.0003000000142492354,24959,119.52313232421875,0.0,119.52313232421875
3,0.0003000000142492354,24969,109.46883392333984,0.0,109.46883392333984
3,0.0003000000142492354,24979,125.48040771484375,0.0,125.48040771484375
3,0.0003000000142492354,24989,101.04777526855469,0.0,101.04777526855469
3,0.0003000000142492354,24999,112.37513732910156,0.0,112.37513732910156
3,0.0003000000142492354,25009,116.50794219970703,0.0,116.50794219970703
3,0.0003000000142492354,25019,108.65228271484375,0.0,108.65228271484375
3,0.0003000000142492354,25029,117.1071548461914,0.0,117.1071548461914
3,0.0003000000142492354,25039,124.0731201171875,0.0,124.0731201171875
3,0.0003000000142492354,25049,111.87487030029297,0.0,111.87487030029297
3,0.0003000000142492354,25059,131.74386596679688,0.0,131.74386596679688
3,0.0003000000142492354,25069,114.41451263427734,0.0,114.41451263427734
3,0.0003000000142492354,25079,101.04436492919922,0.0,101.04436492919922
3,0.0003000000142492354,25089,110.94732666015625,0.0,110.94732666015625
3,0.0003000000142492354,25099,118.97098541259766,0.0,118.97098541259766
3,0.0003000000142492354,25109,96.96101379394531,0.0,96.96101379394531
3,0.0003000000142492354,25119,119.06156921386719,0.0,119.06156921386719
3,0.0003000000142492354,25129,109.89572143554688,0.0,109.89572143554688
3,0.0003000000142492354,25139,103.57780456542969,0.0,103.57780456542969
3,0.0003000000142492354,25149,108.08253479003906,0.0,108.08253479003906
3,0.0003000000142492354,25159,110.5786361694336,0.0,110.5786361694336
3,0.0003000000142492354,25169,97.67007446289062,0.0,97.67007446289062
3,0.0003000000142492354,25179,118.07582092285156,0.0,118.07582092285156
3,0.0003000000142492354,25189,117.89486694335938,0.0,117.89486694335938
3,0.0003000000142492354,25199,98.79239654541016,0.0,98.79239654541016
3,0.0003000000142492354,25209,116.81554412841797,0.0,116.81554412841797
3,0.0003000000142492354,25219,126.1770248413086,0.0,126.1770248413086
3,0.0003000000142492354,25229,115.3325424194336,0.0,115.3325424194336
3,0.0003000000142492354,25239,125.69318389892578,0.0,125.69318389892578
3,0.0003000000142492354,25249,114.43582153320312,0.0,114.43582153320312
3,0.0003000000142492354,25259,113.76660919189453,0.0,113.76660919189453
3,0.0003000000142492354,25269,120.3345947265625,0.0,120.3345947265625
3,0.0003000000142492354,25279,123.5395736694336,0.0,123.5395736694336
3,0.0003000000142492354,25289,109.22291564941406,0.0,109.22291564941406
3,0.0003000000142492354,25299,115.29235076904297,0.0,115.29235076904297
3,0.0003000000142492354,25309,106.89939880371094,0.0,106.89939880371094
3,0.0003000000142492354,25319,113.53402709960938,0.0,113.53402709960938
3,0.0003000000142492354,25329,109.28193664550781,0.0,109.28193664550781
3,0.0003000000142492354,25339,140.7247314453125,0.0,140.7247314453125
3,0.0003000000142492354,25349,111.57951354980469,0.0,111.57951354980469
3,0.0003000000142492354,25359,111.22000122070312,0.0,111.22000122070312
3,0.0003000000142492354,25369,98.51416015625,0.0,98.51416015625
3,0.0003000000142492354,25379,123.67700958251953,0.0,123.67700958251953
3,0.0003000000142492354,25389,104.21673583984375,0.0,104.21673583984375
3,0.0003000000142492354,25399,125.79165649414062,0.0,125.79165649414062
3,0.0003000000142492354,25409,113.8309555053711,0.0,113.8309555053711
3,0.0003000000142492354,25419,100.41195678710938,0.0,100.41195678710938
3,0.0003000000142492354,25429,113.2634506225586,0.0,113.2634506225586
3,0.0003000000142492354,25439,118.7878189086914,0.0,118.7878189086914
3,0.0003000000142492354,25449,108.05342102050781,0.0,108.05342102050781
3,0.0003000000142492354,25459,112.64344787597656,0.0,112.64344787597656
3,0.0003000000142492354,25469,117.3173599243164,0.0,117.3173599243164
3,0.0003000000142492354,25479,106.24868774414062,0.0,106.24868774414062
3,0.0003000000142492354,25489,120.12681579589844,0.0,120.12681579589844
3,0.0003000000142492354,25499,117.14547729492188,0.0,117.14547729492188
3,0.0003000000142492354,25509,117.11730194091797,0.0,117.11730194091797
3,0.0003000000142492354,25519,129.20751953125,0.0,129.20751953125
3,0.0003000000142492354,25529,109.62464141845703,0.0,109.62464141845703
3,0.0003000000142492354,25539,110.34741973876953,0.0,110.34741973876953
3,0.0003000000142492354,25549,97.41473388671875,0.0,97.41473388671875
3,0.0003000000142492354,25559,119.80867767333984,0.0,119.80867767333984
3,0.0003000000142492354,25569,115.9288101196289,0.0,115.9288101196289
3,0.0003000000142492354,25579,108.9348373413086,0.0,108.9348373413086
3,0.0003000000142492354,25589,110.35813903808594,0.0,110.35813903808594
3,0.0003000000142492354,25599,108.42183685302734,0.0,108.42183685302734
3,0.0003000000142492354,25609,115.34669494628906,0.0,115.34669494628906
3,0.0003000000142492354,25619,101.13570404052734,0.0,101.13570404052734
3,0.0003000000142492354,25629,105.3275146484375,0.0,105.3275146484375
3,0.0003000000142492354,25639,108.6988525390625,0.0,108.6988525390625
3,0.0003000000142492354,25649,114.12435913085938,0.0,114.12435913085938
3,0.0003000000142492354,25659,117.33649444580078,0.0,117.33649444580078
3,0.0003000000142492354,25669,110.61528015136719,0.0,110.61528015136719
3,0.0003000000142492354,25679,114.17436981201172,0.0,114.17436981201172
3,0.0003000000142492354,25689,106.74137115478516,0.0,106.74137115478516
3,0.0003000000142492354,25699,113.25365447998047,0.0,113.25365447998047
3,0.0003000000142492354,25709,116.52418518066406,0.0,116.52418518066406
3,0.0003000000142492354,25719,109.23240661621094,0.0,109.23240661621094
3,0.0003000000142492354,25729,108.78164672851562,0.0,108.78164672851562
3,0.0003000000142492354,25739,118.09980773925781,0.0,118.09980773925781
3,0.0003000000142492354,25749,125.00065612792969,0.0,125.00065612792969
3,0.0003000000142492354,25759,110.79974365234375,0.0,110.79974365234375
3,0.0003000000142492354,25769,121.25076293945312,0.0,121.25076293945312
3,0.0003000000142492354,25779,114.27833557128906,0.0,114.27833557128906
3,0.0003000000142492354,25789,109.57577514648438,0.0,109.57577514648438
3,0.0003000000142492354,25799,104.89938354492188,0.0,104.89938354492188
3,0.0003000000142492354,25809,116.94720458984375,0.0,116.94720458984375
3,0.0003000000142492354,25819,115.05097198486328,0.0,115.05097198486328
3,0.0003000000142492354,25829,109.55899047851562,0.0,109.55899047851562
3,0.0003000000142492354,25839,113.837158203125,0.0,113.837158203125
3,0.0003000000142492354,25849,116.95071411132812,0.0,116.95071411132812
3,0.0003000000142492354,25859,114.15206146240234,0.0,114.15206146240234
3,0.0003000000142492354,25869,111.11962890625,0.0,111.11962890625
3,0.0003000000142492354,25879,127.79972839355469,0.0,127.79972839355469
3,0.0003000000142492354,25889,109.1246337890625,0.0,109.1246337890625
3,0.0003000000142492354,25899,119.2341537475586,0.0,119.2341537475586
3,0.0003000000142492354,25909,110.37654113769531,0.0,110.37654113769531
3,0.0003000000142492354,25919,110.2055892944336,0.0,110.2055892944336
3,0.0003000000142492354,25929,106.04743957519531,0.0,106.04743957519531
3,0.0003000000142492354,25939,108.26983642578125,0.0,108.26983642578125
3,0.0003000000142492354,25949,105.85372924804688,0.0,105.85372924804688
3,0.0003000000142492354,25959,115.38192749023438,0.0,115.38192749023438
3,0.0003000000142492354,25969,118.23497009277344,0.0,118.23497009277344
3,0.0003000000142492354,25979,104.96281433105469,0.0,104.96281433105469
3,0.0003000000142492354,25989,106.28919982910156,0.0,106.28919982910156
3,0.0003000000142492354,25999,106.30747985839844,0.0,106.30747985839844
3,0.0003000000142492354,26009,111.44744873046875,0.0,111.44744873046875
3,0.0003000000142492354,26019,121.35262298583984,0.0,121.35262298583984
3,0.0003000000142492354,26029,105.11323547363281,0.0,105.11323547363281
3,0.0003000000142492354,26039,106.66970825195312,0.0,106.66970825195312
3,0.0003000000142492354,26049,128.86492919921875,0.0,128.86492919921875
3,0.0003000000142492354,26059,102.19180297851562,0.0,102.19180297851562
3,0.0003000000142492354,26069,106.88506317138672,0.0,106.88506317138672
3,0.0003000000142492354,26079,110.38591766357422,0.0,110.38591766357422
3,0.0003000000142492354,26089,107.75869750976562,0.0,107.75869750976562
3,0.0003000000142492354,26099,112.5730209350586,0.0,112.5730209350586
3,0.0003000000142492354,26109,112.71009063720703,0.0,112.71009063720703
3,0.0003000000142492354,26119,99.31906127929688,0.0,99.31906127929688
3,0.0003000000142492354,26129,96.39585876464844,0.0,96.39585876464844
3,0.0003000000142492354,26139,109.81287384033203,0.0,109.81287384033203
3,0.0003000000142492354,26149,105.98856353759766,0.0,105.98856353759766
3,0.0003000000142492354,26159,106.90776062011719,0.0,106.90776062011719
3,0.0003000000142492354,26169,116.42930603027344,0.0,116.42930603027344
3,0.0003000000142492354,26179,118.27279663085938,0.0,118.27279663085938
3,0.0003000000142492354,26189,110.02577209472656,0.0,110.02577209472656
3,0.0003000000142492354,26199,109.79779815673828,0.0,109.79779815673828
3,0.0003000000142492354,26209,117.76740264892578,0.0,117.76740264892578
3,0.0003000000142492354,26219,115.26361083984375,0.0,115.26361083984375
3,0.0003000000142492354,26229,121.45523071289062,0.0,121.45523071289062
3,0.0003000000142492354,26239,104.41134643554688,0.0,104.41134643554688
3,0.0003000000142492354,26249,92.55584716796875,0.0,92.55584716796875
3,0.0003000000142492354,26259,121.65045928955078,0.0,121.65045928955078
3,0.0003000000142492354,26269,100.0119400024414,0.0,100.0119400024414
3,0.0003000000142492354,26279,121.9555892944336,0.0,121.9555892944336
3,0.0003000000142492354,26289,131.76165771484375,0.0,131.76165771484375
3,0.0003000000142492354,26299,116.62328338623047,0.0,116.62328338623047
3,0.0003000000142492354,26309,116.48333740234375,0.0,116.48333740234375
3,0.0003000000142492354,26319,122.19082641601562,0.0,122.19082641601562
3,0.0003000000142492354,26329,110.23248291015625,0.0,110.23248291015625
3,0.0003000000142492354,26339,113.48755645751953,0.0,113.48755645751953
3,0.0003000000142492354,26349,104.28939819335938,0.0,104.28939819335938
3,0.0003000000142492354,26359,94.17950439453125,0.0,94.17950439453125
3,0.0003000000142492354,26369,117.39319610595703,0.0,117.39319610595703
3,0.0003000000142492354,26379,131.0656280517578,0.0,131.0656280517578
3,0.0003000000142492354,26389,116.35763549804688,0.0,116.35763549804688
3,0.0003000000142492354,26399,111.32500457763672,0.0,111.32500457763672
3,0.0003000000142492354,26409,111.73326873779297,0.0,111.73326873779297
3,0.0003000000142492354,26419,92.64921569824219,0.0,92.64921569824219
3,0.0003000000142492354,26429,107.36503601074219,0.0,107.36503601074219
3,0.0003000000142492354,26439,108.1274185180664,0.0,108.1274185180664
3,0.0003000000142492354,26449,115.2330322265625,0.0,115.2330322265625
3,0.0003000000142492354,26459,101.90052795410156,0.0,101.90052795410156
3,0.0003000000142492354,26469,116.77417755126953,0.0,116.77417755126953
3,0.0003000000142492354,26479,120.51505279541016,0.0,120.51505279541016
3,0.0003000000142492354,26489,115.22845458984375,0.0,115.22845458984375
3,0.0003000000142492354,26499,94.85855102539062,0.0,94.85855102539062
3,0.0003000000142492354,26509,109.0326156616211,0.0,109.0326156616211
3,0.0003000000142492354,26519,114.63875579833984,0.0,114.63875579833984
3,0.0003000000142492354,26529,113.26054382324219,0.0,113.26054382324219
3,0.0003000000142492354,26539,113.47581481933594,0.0,113.47581481933594
3,0.0003000000142492354,26549,107.06168365478516,0.0,107.06168365478516
3,0.0003000000142492354,26559,99.92827606201172,0.0,99.92827606201172
3,0.0003000000142492354,26569,108.45513153076172,0.0,108.45513153076172
3,0.0003000000142492354,26579,120.117919921875,0.0,120.117919921875
3,0.0003000000142492354,26589,113.6407699584961,0.0,113.6407699584961
3,0.0003000000142492354,26599,116.27525329589844,0.0,116.27525329589844
3,0.0003000000142492354,26609,117.56632232666016,0.0,117.56632232666016
3,0.0003000000142492354,26619,129.447021484375,0.0,129.447021484375
3,0.0003000000142492354,26629,102.32093811035156,0.0,102.32093811035156
3,0.0003000000142492354,26639,120.2942123413086,0.0,120.2942123413086
3,0.0003000000142492354,26649,120.00942993164062,0.0,120.00942993164062
3,0.0003000000142492354,26659,120.70135498046875,0.0,120.70135498046875
3,0.0003000000142492354,26669,121.16539764404297,0.0,121.16539764404297
3,0.0003000000142492354,26679,101.6785659790039,0.0,101.6785659790039
3,0.0003000000142492354,26689,125.37789916992188,0.0,125.37789916992188
3,0.0003000000142492354,26699,117.31837463378906,0.0,117.31837463378906
3,0.0003000000142492354,26709,104.84971618652344,0.0,104.84971618652344
3,0.0003000000142492354,26719,125.74427032470703,0.0,125.74427032470703
3,0.0003000000142492354,26729,107.3758544921875,0.0,107.3758544921875
3,0.0003000000142492354,26739,108.68756866455078,0.0,108.68756866455078
3,0.0003000000142492354,26749,110.84003448486328,0.0,110.84003448486328
3,0.0003000000142492354,26759,108.24344635009766,0.0,108.24344635009766
3,0.0003000000142492354,26769,110.27967834472656,0.0,110.27967834472656
3,0.0003000000142492354,26779,93.36325073242188,0.0,93.36325073242188
3,0.0003000000142492354,26789,107.04148864746094,0.0,107.04148864746094
3,0.0003000000142492354,26799,101.85285186767578,0.0,101.85285186767578
3,0.0003000000142492354,26809,106.99628448486328,0.0,106.99628448486328
3,0.0003000000142492354,26819,109.25785827636719,0.0,109.25785827636719
3,0.0003000000142492354,26829,114.68222045898438,0.0,114.68222045898438
3,0.0003000000142492354,26839,114.33556365966797,0.0,114.33556365966797
3,0.0003000000142492354,26849,113.35201263427734,0.0,113.35201263427734
3,0.0003000000142492354,26859,106.66169738769531,0.0,106.66169738769531
3,0.0003000000142492354,26869,116.20040130615234,0.0,116.20040130615234
3,0.0003000000142492354,26879,117.34825134277344,0.0,117.34825134277344
3,0.0003000000142492354,26889,114.98812103271484,0.0,114.98812103271484
3,0.0003000000142492354,26899,89.57225036621094,0.0,89.57225036621094
3,0.0003000000142492354,26909,111.48583984375,0.0,111.48583984375
3,0.0003000000142492354,26919,118.63409423828125,0.0,118.63409423828125
3,0.0003000000142492354,26929,111.6181869506836,0.0,111.6181869506836
3,0.0003000000142492354,26939,116.2009506225586,0.0,116.2009506225586
3,0.0003000000142492354,26949,107.01305389404297,0.0,107.01305389404297
3,0.0003000000142492354,26959,101.33355712890625,0.0,101.33355712890625
3,0.0003000000142492354,26969,110.66653442382812,0.0,110.66653442382812
3,0.0003000000142492354,26979,117.45504760742188,0.0,117.45504760742188
3,0.0003000000142492354,26989,119.74282836914062,0.0,119.74282836914062
3,0.0003000000142492354,26999,98.54020690917969,0.0,98.54020690917969
3,0.0003000000142492354,27009,100.51631164550781,0.0,100.51631164550781
3,0.0003000000142492354,27019,108.01858520507812,0.0,108.01858520507812
3,0.0003000000142492354,27029,104.30125427246094,0.0,104.30125427246094
3,0.0003000000142492354,27039,110.93014526367188,0.0,110.93014526367188
3,0.0003000000142492354,27049,114.8270034790039,0.0,114.8270034790039
3,0.0003000000142492354,27059,99.08995056152344,0.0,99.08995056152344
3,0.0003000000142492354,27069,109.85643005371094,0.0,109.85643005371094
3,0.0003000000142492354,27079,121.57434844970703,0.0,121.57434844970703
3,0.0003000000142492354,27089,116.359130859375,0.0,116.359130859375
3,0.0003000000142492354,27099,95.6351089477539,0.0,95.6351089477539
3,0.0003000000142492354,27109,108.25374603271484,0.0,108.25374603271484
3,0.0003000000142492354,27119,112.02056884765625,0.0,112.02056884765625
3,0.0003000000142492354,27129,116.7558822631836,0.0,116.7558822631836
3,0.0003000000142492354,27139,136.73060607910156,0.0,136.73060607910156
3,0.0003000000142492354,27149,101.22184753417969,0.0,101.22184753417969
3,0.0003000000142492354,27159,104.78414154052734,0.0,104.78414154052734
3,0.0003000000142492354,27169,118.6358871459961,0.0,118.6358871459961
3,0.0003000000142492354,27179,105.80946350097656,0.0,105.80946350097656
3,0.0003000000142492354,27189,112.79705047607422,0.0,112.79705047607422
3,0.0003000000142492354,27199,117.83019256591797,0.0,117.83019256591797
3,0.0003000000142492354,27209,102.96078491210938,0.0,102.96078491210938
3,0.0003000000142492354,27219,111.89735412597656,0.0,111.89735412597656
3,0.0003000000142492354,27229,108.99372863769531,0.0,108.99372863769531
3,0.0003000000142492354,27239,133.28195190429688,0.0,133.28195190429688
3,0.0003000000142492354,27249,101.65989685058594,0.0,101.65989685058594
3,0.0003000000142492354,27259,109.75253295898438,0.0,109.75253295898438
3,0.0003000000142492354,27269,97.54244995117188,0.0,97.54244995117188
3,0.0003000000142492354,27279,114.65977478027344,0.0,114.65977478027344
3,0.0003000000142492354,27289,112.07501983642578,0.0,112.07501983642578
3,0.0003000000142492354,27299,121.42922973632812,0.0,121.42922973632812
3,0.0003000000142492354,27309,125.61585235595703,0.0,125.61585235595703
3,0.0003000000142492354,27319,117.48696899414062,0.0,117.48696899414062
3,0.0003000000142492354,27329,116.74200439453125,0.0,116.74200439453125
3,0.0003000000142492354,27339,105.32878875732422,0.0,105.32878875732422
3,0.0003000000142492354,27349,109.59101867675781,0.0,109.59101867675781
3,0.0003000000142492354,27359,101.06185913085938,0.0,101.06185913085938
3,0.0003000000142492354,27369,123.24794006347656,0.0,123.24794006347656
3,0.0003000000142492354,27379,98.31553649902344,0.0,98.31553649902344
3,0.0003000000142492354,27389,100.07737731933594,0.0,100.07737731933594
3,0.0003000000142492354,27399,113.66143035888672,0.0,113.66143035888672
3,0.0003000000142492354,27409,111.87188720703125,0.0,111.87188720703125
3,0.0003000000142492354,27419,114.14567565917969,0.0,114.14567565917969
3,0.0003000000142492354,27429,114.60521697998047,0.0,114.60521697998047
3,0.0003000000142492354,27439,114.38835906982422,0.0,114.38835906982422
3,0.0003000000142492354,27449,109.0096206665039,0.0,109.0096206665039
3,0.0003000000142492354,27459,109.48977661132812,0.0,109.48977661132812
3,0.0003000000142492354,27469,118.04898834228516,0.0,118.04898834228516
3,0.0003000000142492354,27479,103.422607421875,0.0,103.422607421875
3,0.0003000000142492354,27489,117.32028198242188,0.0,117.32028198242188
3,0.0003000000142492354,27499,107.96147155761719,0.0,107.96147155761719
3,0.0003000000142492354,27509,120.0054931640625,0.0,120.0054931640625
3,0.0003000000142492354,27519,105.5322265625,0.0,105.5322265625
3,0.0003000000142492354,27529,104.60459899902344,0.0,104.60459899902344
3,0.0003000000142492354,27539,109.73361206054688,0.0,109.73361206054688
3,0.0003000000142492354,27549,105.2681884765625,0.0,105.2681884765625
3,0.0003000000142492354,27559,120.15088653564453,0.0,120.15088653564453
3,0.0003000000142492354,27569,105.76634216308594,0.0,105.76634216308594
3,0.0003000000142492354,27579,98.34170532226562,0.0,98.34170532226562
3,0.0003000000142492354,27589,98.85400390625,0.0,98.85400390625
3,0.0003000000142492354,27599,121.01112365722656,0.0,121.01112365722656
3,0.0003000000142492354,27609,123.3812026977539,0.0,123.3812026977539
3,0.0003000000142492354,27619,131.20880126953125,0.0,131.20880126953125
3,0.0003000000142492354,27629,107.29637145996094,0.0,107.29637145996094
3,0.0003000000142492354,27639,112.50819396972656,0.0,112.50819396972656
3,0.0003000000142492354,27649,103.60392761230469,0.0,103.60392761230469
3,0.0003000000142492354,27659,94.60182189941406,0.0,94.60182189941406
3,0.0003000000142492354,27669,100.83448791503906,0.0,100.83448791503906
3,0.0003000000142492354,27679,113.7799072265625,0.0,113.7799072265625
3,0.0003000000142492354,27689,117.03795623779297,0.0,117.03795623779297
3,0.0003000000142492354,27699,113.50082397460938,0.0,113.50082397460938
3,0.0003000000142492354,27709,117.45542907714844,0.0,117.45542907714844
3,0.0003000000142492354,27719,108.94889831542969,0.0,108.94889831542969
3,0.0003000000142492354,27729,124.39128112792969,0.0,124.39128112792969
3,0.0003000000142492354,27739,122.24169921875,0.0,122.24169921875
3,0.0003000000142492354,27749,108.70889282226562,0.0,108.70889282226562
3,0.0003000000142492354,27759,120.96841430664062,0.0,120.96841430664062
3,0.0003000000142492354,27769,106.3962631225586,0.0,106.3962631225586
3,0.0003000000142492354,27779,106.70662689208984,0.0,106.70662689208984
3,0.0003000000142492354,27789,115.61437225341797,0.0,115.61437225341797
3,0.0003000000142492354,27799,115.0051498413086,0.0,115.0051498413086
3,0.0003000000142492354,27809,108.20865631103516,0.0,108.20865631103516
3,0.0003000000142492354,27819,103.21820831298828,0.0,103.21820831298828
3,0.0003000000142492354,27829,120.98030090332031,0.0,120.98030090332031
3,0.0003000000142492354,27839,103.09678649902344,0.0,103.09678649902344
3,0.0003000000142492354,27849,94.97943115234375,0.0,94.97943115234375
3,0.0003000000142492354,27859,109.869140625,0.0,109.869140625
3,0.0003000000142492354,27869,115.81344604492188,0.0,115.81344604492188
3,0.0003000000142492354,27879,105.71995544433594,0.0,105.71995544433594
3,0.0003000000142492354,27889,120.91165924072266,0.0,120.91165924072266
3,0.0003000000142492354,27899,113.832275390625,0.0,113.832275390625
3,0.0003000000142492354,27909,100.48590087890625,0.0,100.48590087890625
3,0.0003000000142492354,27919,112.705810546875,0.0,112.705810546875
3,0.0003000000142492354,27929,101.6016616821289,0.0,101.6016616821289
3,0.0003000000142492354,27939,107.34894561767578,0.0,107.34894561767578
3,0.0003000000142492354,27949,111.0072021484375,0.0,111.0072021484375
3,0.0003000000142492354,27959,115.93074798583984,0.0,115.93074798583984
3,0.0003000000142492354,27969,108.38878631591797,0.0,108.38878631591797
3,0.0003000000142492354,27979,112.06666564941406,0.0,112.06666564941406
3,0.0003000000142492354,27989,109.70250701904297,0.0,109.70250701904297
3,0.0003000000142492354,27999,116.57110595703125,0.0,116.57110595703125
3,0.0003000000142492354,28009,116.79662322998047,0.0,116.79662322998047
3,0.0003000000142492354,28019,104.69526672363281,0.0,104.69526672363281
3,0.0003000000142492354,28029,100.89710235595703,0.0,100.89710235595703
3,0.0003000000142492354,28039,133.22021484375,0.0,133.22021484375
3,0.0003000000142492354,28049,115.02362823486328,0.0,115.02362823486328
3,0.0003000000142492354,28059,118.97918701171875,0.0,118.97918701171875
3,0.0003000000142492354,28069,101.26829528808594,0.0,101.26829528808594
3,0.0003000000142492354,28079,130.6829833984375,0.0,130.6829833984375
3,0.0003000000142492354,28089,105.31051635742188,0.0,105.31051635742188
3,0.0003000000142492354,28099,117.79564666748047,0.0,117.79564666748047
3,0.0003000000142492354,28109,105.18701934814453,0.0,105.18701934814453
3,0.0003000000142492354,28119,111.029052734375,0.0,111.029052734375
3,0.0003000000142492354,28129,99.19131469726562,0.0,99.19131469726562
3,0.0003000000142492354,28139,111.92555236816406,0.0,111.92555236816406
3,0.0003000000142492354,28149,109.17424011230469,0.0,109.17424011230469
3,0.0003000000142492354,28159,120.72700500488281,0.0,120.72700500488281
3,0.0003000000142492354,28169,125.88639068603516,0.0,125.88639068603516
3,0.0003000000142492354,28179,111.932373046875,0.0,111.932373046875
3,0.0003000000142492354,28189,110.30680847167969,0.0,110.30680847167969
3,0.0003000000142492354,28199,112.22428131103516,0.0,112.22428131103516
3,0.0003000000142492354,28209,115.73721313476562,0.0,115.73721313476562
3,0.0003000000142492354,28219,114.39598083496094,0.0,114.39598083496094
3,0.0003000000142492354,28229,98.41204833984375,0.0,98.41204833984375
3,0.0003000000142492354,28239,113.10154724121094,0.0,113.10154724121094
3,0.0003000000142492354,28249,119.71924591064453,0.0,119.71924591064453
3,0.0003000000142492354,28259,112.08238220214844,0.0,112.08238220214844
3,0.0003000000142492354,28269,111.27245330810547,0.0,111.27245330810547
3,0.0003000000142492354,28279,120.20149230957031,0.0,120.20149230957031
3,0.0003000000142492354,28289,105.15022277832031,0.0,105.15022277832031
3,0.0003000000142492354,28299,104.8487548828125,0.0,104.8487548828125
3,0.0003000000142492354,28309,106.61407470703125,0.0,106.61407470703125
3,0.0003000000142492354,28319,104.84837341308594,0.0,104.84837341308594
3,0.0003000000142492354,28329,120.28128051757812,0.0,120.28128051757812
3,0.0003000000142492354,28339,111.46290588378906,0.0,111.46290588378906
3,0.0003000000142492354,28349,116.9285888671875,0.0,116.9285888671875
3,0.0003000000142492354,28359,106.5314712524414,0.0,106.5314712524414
3,0.0003000000142492354,28369,131.14767456054688,0.0,131.14767456054688
3,0.0003000000142492354,28379,119.73388671875,0.0,119.73388671875
3,0.0003000000142492354,28389,113.59921264648438,0.0,113.59921264648438
3,0.0003000000142492354,28399,104.98361206054688,0.0,104.98361206054688
3,0.0003000000142492354,28409,125.20355224609375,0.0,125.20355224609375
3,0.0003000000142492354,28419,102.15078735351562,0.0,102.15078735351562
3,0.0003000000142492354,28429,121.36581420898438,0.0,121.36581420898438
3,0.0003000000142492354,28439,102.05160522460938,0.0,102.05160522460938
3,0.0003000000142492354,28449,115.599609375,0.0,115.599609375
3,0.0003000000142492354,28459,135.0736083984375,0.0,135.0736083984375
3,0.0003000000142492354,28469,107.74346160888672,0.0,107.74346160888672
3,0.0003000000142492354,28479,129.431884765625,0.0,129.431884765625
3,0.0003000000142492354,28489,112.97784423828125,0.0,112.97784423828125
3,0.0003000000142492354,28499,120.22899627685547,0.0,120.22899627685547
3,0.0003000000142492354,28509,116.33319091796875,0.0,116.33319091796875
3,0.0003000000142492354,28519,115.42217254638672,0.0,115.42217254638672
3,0.0003000000142492354,28529,123.05201721191406,0.0,123.05201721191406
3,0.0003000000142492354,28539,111.67808532714844,0.0,111.67808532714844
3,0.0003000000142492354,28549,101.55943298339844,0.0,101.55943298339844
3,0.0003000000142492354,28559,109.717041015625,0.0,109.717041015625
3,0.0003000000142492354,28569,127.05001831054688,0.0,127.05001831054688
3,0.0003000000142492354,28579,114.76821899414062,0.0,114.76821899414062
3,0.0003000000142492354,28589,99.70223999023438,0.0,99.70223999023438
3,0.0003000000142492354,28599,104.50569152832031,0.0,104.50569152832031
3,0.0003000000142492354,28609,115.94503784179688,0.0,115.94503784179688
3,0.0003000000142492354,28619,97.22409057617188,0.0,97.22409057617188
3,0.0003000000142492354,28629,108.20524597167969,0.0,108.20524597167969
3,0.0003000000142492354,28639,103.2633285522461,0.0,103.2633285522461
3,0.0003000000142492354,28649,114.19352722167969,0.0,114.19352722167969
3,0.0003000000142492354,28659,122.91273498535156,0.0,122.91273498535156
3,0.0003000000142492354,28669,117.54367065429688,0.0,117.54367065429688
3,0.0003000000142492354,28679,99.3595199584961,0.0,99.3595199584961
3,0.0003000000142492354,28689,114.62545776367188,0.0,114.62545776367188
3,0.0003000000142492354,28699,128.64846801757812,0.0,128.64846801757812
3,0.0003000000142492354,28709,112.15805053710938,0.0,112.15805053710938
3,0.0003000000142492354,28719,119.93356323242188,0.0,119.93356323242188
3,0.0003000000142492354,28729,115.72274780273438,0.0,115.72274780273438
3,0.0003000000142492354,28739,98.79190063476562,0.0,98.79190063476562
3,0.0003000000142492354,28749,116.62864685058594,0.0,116.62864685058594
3,0.0003000000142492354,28759,114.97453308105469,0.0,114.97453308105469
3,0.0003000000142492354,28769,99.62059783935547,0.0,99.62059783935547
3,0.0003000000142492354,28779,113.73886108398438,0.0,113.73886108398438
3,0.0003000000142492354,28789,122.5792007446289,0.0,122.5792007446289
3,0.0003000000142492354,28799,123.31126403808594,0.0,123.31126403808594
3,0.0003000000142492354,28809,103.69993591308594,0.0,103.69993591308594
3,0.0003000000142492354,28819,117.95117950439453,0.0,117.95117950439453
3,0.0003000000142492354,28829,117.29776000976562,0.0,117.29776000976562
3,0.0003000000142492354,28839,110.83342742919922,0.0,110.83342742919922
3,0.0003000000142492354,28849,119.53623962402344,0.0,119.53623962402344
3,0.0003000000142492354,28859,113.44657897949219,0.0,113.44657897949219
3,0.0003000000142492354,28869,117.25859069824219,0.0,117.25859069824219
3,0.0003000000142492354,28879,118.67125701904297,0.0,118.67125701904297
3,0.0003000000142492354,28889,112.56790161132812,0.0,112.56790161132812
3,0.0003000000142492354,28899,116.00956726074219,0.0,116.00956726074219
3,0.0003000000142492354,28909,111.8645248413086,0.0,111.8645248413086
3,0.0003000000142492354,28919,107.0931625366211,0.0,107.0931625366211
3,0.0003000000142492354,28929,137.67384338378906,0.0,137.67384338378906
3,0.0003000000142492354,28939,102.90524291992188,0.0,102.90524291992188
3,0.0003000000142492354,28949,123.02081298828125,0.0,123.02081298828125
3,0.0003000000142492354,28959,115.7905502319336,0.0,115.7905502319336
3,0.0003000000142492354,28969,105.62905883789062,0.0,105.62905883789062
3,0.0003000000142492354,28979,116.75828552246094,0.0,116.75828552246094
3,0.0003000000142492354,28989,103.83674621582031,0.0,103.83674621582031
3,0.0003000000142492354,28999,122.30925750732422,0.0,122.30925750732422
3,0.0003000000142492354,29009,114.88692474365234,0.0,114.88692474365234
3,0.0003000000142492354,29019,106.07167053222656,0.0,106.07167053222656
3,0.0003000000142492354,29029,111.38084411621094,0.0,111.38084411621094
3,0.0003000000142492354,29039,118.3287353515625,0.0,118.3287353515625
3,0.0003000000142492354,29049,114.55548095703125,0.0,114.55548095703125
3,0.0003000000142492354,29059,114.11959075927734,0.0,114.11959075927734
3,0.0003000000142492354,29069,113.34980773925781,0.0,113.34980773925781
3,0.0003000000142492354,29079,97.70527648925781,0.0,97.70527648925781
3,0.0003000000142492354,29089,105.0911636352539,0.0,105.0911636352539
3,0.0003000000142492354,29099,112.55342102050781,0.0,112.55342102050781
3,0.0003000000142492354,29109,101.51016235351562,0.0,101.51016235351562
3,0.0003000000142492354,29119,115.72557067871094,0.0,115.72557067871094
3,0.0003000000142492354,29129,112.2417221069336,0.0,112.2417221069336
3,0.0003000000142492354,29139,116.4290771484375,0.0,116.4290771484375
3,0.0003000000142492354,29149,122.08853912353516,0.0,122.08853912353516
3,0.0003000000142492354,29159,113.02819061279297,0.0,113.02819061279297
3,0.0003000000142492354,29169,112.1348876953125,0.0,112.1348876953125
3,0.0003000000142492354,29179,114.61976623535156,0.0,114.61976623535156
3,0.0003000000142492354,29189,117.15436553955078,0.0,117.15436553955078
3,0.0003000000142492354,29199,113.17890167236328,0.0,113.17890167236328
3,0.0003000000142492354,29209,124.7713623046875,0.0,124.7713623046875
3,0.0003000000142492354,29219,105.31748962402344,0.0,105.31748962402344
3,0.0003000000142492354,29229,121.83638763427734,0.0,121.83638763427734
3,0.0003000000142492354,29239,117.4696273803711,0.0,117.4696273803711
3,0.0003000000142492354,29249,114.31266021728516,0.0,114.31266021728516
3,0.0003000000142492354,29259,113.16384887695312,0.0,113.16384887695312
3,0.0003000000142492354,29269,109.13221740722656,0.0,109.13221740722656
3,0.0003000000142492354,29279,115.44917297363281,0.0,115.44917297363281
3,0.0003000000142492354,29289,120.7578125,0.0,120.7578125
3,0.0003000000142492354,29299,111.0355453491211,0.0,111.0355453491211
3,0.0003000000142492354,29309,105.64120483398438,0.0,105.64120483398438
3,0.0003000000142492354,29319,124.60081481933594,0.0,124.60081481933594
3,0.0003000000142492354,29329,112.67098999023438,0.0,112.67098999023438
3,0.0003000000142492354,29339,130.35006713867188,0.0,130.35006713867188
3,0.0003000000142492354,29349,105.275634765625,0.0,105.275634765625
3,0.0003000000142492354,29359,120.80717468261719,0.0,120.80717468261719
3,0.0003000000142492354,29369,113.71861267089844,0.0,113.71861267089844
3,0.0003000000142492354,29379,121.935546875,0.0,121.935546875
3,0.0003000000142492354,29389,101.01181030273438,0.0,101.01181030273438
3,0.0003000000142492354,29399,120.5706787109375,0.0,120.5706787109375
3,0.0003000000142492354,29409,110.62345886230469,0.0,110.62345886230469
3,0.0003000000142492354,29419,121.92140197753906,0.0,121.92140197753906
3,0.0003000000142492354,29429,110.19303894042969,0.0,110.19303894042969
3,0.0003000000142492354,29439,104.16484069824219,0.0,104.16484069824219
3,0.0003000000142492354,29449,121.46607971191406,0.0,121.46607971191406
3,0.0003000000142492354,29459,95.94281005859375,0.0,95.94281005859375
3,0.0003000000142492354,29469,110.23167419433594,0.0,110.23167419433594
3,0.0003000000142492354,29479,112.34308624267578,0.0,112.34308624267578
3,0.0003000000142492354,29489,113.09583282470703,0.0,113.09583282470703
3,0.0003000000142492354,29499,108.95050048828125,0.0,108.95050048828125
3,0.0003000000142492354,29509,116.55200958251953,0.0,116.55200958251953
3,0.0003000000142492354,29519,108.70612335205078,0.0,108.70612335205078
3,0.0003000000142492354,29529,129.66372680664062,0.0,129.66372680664062
3,0.0003000000142492354,29539,115.06226348876953,0.0,115.06226348876953
3,0.0003000000142492354,29549,110.1528549194336,0.0,110.1528549194336
3,0.0003000000142492354,29559,108.56929779052734,0.0,108.56929779052734
3,0.0003000000142492354,29569,118.0072250366211,0.0,118.0072250366211
3,0.0003000000142492354,29579,108.04190063476562,0.0,108.04190063476562
3,0.0003000000142492354,29589,118.14362335205078,0.0,118.14362335205078
3,0.0003000000142492354,29599,117.64075469970703,0.0,117.64075469970703
3,0.0003000000142492354,29609,113.16951751708984,0.0,113.16951751708984
3,0.0003000000142492354,29619,117.8596420288086,0.0,117.8596420288086
3,0.0003000000142492354,29629,111.50654602050781,0.0,111.50654602050781
3,0.0003000000142492354,29639,111.86863708496094,0.0,111.86863708496094
3,0.0003000000142492354,29649,130.09567260742188,0.0,130.09567260742188
3,0.0003000000142492354,29659,110.39555358886719,0.0,110.39555358886719
3,0.0003000000142492354,29669,99.8638916015625,0.0,99.8638916015625
3,0.0003000000142492354,29679,115.18985748291016,0.0,115.18985748291016
3,0.0003000000142492354,29689,120.42127990722656,0.0,120.42127990722656
3,0.0003000000142492354,29699,122.64257049560547,0.0,122.64257049560547
3,0.0003000000142492354,29709,102.47339630126953,0.0,102.47339630126953
3,0.0003000000142492354,29719,104.93464660644531,0.0,104.93464660644531
3,0.0003000000142492354,29729,109.94408416748047,0.0,109.94408416748047
3,0.0003000000142492354,29739,119.14264678955078,0.0,119.14264678955078
3,0.0003000000142492354,29749,119.79109954833984,0.0,119.79109954833984
3,0.0003000000142492354,29759,106.67859649658203,0.0,106.67859649658203
3,0.0003000000142492354,29769,121.56839752197266,0.0,121.56839752197266
3,0.0003000000142492354,29779,113.0584716796875,0.0,113.0584716796875
3,0.0003000000142492354,29789,112.09750366210938,0.0,112.09750366210938
3,0.0003000000142492354,29799,117.76689147949219,0.0,117.76689147949219
3,0.0003000000142492354,29809,106.17891693115234,0.0,106.17891693115234
3,0.0003000000142492354,29819,107.75648498535156,0.0,107.75648498535156
3,0.0003000000142492354,29829,101.25745391845703,0.0,101.25745391845703
3,0.0003000000142492354,29839,94.07721710205078,0.0,94.07721710205078
3,0.0003000000142492354,29849,111.8718490600586,0.0,111.8718490600586
3,0.0003000000142492354,29859,113.90618896484375,0.0,113.90618896484375
3,0.0003000000142492354,29869,107.3899917602539,0.0,107.3899917602539
3,0.0003000000142492354,29879,127.00293731689453,0.0,127.00293731689453
3,0.0003000000142492354,29889,129.35446166992188,0.0,129.35446166992188
3,0.0003000000142492354,29899,105.31409454345703,0.0,105.31409454345703
3,0.0003000000142492354,29909,101.33976745605469,0.0,101.33976745605469
3,0.0003000000142492354,29919,108.13024139404297,0.0,108.13024139404297
3,0.0003000000142492354,29929,107.96957397460938,0.0,107.96957397460938
3,0.0003000000142492354,29939,115.42985534667969,0.0,115.42985534667969
3,0.0003000000142492354,29949,110.47908020019531,0.0,110.47908020019531
3,0.0003000000142492354,29959,108.57737731933594,0.0,108.57737731933594
3,0.0003000000142492354,29969,109.44685363769531,0.0,109.44685363769531
3,0.0003000000142492354,29979,112.162841796875,0.0,112.162841796875
3,0.0003000000142492354,29989,101.24273681640625,0.0,101.24273681640625
3,0.0003000000142492354,29999,103.44462585449219,0.0,103.44462585449219
3,0.0003000000142492354,30009,102.78106689453125,0.0,102.78106689453125
3,0.0003000000142492354,30019,105.72282409667969,0.0,105.72282409667969
3,0.0003000000142492354,30029,116.29029083251953,0.0,116.29029083251953
3,0.0003000000142492354,30039,115.13337707519531,0.0,115.13337707519531
3,0.0003000000142492354,30049,104.31611633300781,0.0,104.31611633300781
3,0.0003000000142492354,30059,116.28351593017578,0.0,116.28351593017578
3,0.0003000000142492354,30069,106.80413818359375,0.0,106.80413818359375
3,0.0003000000142492354,30079,97.59553527832031,0.0,97.59553527832031
3,0.0003000000142492354,30089,114.10388946533203,0.0,114.10388946533203
3,0.0003000000142492354,30099,130.66336059570312,0.0,130.66336059570312
3,0.0003000000142492354,30109,119.25862121582031,0.0,119.25862121582031
3,0.0003000000142492354,30119,113.70457458496094,0.0,113.70457458496094
3,0.0003000000142492354,30129,107.57268524169922,0.0,107.57268524169922
3,0.0003000000142492354,30139,98.6168441772461,0.0,98.6168441772461
3,0.0003000000142492354,30149,105.45079040527344,0.0,105.45079040527344
3,0.0003000000142492354,30159,104.3724365234375,0.0,104.3724365234375
3,0.0003000000142492354,30169,100.71147155761719,0.0,100.71147155761719
3,0.0003000000142492354,30179,109.03242492675781,0.0,109.03242492675781
3,0.0003000000142492354,30189,105.08295440673828,0.0,105.08295440673828
3,0.0003000000142492354,30199,110.62274169921875,0.0,110.62274169921875
3,0.0003000000142492354,30209,116.18621826171875,0.0,116.18621826171875
3,0.0003000000142492354,30219,106.09940338134766,0.0,106.09940338134766
3,0.0003000000142492354,30229,123.64143371582031,0.0,123.64143371582031
3,0.0003000000142492354,30239,107.61280059814453,0.0,107.61280059814453
3,0.0003000000142492354,30249,117.803955078125,0.0,117.803955078125
3,0.0003000000142492354,30259,116.51332092285156,0.0,116.51332092285156
3,0.0003000000142492354,30269,120.48810577392578,0.0,120.48810577392578
3,0.0003000000142492354,30279,112.80860137939453,0.0,112.80860137939453
3,0.0003000000142492354,30289,115.19143676757812,0.0,115.19143676757812
3,0.0003000000142492354,30299,109.99603271484375,0.0,109.99603271484375
3,0.0003000000142492354,30309,123.09294891357422,0.0,123.09294891357422
3,0.0003000000142492354,30319,120.83084106445312,0.0,120.83084106445312
3,0.0003000000142492354,30329,114.13775634765625,0.0,114.13775634765625
3,0.0003000000142492354,30339,121.57199096679688,0.0,121.57199096679688
3,0.0003000000142492354,30349,122.0070571899414,0.0,122.0070571899414
3,0.0003000000142492354,30359,108.21119689941406,0.0,108.21119689941406
3,0.0003000000142492354,30369,109.20804595947266,0.0,109.20804595947266
3,0.0003000000142492354,30379,118.0901870727539,0.0,118.0901870727539
3,0.0003000000142492354,30389,120.68609619140625,0.0,120.68609619140625
3,0.0003000000142492354,30399,113.27253723144531,0.0,113.27253723144531
3,0.0003000000142492354,30409,124.95610809326172,0.0,124.95610809326172
3,0.0003000000142492354,30419,112.72705078125,0.0,112.72705078125
3,0.0003000000142492354,30429,106.93244934082031,0.0,106.93244934082031
3,0.0003000000142492354,30439,101.93072509765625,0.0,101.93072509765625
3,0.0003000000142492354,30449,113.55462646484375,0.0,113.55462646484375
3,0.0003000000142492354,30459,120.77806854248047,0.0,120.77806854248047
3,0.0003000000142492354,30469,117.07551574707031,0.0,117.07551574707031
3,0.0003000000142492354,30479,102.39137268066406,0.0,102.39137268066406
3,0.0003000000142492354,30489,98.69113159179688,0.0,98.69113159179688
3,0.0003000000142492354,30499,109.21168518066406,0.0,109.21168518066406
3,0.0003000000142492354,30509,118.57431030273438,0.0,118.57431030273438
3,0.0003000000142492354,30519,122.98983764648438,0.0,122.98983764648438
3,0.0003000000142492354,30529,112.35069274902344,0.0,112.35069274902344
3,0.0003000000142492354,30539,116.02299499511719,0.0,116.02299499511719
3,0.0003000000142492354,30549,102.32374572753906,0.0,102.32374572753906
3,0.0003000000142492354,30559,100.28307342529297,0.0,100.28307342529297
3,0.0003000000142492354,30569,108.00254821777344,0.0,108.00254821777344
3,0.0003000000142492354,30579,97.94342041015625,0.0,97.94342041015625
3,0.0003000000142492354,30589,126.59210205078125,0.0,126.59210205078125
3,0.0003000000142492354,30599,103.04994201660156,0.0,103.04994201660156
3,0.0003000000142492354,30609,103.07902526855469,0.0,103.07902526855469
3,0.0003000000142492354,30619,104.48704528808594,0.0,104.48704528808594
3,0.0003000000142492354,30629,102.46406555175781,0.0,102.46406555175781
3,0.0003000000142492354,30639,118.84620666503906,0.0,118.84620666503906
3,0.0003000000142492354,30649,102.79907989501953,0.0,102.79907989501953
3,0.0003000000142492354,30659,101.88134002685547,0.0,101.88134002685547
3,0.0003000000142492354,30669,108.3570556640625,0.0,108.3570556640625
3,0.0003000000142492354,30679,120.50361633300781,0.0,120.50361633300781
3,0.0003000000142492354,30689,117.87496948242188,0.0,117.87496948242188
3,0.0003000000142492354,30699,107.50411224365234,0.0,107.50411224365234
3,0.0003000000142492354,30709,124.35975646972656,0.0,124.35975646972656
3,0.0003000000142492354,30719,112.3447494506836,0.0,112.3447494506836
3,0.0003000000142492354,30729,118.49662780761719,0.0,118.49662780761719
3,0.0003000000142492354,30739,101.37354278564453,0.0,101.37354278564453
3,0.0003000000142492354,30749,89.81474304199219,0.0,89.81474304199219
3,0.0003000000142492354,30759,104.22702026367188,0.0,104.22702026367188
3,0.0003000000142492354,30769,124.47512817382812,0.0,124.47512817382812
3,0.0003000000142492354,30779,98.39198303222656,0.0,98.39198303222656
3,0.0003000000142492354,30789,102.18986511230469,0.0,102.18986511230469
3,0.0003000000142492354,30799,122.05419158935547,0.0,122.05419158935547
3,0.0003000000142492354,30809,137.36476135253906,0.0,137.36476135253906
3,0.0003000000142492354,30819,124.6976089477539,0.0,124.6976089477539
3,0.0003000000142492354,30829,107.43104553222656,0.0,107.43104553222656
3,0.0003000000142492354,30839,107.38127136230469,0.0,107.38127136230469
3,0.0003000000142492354,30849,119.23634338378906,0.0,119.23634338378906
3,0.0003000000142492354,30859,114.52080535888672,0.0,114.52080535888672
3,0.0003000000142492354,30869,125.23794555664062,0.0,125.23794555664062
3,0.0003000000142492354,30879,98.55686950683594,0.0,98.55686950683594
3,0.0003000000142492354,30889,111.87913513183594,0.0,111.87913513183594
3,0.0003000000142492354,30899,99.98066711425781,0.0,99.98066711425781
3,0.0003000000142492354,30909,118.6954574584961,0.0,118.6954574584961
3,0.0003000000142492354,30919,102.86138916015625,0.0,102.86138916015625
3,0.0003000000142492354,30929,96.86243438720703,0.0,96.86243438720703
3,0.0003000000142492354,30939,115.48326873779297,0.0,115.48326873779297
3,0.0003000000142492354,30949,111.74475860595703,0.0,111.74475860595703
3,0.0003000000142492354,30959,120.83012390136719,0.0,120.83012390136719
3,0.0003000000142492354,30969,119.3173828125,0.0,119.3173828125
3,0.0003000000142492354,30979,115.8689193725586,0.0,115.8689193725586
3,0.0003000000142492354,30989,116.79500579833984,0.0,116.79500579833984
3,0.0003000000142492354,30999,113.1453857421875,0.0,113.1453857421875
3,0.0003000000142492354,31009,108.41565704345703,0.0,108.41565704345703
3,0.0003000000142492354,31019,113.1245346069336,0.0,113.1245346069336
3,0.0003000000142492354,31029,114.23949432373047,0.0,114.23949432373047
3,0.0003000000142492354,31039,116.40586853027344,0.0,116.40586853027344
3,0.0003000000142492354,31049,107.83836364746094,0.0,107.83836364746094
3,0.0003000000142492354,31059,106.82899475097656,0.0,106.82899475097656
3,0.0003000000142492354,31069,100.72177124023438,0.0,100.72177124023438
3,0.0003000000142492354,31079,109.67660522460938,0.0,109.67660522460938
3,0.0003000000142492354,31089,106.82295989990234,0.0,106.82295989990234
3,0.0003000000142492354,31099,104.68196868896484,0.0,104.68196868896484
3,0.0003000000142492354,31109,112.97157287597656,0.0,112.97157287597656
3,0.0003000000142492354,31119,109.12709045410156,0.0,109.12709045410156
3,0.0003000000142492354,31129,132.34478759765625,0.0,132.34478759765625
3,0.0003000000142492354,31139,119.17537689208984,0.0,119.17537689208984
3,0.0003000000142492354,31149,121.9242935180664,0.0,121.9242935180664
3,0.0003000000142492354,31159,113.86006164550781,0.0,113.86006164550781
3,0.0003000000142492354,31169,107.4249267578125,0.0,107.4249267578125
3,0.0003000000142492354,31179,130.6762237548828,0.0,130.6762237548828
3,0.0003000000142492354,31189,93.65098571777344,0.0,93.65098571777344
3,0.0003000000142492354,31199,113.81593322753906,0.0,113.81593322753906
3,0.0003000000142492354,31209,103.106689453125,0.0,103.106689453125
3,0.0003000000142492354,31219,120.80644226074219,0.0,120.80644226074219
3,0.0003000000142492354,31229,104.93647766113281,0.0,104.93647766113281
3,0.0003000000142492354,31239,100.81761169433594,0.0,100.81761169433594
3,0.0003000000142492354,31249,106.3741683959961,0.0,106.3741683959961
3,0.0003000000142492354,31259,106.48818969726562,0.0,106.48818969726562
3,0.0003000000142492354,31269,98.35247039794922,0.0,98.35247039794922
3,0.0003000000142492354,31279,134.86038208007812,0.0,134.86038208007812
3,0.0003000000142492354,31289,118.21676635742188,0.0,118.21676635742188
3,0.0003000000142492354,31299,137.46104431152344,0.0,137.46104431152344
3,0.0003000000142492354,31309,97.98318481445312,0.0,97.98318481445312
3,0.0003000000142492354,31319,112.58317565917969,0.0,112.58317565917969
3,0.0003000000142492354,31329,106.46852111816406,0.0,106.46852111816406
3,0.0003000000142492354,31339,106.31706237792969,0.0,106.31706237792969
3,0.0003000000142492354,31349,99.17130279541016,0.0,99.17130279541016
3,0.0003000000142492354,31359,131.01416015625,0.0,131.01416015625
3,0.0003000000142492354,31369,111.79173278808594,0.0,111.79173278808594
3,0.0003000000142492354,31379,118.56575775146484,0.0,118.56575775146484
3,0.0003000000142492354,31389,105.15435791015625,0.0,105.15435791015625
3,0.0003000000142492354,31399,111.34278869628906,0.0,111.34278869628906
3,0.0003000000142492354,31409,111.70347595214844,0.0,111.70347595214844
3,0.0003000000142492354,31419,93.92388153076172,0.0,93.92388153076172
3,0.0003000000142492354,31429,114.47531127929688,0.0,114.47531127929688
3,0.0003000000142492354,31439,105.22689819335938,0.0,105.22689819335938
3,0.0003000000142492354,31449,118.60794830322266,0.0,118.60794830322266
3,0.0003000000142492354,31459,109.02131652832031,0.0,109.02131652832031
3,0.0003000000142492354,31469,119.08413696289062,0.0,119.08413696289062
3,0.0003000000142492354,31479,110.43775939941406,0.0,110.43775939941406
3,0.0003000000142492354,31489,111.62252807617188,0.0,111.62252807617188
3,0.0003000000142492354,31499,101.8145751953125,0.0,101.8145751953125
3,0.0003000000142492354,31509,126.25179290771484,0.0,126.25179290771484
3,0.0003000000142492354,31519,102.7405014038086,0.0,102.7405014038086
3,0.0003000000142492354,31529,97.60372161865234,0.0,97.60372161865234
3,0.0003000000142492354,31539,103.24446868896484,0.0,103.24446868896484
3,0.0003000000142492354,31549,110.04975128173828,0.0,110.04975128173828
3,0.0003000000142492354,31559,118.1171875,0.0,118.1171875
3,0.0003000000142492354,31569,97.4555435180664,0.0,97.4555435180664
3,0.0003000000142492354,31579,121.04228973388672,0.0,121.04228973388672
3,0.0003000000142492354,31589,101.57946014404297,0.0,101.57946014404297
3,0.0003000000142492354,31599,113.7903060913086,0.0,113.7903060913086
3,0.0003000000142492354,31609,112.07756805419922,0.0,112.07756805419922
3,0.0003000000142492354,31619,101.9094009399414,0.0,101.9094009399414
3,0.0003000000142492354,31629,109.05769348144531,0.0,109.05769348144531
3,0.0003000000142492354,31639,112.98689270019531,0.0,112.98689270019531
3,0.0003000000142492354,31649,111.56867218017578,0.0,111.56867218017578
3,0.0003000000142492354,31659,118.26356506347656,0.0,118.26356506347656
3,0.0003000000142492354,31669,116.89107513427734,0.0,116.89107513427734
3,0.0003000000142492354,31679,105.77430725097656,0.0,105.77430725097656
3,0.0003000000142492354,31689,117.67237854003906,0.0,117.67237854003906
3,0.0003000000142492354,31699,112.64684295654297,0.0,112.64684295654297
3,0.0003000000142492354,31709,110.50973510742188,0.0,110.50973510742188
3,0.0003000000142492354,31719,112.7652587890625,0.0,112.7652587890625
3,0.0003000000142492354,31729,111.83169555664062,0.0,111.83169555664062
3,0.0003000000142492354,31739,115.06050109863281,0.0,115.06050109863281
3,0.0003000000142492354,31749,106.32687377929688,0.0,106.32687377929688
3,0.0003000000142492354,31759,115.93504333496094,0.0,115.93504333496094
3,0.0003000000142492354,31769,100.44124603271484,0.0,100.44124603271484
3,0.0003000000142492354,31779,125.0809555053711,0.0,125.0809555053711
3,0.0003000000142492354,31789,112.86196899414062,0.0,112.86196899414062
3,0.0003000000142492354,31799,117.19912719726562,0.0,117.19912719726562
3,0.0003000000142492354,31809,110.22807312011719,0.0,110.22807312011719
3,0.0003000000142492354,31819,121.22518157958984,0.0,121.22518157958984
3,0.0003000000142492354,31829,117.90460968017578,0.0,117.90460968017578
3,0.0003000000142492354,31839,113.02078247070312,0.0,113.02078247070312
3,0.0003000000142492354,31849,92.86270141601562,0.0,92.86270141601562
3,0.0003000000142492354,31859,116.62507629394531,0.0,116.62507629394531
3,0.0003000000142492354,31869,112.23170471191406,0.0,112.23170471191406
3,0.0003000000142492354,31879,112.24516296386719,0.0,112.24516296386719
3,0.0003000000142492354,31889,114.38496398925781,0.0,114.38496398925781
3,0.0003000000142492354,31899,109.65635681152344,0.0,109.65635681152344
3,0.0003000000142492354,31909,119.59965515136719,0.0,119.59965515136719
3,0.0003000000142492354,31919,122.80976867675781,0.0,122.80976867675781
3,0.0003000000142492354,31929,123.8385009765625,0.0,123.8385009765625
3,0.0003000000142492354,31939,103.1204833984375,0.0,103.1204833984375
3,0.0003000000142492354,31949,107.00475311279297,0.0,107.00475311279297
3,0.0003000000142492354,31959,120.96392059326172,0.0,120.96392059326172
3,0.0003000000142492354,31969,112.82071685791016,0.0,112.82071685791016
3,0.0003000000142492354,31979,110.46975708007812,0.0,110.46975708007812
3,0.0003000000142492354,31989,101.46749877929688,0.0,101.46749877929688
3,0.0003000000142492354,31999,106.92094421386719,0.0,106.92094421386719
3,0.0003000000142492354,32009,124.1333236694336,0.0,124.1333236694336
3,0.0003000000142492354,32019,110.95967102050781,0.0,110.95967102050781
3,0.0003000000142492354,32029,112.70940399169922,0.0,112.70940399169922
3,0.0003000000142492354,32039,122.97265625,0.0,122.97265625
3,0.0003000000142492354,32049,119.00704956054688,0.0,119.00704956054688
3,0.0003000000142492354,32059,101.63846588134766,0.0,101.63846588134766
3,0.0003000000142492354,32069,103.2151107788086,0.0,103.2151107788086
3,0.0003000000142492354,32079,104.25203704833984,0.0,104.25203704833984
3,0.0003000000142492354,32089,118.61846923828125,0.0,118.61846923828125
3,0.0003000000142492354,32099,105.63726806640625,0.0,105.63726806640625
3,0.0003000000142492354,32109,110.3767318725586,0.0,110.3767318725586
3,0.0003000000142492354,32119,114.71353149414062,0.0,114.71353149414062
3,0.0003000000142492354,32129,114.77098846435547,0.0,114.77098846435547
3,0.0003000000142492354,32139,127.27117156982422,0.0,127.27117156982422
3,0.0003000000142492354,32149,107.37303924560547,0.0,107.37303924560547
3,0.0003000000142492354,32159,118.12745666503906,0.0,118.12745666503906
3,0.0003000000142492354,32169,118.05758666992188,0.0,118.05758666992188
3,0.0003000000142492354,32179,114.46929931640625,0.0,114.46929931640625
3,0.0003000000142492354,32189,119.10993957519531,0.0,119.10993957519531
3,0.0003000000142492354,32199,106.35063171386719,0.0,106.35063171386719
3,0.0003000000142492354,32209,117.16862487792969,0.0,117.16862487792969
3,0.0003000000142492354,32219,99.79084777832031,0.0,99.79084777832031
3,0.0003000000142492354,32229,118.1377182006836,0.0,118.1377182006836
3,0.0003000000142492354,32239,114.34461975097656,0.0,114.34461975097656
3,0.0003000000142492354,32249,110.8746337890625,0.0,110.8746337890625
3,0.0003000000142492354,32259,111.71266174316406,0.0,111.71266174316406
3,0.0003000000142492354,32269,124.17713165283203,0.0,124.17713165283203
3,0.0003000000142492354,32279,107.49715423583984,0.0,107.49715423583984
3,0.0003000000142492354,32289,107.03706359863281,0.0,107.03706359863281
3,0.0003000000142492354,32299,111.720703125,0.0,111.720703125
3,0.0003000000142492354,32309,103.04115295410156,0.0,103.04115295410156
3,0.0003000000142492354,32319,112.3614501953125,0.0,112.3614501953125
3,0.0003000000142492354,32329,109.33956909179688,0.0,109.33956909179688
3,0.0003000000142492354,32339,128.63519287109375,0.0,128.63519287109375
3,0.0003000000142492354,32349,108.747802734375,0.0,108.747802734375
3,0.0003000000142492354,32359,108.82676696777344,0.0,108.82676696777344
3,0.0003000000142492354,32369,115.3173599243164,0.0,115.3173599243164
3,0.0003000000142492354,32379,113.32173156738281,0.0,113.32173156738281
3,0.0003000000142492354,32389,124.24742126464844,0.0,124.24742126464844
3,0.0003000000142492354,32399,104.6546630859375,0.0,104.6546630859375
3,0.0003000000142492354,32409,108.72595977783203,0.0,108.72595977783203
3,0.0003000000142492354,32419,125.15025329589844,0.0,125.15025329589844
3,0.0003000000142492354,32429,101.1705322265625,0.0,101.1705322265625
3,0.0003000000142492354,32439,104.18215942382812,0.0,104.18215942382812
3,0.0003000000142492354,32449,113.0384750366211,0.0,113.0384750366211
3,0.0003000000142492354,32459,113.08979797363281,0.0,113.08979797363281
3,0.0003000000142492354,32469,111.3148193359375,0.0,111.3148193359375
3,0.0003000000142492354,32479,110.52569580078125,0.0,110.52569580078125
3,0.0003000000142492354,32489,92.04241943359375,0.0,92.04241943359375
3,0.0003000000142492354,32499,102.84562683105469,0.0,102.84562683105469
3,0.0003000000142492354,32509,124.17794799804688,0.0,124.17794799804688
3,0.0003000000142492354,32519,112.24004364013672,0.0,112.24004364013672
3,0.0003000000142492354,32529,101.03369140625,0.0,101.03369140625
3,0.0003000000142492354,32539,104.84764862060547,0.0,104.84764862060547
3,0.0003000000142492354,32549,119.52710723876953,0.0,119.52710723876953
3,0.0003000000142492354,32559,115.5548095703125,0.0,115.5548095703125
3,0.0003000000142492354,32569,113.93157958984375,0.0,113.93157958984375
3,0.0003000000142492354,32579,93.0453109741211,0.0,93.0453109741211
3,0.0003000000142492354,32589,117.63438415527344,0.0,117.63438415527344
3,0.0003000000142492354,32599,113.02468872070312,0.0,113.02468872070312
3,0.0003000000142492354,32609,96.48947143554688,0.0,96.48947143554688
3,0.0003000000142492354,32619,108.8936538696289,0.0,108.8936538696289
3,0.0003000000142492354,32629,115.91484069824219,0.0,115.91484069824219
3,0.0003000000142492354,32639,115.74291229248047,0.0,115.74291229248047
3,0.0003000000142492354,32649,113.64141845703125,0.0,113.64141845703125
3,0.0003000000142492354,32659,107.36076354980469,0.0,107.36076354980469
3,0.0003000000142492354,32669,123.38307189941406,0.0,123.38307189941406
3,0.0003000000142492354,32679,94.52189636230469,0.0,94.52189636230469
3,0.0003000000142492354,32689,109.00552368164062,0.0,109.00552368164062
3,0.0003000000142492354,32699,118.09455871582031,0.0,118.09455871582031
3,0.0003000000142492354,32709,98.439208984375,0.0,98.439208984375
3,0.0003000000142492354,32719,102.62486267089844,0.0,102.62486267089844
3,0.0003000000142492354,32729,111.44035339355469,0.0,111.44035339355469
3,0.0003000000142492354,32739,119.9548110961914,0.0,119.9548110961914
3,0.0003000000142492354,32749,119.63903045654297,0.0,119.63903045654297
3,0.0003000000142492354,32759,108.67329406738281,0.0,108.67329406738281
3,0.0003000000142492354,32769,111.00836944580078,0.0,111.00836944580078
3,0.0003000000142492354,32779,108.18270874023438,0.0,108.18270874023438
3,0.0003000000142492354,32789,110.0679702758789,0.0,110.0679702758789
3,0.0003000000142492354,32799,112.77446746826172,0.0,112.77446746826172
3,0.0003000000142492354,32809,116.86775970458984,0.0,116.86775970458984
3,0.0003000000142492354,32819,111.64726257324219,0.0,111.64726257324219
3,0.0003000000142492354,32829,103.33441162109375,0.0,103.33441162109375
3,0.0003000000142492354,32839,113.667236328125,0.0,113.667236328125
3,0.0003000000142492354,32849,112.97650909423828,0.0,112.97650909423828
3,0.0003000000142492354,32859,122.6936264038086,0.0,122.6936264038086
3,0.0003000000142492354,32869,108.31723022460938,0.0,108.31723022460938
3,0.0003000000142492354,32879,102.6567153930664,0.0,102.6567153930664
3,0.0003000000142492354,32889,107.36039733886719,0.0,107.36039733886719
3,0.0003000000142492354,32899,103.65814971923828,0.0,103.65814971923828
3,0.0003000000142492354,32909,116.9462890625,0.0,116.9462890625
3,0.0003000000142492354,32919,101.16755676269531,0.0,101.16755676269531
3,0.0003000000142492354,32929,115.04257202148438,0.0,115.04257202148438
3,0.0003000000142492354,32939,114.08982849121094,0.0,114.08982849121094
3,0.0003000000142492354,32949,113.6278076171875,0.0,113.6278076171875
3,0.0003000000142492354,32959,101.75022888183594,0.0,101.75022888183594
3,0.0003000000142492354,32969,98.94203186035156,0.0,98.94203186035156
3,0.0003000000142492354,32979,102.996337890625,0.0,102.996337890625
3,0.0003000000142492354,32989,121.45185089111328,0.0,121.45185089111328
3,0.0003000000142492354,32999,120.45199584960938,0.0,120.45199584960938
3,0.0003000000142492354,33009,107.313232421875,0.0,107.313232421875
3,0.0003000000142492354,33019,123.80618286132812,0.0,123.80618286132812
4,0.0003000000142492354,33029,96.31777954101562,0.0,96.31777954101562
4,0.0003000000142492354,33039,112.64735412597656,0.0,112.64735412597656
4,0.0003000000142492354,33049,111.37973022460938,0.0,111.37973022460938
4,0.0003000000142492354,33059,119.39193725585938,0.0,119.39193725585938
4,0.0003000000142492354,33069,103.83903503417969,0.0,103.83903503417969
4,0.0003000000142492354,33079,110.86228942871094,0.0,110.86228942871094
4,0.0003000000142492354,33089,114.79427337646484,0.0,114.79427337646484
4,0.0003000000142492354,33099,109.09928894042969,0.0,109.09928894042969
4,0.0003000000142492354,33109,116.44940948486328,0.0,116.44940948486328
4,0.0003000000142492354,33119,108.24542999267578,0.0,108.24542999267578
4,0.0003000000142492354,33129,114.77750396728516,0.0,114.77750396728516
4,0.0003000000142492354,33139,119.37724304199219,0.0,119.37724304199219
4,0.0003000000142492354,33149,117.20767211914062,0.0,117.20767211914062
4,0.0003000000142492354,33159,109.17623901367188,0.0,109.17623901367188
4,0.0003000000142492354,33169,120.11209869384766,0.0,120.11209869384766
4,0.0003000000142492354,33179,97.44540405273438,0.0,97.44540405273438
4,0.0003000000142492354,33189,109.8643798828125,0.0,109.8643798828125
4,0.0003000000142492354,33199,121.43927001953125,0.0,121.43927001953125
4,0.0003000000142492354,33209,106.2221908569336,0.0,106.2221908569336
4,0.0003000000142492354,33219,101.96571350097656,0.0,101.96571350097656
4,0.0003000000142492354,33229,120.9129867553711,0.0,120.9129867553711
4,0.0003000000142492354,33239,115.09445190429688,0.0,115.09445190429688
4,0.0003000000142492354,33249,112.8824234008789,0.0,112.8824234008789
4,0.0003000000142492354,33259,108.64049530029297,0.0,108.64049530029297
4,0.0003000000142492354,33269,101.35796356201172,0.0,101.35796356201172
4,0.0003000000142492354,33279,94.4719009399414,0.0,94.4719009399414
4,0.0003000000142492354,33289,108.03846740722656,0.0,108.03846740722656
4,0.0003000000142492354,33299,108.87661743164062,0.0,108.87661743164062
4,0.0003000000142492354,33309,110.95280456542969,0.0,110.95280456542969
4,0.0003000000142492354,33319,111.04090881347656,0.0,111.04090881347656
4,0.0003000000142492354,33329,99.61615753173828,0.0,99.61615753173828
4,0.0003000000142492354,33339,121.24195098876953,0.0,121.24195098876953
4,0.0003000000142492354,33349,111.47856140136719,0.0,111.47856140136719
4,0.0003000000142492354,33359,110.53594970703125,0.0,110.53594970703125
4,0.0003000000142492354,33369,123.01393127441406,0.0,123.01393127441406
4,0.0003000000142492354,33379,107.23651123046875,0.0,107.23651123046875
4,0.0003000000142492354,33389,134.67723083496094,0.0,134.67723083496094
4,0.0003000000142492354,33399,112.18829345703125,0.0,112.18829345703125
4,0.0003000000142492354,33409,104.17520141601562,0.0,104.17520141601562
4,0.0003000000142492354,33419,111.0378189086914,0.0,111.0378189086914
4,0.0003000000142492354,33429,114.77919006347656,0.0,114.77919006347656
4,0.0003000000142492354,33439,124.31629943847656,0.0,124.31629943847656
4,0.0003000000142492354,33449,101.38236999511719,0.0,101.38236999511719
4,0.0003000000142492354,33459,111.30680847167969,0.0,111.30680847167969
4,0.0003000000142492354,33469,108.14907836914062,0.0,108.14907836914062
4,0.0003000000142492354,33479,110.89728546142578,0.0,110.89728546142578
4,0.0003000000142492354,33489,111.64541625976562,0.0,111.64541625976562
4,0.0003000000142492354,33499,106.67442321777344,0.0,106.67442321777344
4,0.0003000000142492354,33509,107.87031555175781,0.0,107.87031555175781
4,0.0003000000142492354,33519,117.00972747802734,0.0,117.00972747802734
4,0.0003000000142492354,33529,108.64222717285156,0.0,108.64222717285156
4,0.0003000000142492354,33539,120.3165054321289,0.0,120.3165054321289
4,0.0003000000142492354,33549,128.26918029785156,0.0,128.26918029785156
4,0.0003000000142492354,33559,100.52554321289062,0.0,100.52554321289062
4,0.0003000000142492354,33569,118.67172241210938,0.0,118.67172241210938
4,0.0003000000142492354,33579,115.49244689941406,0.0,115.49244689941406
4,0.0003000000142492354,33589,102.34783935546875,0.0,102.34783935546875
4,0.0003000000142492354,33599,99.37871551513672,0.0,99.37871551513672
4,0.0003000000142492354,33609,118.4272232055664,0.0,118.4272232055664
4,0.0003000000142492354,33619,108.73751831054688,0.0,108.73751831054688
4,0.0003000000142492354,33629,97.98446655273438,0.0,97.98446655273438
4,0.0003000000142492354,33639,107.0853271484375,0.0,107.0853271484375
4,0.0003000000142492354,33649,106.82477569580078,0.0,106.82477569580078
4,0.0003000000142492354,33659,94.79641723632812,0.0,94.79641723632812
4,0.0003000000142492354,33669,100.6902084350586,0.0,100.6902084350586
4,0.0003000000142492354,33679,102.18260192871094,0.0,102.18260192871094
4,0.0003000000142492354,33689,90.06803131103516,0.0,90.06803131103516
4,0.0003000000142492354,33699,98.91661834716797,0.0,98.91661834716797
4,0.0003000000142492354,33709,113.97898864746094,0.0,113.97898864746094
4,0.0003000000142492354,33719,113.61331176757812,0.0,113.61331176757812
4,0.0003000000142492354,33729,103.24642944335938,0.0,103.24642944335938
4,0.0003000000142492354,33739,112.27249145507812,0.0,112.27249145507812
4,0.0003000000142492354,33749,104.68842315673828,0.0,104.68842315673828
4,0.0003000000142492354,33759,114.33781433105469,0.0,114.33781433105469
4,0.0003000000142492354,33769,109.13229370117188,0.0,109.13229370117188
4,0.0003000000142492354,33779,110.74220275878906,0.0,110.74220275878906
4,0.0003000000142492354,33789,120.21869659423828,0.0,120.21869659423828
4,0.0003000000142492354,33799,109.493896484375,0.0,109.493896484375
4,0.0003000000142492354,33809,98.3851318359375,0.0,98.3851318359375
4,0.0003000000142492354,33819,105.20021057128906,0.0,105.20021057128906
4,0.0003000000142492354,33829,114.00770568847656,0.0,114.00770568847656
4,0.0003000000142492354,33839,113.02154541015625,0.0,113.02154541015625
4,0.0003000000142492354,33849,112.35474395751953,0.0,112.35474395751953
4,0.0003000000142492354,33859,110.29570770263672,0.0,110.29570770263672
4,0.0003000000142492354,33869,104.17479705810547,0.0,104.17479705810547
4,0.0003000000142492354,33879,100.43404388427734,0.0,100.43404388427734
4,0.0003000000142492354,33889,101.58885192871094,0.0,101.58885192871094
4,0.0003000000142492354,33899,114.57902526855469,0.0,114.57902526855469
4,0.0003000000142492354,33909,103.93013000488281,0.0,103.93013000488281
4,0.0003000000142492354,33919,123.7386245727539,0.0,123.7386245727539
4,0.0003000000142492354,33929,123.94041442871094,0.0,123.94041442871094
4,0.0003000000142492354,33939,127.93560791015625,0.0,127.93560791015625
4,0.0003000000142492354,33949,120.94075012207031,0.0,120.94075012207031
4,0.0003000000142492354,33959,112.31822204589844,0.0,112.31822204589844
4,0.0003000000142492354,33969,88.4788589477539,0.0,88.4788589477539
4,0.0003000000142492354,33979,111.91808319091797,0.0,111.91808319091797
4,0.0003000000142492354,33989,115.87889099121094,0.0,115.87889099121094
4,0.0003000000142492354,33999,90.03242492675781,0.0,90.03242492675781
4,0.0003000000142492354,34009,110.61711120605469,0.0,110.61711120605469
4,0.0003000000142492354,34019,113.89732360839844,0.0,113.89732360839844
4,0.0003000000142492354,34029,117.14353942871094,0.0,117.14353942871094
4,0.0003000000142492354,34039,122.17829895019531,0.0,122.17829895019531
4,0.0003000000142492354,34049,103.23773956298828,0.0,103.23773956298828
4,0.0003000000142492354,34059,123.06111145019531,0.0,123.06111145019531
4,0.0003000000142492354,34069,104.61746978759766,0.0,104.61746978759766
4,0.0003000000142492354,34079,120.59315490722656,0.0,120.59315490722656
4,0.0003000000142492354,34089,93.94741821289062,0.0,93.94741821289062
4,0.0003000000142492354,34099,110.25886535644531,0.0,110.25886535644531
4,0.0003000000142492354,34109,106.49002075195312,0.0,106.49002075195312
4,0.0003000000142492354,34119,114.39372253417969,0.0,114.39372253417969
4,0.0003000000142492354,34129,106.64778137207031,0.0,106.64778137207031
4,0.0003000000142492354,34139,106.68875122070312,0.0,106.68875122070312
4,0.0003000000142492354,34149,115.25169372558594,0.0,115.25169372558594
4,0.0003000000142492354,34159,98.50802612304688,0.0,98.50802612304688
4,0.0003000000142492354,34169,94.1820297241211,0.0,94.1820297241211
4,0.0003000000142492354,34179,113.33204650878906,0.0,113.33204650878906
4,0.0003000000142492354,34189,101.41007232666016,0.0,101.41007232666016
4,0.0003000000142492354,34199,110.36422729492188,0.0,110.36422729492188
4,0.0003000000142492354,34209,117.53097534179688,0.0,117.53097534179688
4,0.0003000000142492354,34219,105.94852447509766,0.0,105.94852447509766
4,0.0003000000142492354,34229,128.12210083007812,0.0,128.12210083007812
4,0.0003000000142492354,34239,116.44673156738281,0.0,116.44673156738281
4,0.0003000000142492354,34249,114.80775451660156,0.0,114.80775451660156
4,0.0003000000142492354,34259,125.68428039550781,0.0,125.68428039550781
4,0.0003000000142492354,34269,104.82227325439453,0.0,104.82227325439453
4,0.0003000000142492354,34279,113.37330627441406,0.0,113.37330627441406
4,0.0003000000142492354,34289,108.2762680053711,0.0,108.2762680053711
4,0.0003000000142492354,34299,111.58906555175781,0.0,111.58906555175781
4,0.0003000000142492354,34309,107.5841064453125,0.0,107.5841064453125
4,0.0003000000142492354,34319,101.07776641845703,0.0,101.07776641845703
4,0.0003000000142492354,34329,115.36611938476562,0.0,115.36611938476562
4,0.0003000000142492354,34339,119.85871124267578,0.0,119.85871124267578
4,0.0003000000142492354,34349,131.20736694335938,0.0,131.20736694335938
4,0.0003000000142492354,34359,106.79241943359375,0.0,106.79241943359375
4,0.0003000000142492354,34369,112.85900115966797,0.0,112.85900115966797
4,0.0003000000142492354,34379,113.51851654052734,0.0,113.51851654052734
4,0.0003000000142492354,34389,106.29645538330078,0.0,106.29645538330078
4,0.0003000000142492354,34399,116.09442138671875,0.0,116.09442138671875
4,0.0003000000142492354,34409,125.3050537109375,0.0,125.3050537109375
4,0.0003000000142492354,34419,108.02757263183594,0.0,108.02757263183594
4,0.0003000000142492354,34429,115.10596466064453,0.0,115.10596466064453
4,0.0003000000142492354,34439,97.97599029541016,0.0,97.97599029541016
4,0.0003000000142492354,34449,102.09245300292969,0.0,102.09245300292969
4,0.0003000000142492354,34459,116.52651977539062,0.0,116.52651977539062
4,0.0003000000142492354,34469,112.14057922363281,0.0,112.14057922363281
4,0.0003000000142492354,34479,115.83706665039062,0.0,115.83706665039062
4,0.0003000000142492354,34489,112.61101531982422,0.0,112.61101531982422
4,0.0003000000142492354,34499,114.46546173095703,0.0,114.46546173095703
4,0.0003000000142492354,34509,104.81546020507812,0.0,104.81546020507812
4,0.0003000000142492354,34519,112.4745101928711,0.0,112.4745101928711
4,0.0003000000142492354,34529,124.55680847167969,0.0,124.55680847167969
4,0.0003000000142492354,34539,124.25527954101562,0.0,124.25527954101562
4,0.0003000000142492354,34549,107.46936798095703,0.0,107.46936798095703
4,0.0003000000142492354,34559,123.31478881835938,0.0,123.31478881835938
4,0.0003000000142492354,34569,105.00285339355469,0.0,105.00285339355469
4,0.0003000000142492354,34579,115.23738098144531,0.0,115.23738098144531
4,0.0003000000142492354,34589,102.24215698242188,0.0,102.24215698242188
4,0.0003000000142492354,34599,114.64549255371094,0.0,114.64549255371094
4,0.0003000000142492354,34609,121.49661254882812,0.0,121.49661254882812
4,0.0003000000142492354,34619,93.89959716796875,0.0,93.89959716796875
4,0.0003000000142492354,34629,117.95416259765625,0.0,117.95416259765625
4,0.0003000000142492354,34639,91.88381958007812,0.0,91.88381958007812
4,0.0003000000142492354,34649,120.61117553710938,0.0,120.61117553710938
4,0.0003000000142492354,34659,108.51220703125,0.0,108.51220703125
4,0.0003000000142492354,34669,105.63121032714844,0.0,105.63121032714844
4,0.0003000000142492354,34679,105.15594482421875,0.0,105.15594482421875
4,0.0003000000142492354,34689,124.00188446044922,0.0,124.00188446044922
4,0.0003000000142492354,34699,116.6709213256836,0.0,116.6709213256836
4,0.0003000000142492354,34709,114.0340576171875,0.0,114.0340576171875
4,0.0003000000142492354,34719,105.33908081054688,0.0,105.33908081054688
4,0.0003000000142492354,34729,122.18803405761719,0.0,122.18803405761719
4,0.0003000000142492354,34739,115.43940734863281,0.0,115.43940734863281
4,0.0003000000142492354,34749,120.26454162597656,0.0,120.26454162597656
4,0.0003000000142492354,34759,97.00057983398438,0.0,97.00057983398438
4,0.0003000000142492354,34769,101.93833923339844,0.0,101.93833923339844
4,0.0003000000142492354,34779,101.6706771850586,0.0,101.6706771850586
4,0.0003000000142492354,34789,127.63233947753906,0.0,127.63233947753906
4,0.0003000000142492354,34799,112.60549926757812,0.0,112.60549926757812
4,0.0003000000142492354,34809,113.5439224243164,0.0,113.5439224243164
4,0.0003000000142492354,34819,121.35055541992188,0.0,121.35055541992188
4,0.0003000000142492354,34829,104.43474578857422,0.0,104.43474578857422
4,0.0003000000142492354,34839,101.33843231201172,0.0,101.33843231201172
4,0.0003000000142492354,34849,117.07735443115234,0.0,117.07735443115234
4,0.0003000000142492354,34859,114.0447769165039,0.0,114.0447769165039
4,0.0003000000142492354,34869,119.1346435546875,0.0,119.1346435546875
4,0.0003000000142492354,34879,113.00404357910156,0.0,113.00404357910156
4,0.0003000000142492354,34889,114.33110046386719,0.0,114.33110046386719
4,0.0003000000142492354,34899,116.4676513671875,0.0,116.4676513671875
4,0.0003000000142492354,34909,92.77191162109375,0.0,92.77191162109375
4,0.0003000000142492354,34919,95.08833312988281,0.0,95.08833312988281
4,0.0003000000142492354,34929,100.5547866821289,0.0,100.5547866821289
4,0.0003000000142492354,34939,108.32427215576172,0.0,108.32427215576172
4,0.0003000000142492354,34949,95.09609985351562,0.0,95.09609985351562
4,0.0003000000142492354,34959,116.66998291015625,0.0,116.66998291015625
4,0.0003000000142492354,34969,119.29243469238281,0.0,119.29243469238281
4,0.0003000000142492354,34979,110.78753662109375,0.0,110.78753662109375
4,0.0003000000142492354,34989,106.78428649902344,0.0,106.78428649902344
4,0.0003000000142492354,34999,110.37984466552734,0.0,110.37984466552734
4,0.0003000000142492354,35009,120.61318969726562,0.0,120.61318969726562
4,0.0003000000142492354,35019,107.94975280761719,0.0,107.94975280761719
4,0.0003000000142492354,35029,113.84638977050781,0.0,113.84638977050781
4,0.0003000000142492354,35039,114.58163452148438,0.0,114.58163452148438
4,0.0003000000142492354,35049,110.55921173095703,0.0,110.55921173095703
4,0.0003000000142492354,35059,111.40631866455078,0.0,111.40631866455078
4,0.0003000000142492354,35069,104.95468139648438,0.0,104.95468139648438
4,0.0003000000142492354,35079,119.65935516357422,0.0,119.65935516357422
4,0.0003000000142492354,35089,117.12548828125,0.0,117.12548828125
4,0.0003000000142492354,35099,114.51161193847656,0.0,114.51161193847656
4,0.0003000000142492354,35109,129.38339233398438,0.0,129.38339233398438
4,0.0003000000142492354,35119,115.3277359008789,0.0,115.3277359008789
4,0.0003000000142492354,35129,111.90805053710938,0.0,111.90805053710938
4,0.0003000000142492354,35139,104.68121337890625,0.0,104.68121337890625
4,0.0003000000142492354,35149,117.83999633789062,0.0,117.83999633789062
4,0.0003000000142492354,35159,107.32818603515625,0.0,107.32818603515625
4,0.0003000000142492354,35169,135.6824951171875,0.0,135.6824951171875
4,0.0003000000142492354,35179,103.21481323242188,0.0,103.21481323242188
4,0.0003000000142492354,35189,124.03398132324219,0.0,124.03398132324219
4,0.0003000000142492354,35199,92.20854949951172,0.0,92.20854949951172
4,0.0003000000142492354,35209,108.26809692382812,0.0,108.26809692382812
4,0.0003000000142492354,35219,107.29508972167969,0.0,107.29508972167969
4,0.0003000000142492354,35229,110.05772399902344,0.0,110.05772399902344
4,0.0003000000142492354,35239,95.71310424804688,0.0,95.71310424804688
4,0.0003000000142492354,35249,107.37364196777344,0.0,107.37364196777344
4,0.0003000000142492354,35259,112.57608032226562,0.0,112.57608032226562
4,0.0003000000142492354,35269,105.67631530761719,0.0,105.67631530761719
4,0.0003000000142492354,35279,104.80520629882812,0.0,104.80520629882812
4,0.0003000000142492354,35289,107.98312377929688,0.0,107.98312377929688
4,0.0003000000142492354,35299,116.532958984375,0.0,116.532958984375
4,0.0003000000142492354,35309,97.6412353515625,0.0,97.6412353515625
4,0.0003000000142492354,35319,114.8472900390625,0.0,114.8472900390625
4,0.0003000000142492354,35329,111.24124145507812,0.0,111.24124145507812
4,0.0003000000142492354,35339,109.53329467773438,0.0,109.53329467773438
4,0.0003000000142492354,35349,101.65679168701172,0.0,101.65679168701172
4,0.0003000000142492354,35359,115.069091796875,0.0,115.069091796875
4,0.0003000000142492354,35369,105.50031280517578,0.0,105.50031280517578
4,0.0003000000142492354,35379,112.28162384033203,0.0,112.28162384033203
4,0.0003000000142492354,35389,115.5558853149414,0.0,115.5558853149414
4,0.0003000000142492354,35399,105.10299682617188,0.0,105.10299682617188
4,0.0003000000142492354,35409,121.1666259765625,0.0,121.1666259765625
4,0.0003000000142492354,35419,108.69905853271484,0.0,108.69905853271484
4,0.0003000000142492354,35429,106.13844299316406,0.0,106.13844299316406
4,0.0003000000142492354,35439,104.11155700683594,0.0,104.11155700683594
4,0.0003000000142492354,35449,102.27253723144531,0.0,102.27253723144531
4,0.0003000000142492354,35459,112.89277648925781,0.0,112.89277648925781
4,0.0003000000142492354,35469,116.82037353515625,0.0,116.82037353515625
4,0.0003000000142492354,35479,116.29059600830078,0.0,116.29059600830078
4,0.0003000000142492354,35489,96.71717834472656,0.0,96.71717834472656
4,0.0003000000142492354,35499,127.56037139892578,0.0,127.56037139892578
4,0.0003000000142492354,35509,111.09033203125,0.0,111.09033203125
4,0.0003000000142492354,35519,101.17523193359375,0.0,101.17523193359375
4,0.0003000000142492354,35529,108.5608139038086,0.0,108.5608139038086
4,0.0003000000142492354,35539,123.54743194580078,0.0,123.54743194580078
4,0.0003000000142492354,35549,109.58979797363281,0.0,109.58979797363281
4,0.0003000000142492354,35559,107.21097564697266,0.0,107.21097564697266
4,0.0003000000142492354,35569,103.4065933227539,0.0,103.4065933227539
4,0.0003000000142492354,35579,100.38581085205078,0.0,100.38581085205078
4,0.0003000000142492354,35589,120.6074447631836,0.0,120.6074447631836
4,0.0003000000142492354,35599,119.13300323486328,0.0,119.13300323486328
4,0.0003000000142492354,35609,104.49333190917969,0.0,104.49333190917969
4,0.0003000000142492354,35619,111.18961334228516,0.0,111.18961334228516
4,0.0003000000142492354,35629,118.40632629394531,0.0,118.40632629394531
4,0.0003000000142492354,35639,118.13385009765625,0.0,118.13385009765625
4,0.0003000000142492354,35649,102.43089294433594,0.0,102.43089294433594
4,0.0003000000142492354,35659,105.60741424560547,0.0,105.60741424560547
4,0.0003000000142492354,35669,110.49059295654297,0.0,110.49059295654297
4,0.0003000000142492354,35679,102.55535888671875,0.0,102.55535888671875
4,0.0003000000142492354,35689,114.67713165283203,0.0,114.67713165283203
4,0.0003000000142492354,35699,108.15117645263672,0.0,108.15117645263672
4,0.0003000000142492354,35709,95.72157287597656,0.0,95.72157287597656
4,0.0003000000142492354,35719,117.34739685058594,0.0,117.34739685058594
4,0.0003000000142492354,35729,97.49653625488281,0.0,97.49653625488281
4,0.0003000000142492354,35739,109.98614501953125,0.0,109.98614501953125
4,0.0003000000142492354,35749,104.36096954345703,0.0,104.36096954345703
4,0.0003000000142492354,35759,108.38539123535156,0.0,108.38539123535156
4,0.0003000000142492354,35769,110.15591430664062,0.0,110.15591430664062
4,0.0003000000142492354,35779,125.81744384765625,0.0,125.81744384765625
4,0.0003000000142492354,35789,123.108154296875,0.0,123.108154296875
4,0.0003000000142492354,35799,99.81796264648438,0.0,99.81796264648438
4,0.0003000000142492354,35809,112.05638885498047,0.0,112.05638885498047
4,0.0003000000142492354,35819,105.58938598632812,0.0,105.58938598632812
4,0.0003000000142492354,35829,125.03053283691406,0.0,125.03053283691406
4,0.0003000000142492354,35839,115.65274047851562,0.0,115.65274047851562
4,0.0003000000142492354,35849,118.53179931640625,0.0,118.53179931640625
4,0.0003000000142492354,35859,108.8799819946289,0.0,108.8799819946289
4,0.0003000000142492354,35869,115.6414794921875,0.0,115.6414794921875
4,0.0003000000142492354,35879,106.87017059326172,0.0,106.87017059326172
4,0.0003000000142492354,35889,105.70761108398438,0.0,105.70761108398438
4,0.0003000000142492354,35899,113.82785034179688,0.0,113.82785034179688
4,0.0003000000142492354,35909,105.83096313476562,0.0,105.83096313476562
4,0.0003000000142492354,35919,120.86405944824219,0.0,120.86405944824219
4,0.0003000000142492354,35929,109.29612731933594,0.0,109.29612731933594
4,0.0003000000142492354,35939,110.12249755859375,0.0,110.12249755859375
4,0.0003000000142492354,35949,128.9896697998047,0.0,128.9896697998047
4,0.0003000000142492354,35959,115.07799530029297,0.0,115.07799530029297
4,0.0003000000142492354,35969,103.89225769042969,0.0,103.89225769042969
4,0.0003000000142492354,35979,105.0241928100586,0.0,105.0241928100586
4,0.0003000000142492354,35989,89.77471923828125,0.0,89.77471923828125
4,0.0003000000142492354,35999,99.04618835449219,0.0,99.04618835449219
4,0.0003000000142492354,36009,111.97699737548828,0.0,111.97699737548828
4,0.0003000000142492354,36019,125.15523529052734,0.0,125.15523529052734
4,0.0003000000142492354,36029,120.06366729736328,0.0,120.06366729736328
4,0.0003000000142492354,36039,108.92920684814453,0.0,108.92920684814453
4,0.0003000000142492354,36049,104.88655090332031,0.0,104.88655090332031
4,0.0003000000142492354,36059,106.6750259399414,0.0,106.6750259399414
4,0.0003000000142492354,36069,119.61904907226562,0.0,119.61904907226562
4,0.0003000000142492354,36079,118.24745178222656,0.0,118.24745178222656
4,0.0003000000142492354,36089,95.3663330078125,0.0,95.3663330078125
4,0.0003000000142492354,36099,98.62129211425781,0.0,98.62129211425781
4,0.0003000000142492354,36109,103.19840240478516,0.0,103.19840240478516
4,0.0003000000142492354,36119,94.94603729248047,0.0,94.94603729248047
4,0.0003000000142492354,36129,99.05220794677734,0.0,99.05220794677734
4,0.0003000000142492354,36139,106.21466064453125,0.0,106.21466064453125
4,0.0003000000142492354,36149,116.4217758178711,0.0,116.4217758178711
4,0.0003000000142492354,36159,105.91496276855469,0.0,105.91496276855469
4,0.0003000000142492354,36169,102.4049072265625,0.0,102.4049072265625
4,0.0003000000142492354,36179,102.01234436035156,0.0,102.01234436035156
4,0.0003000000142492354,36189,121.76324462890625,0.0,121.76324462890625
4,0.0003000000142492354,36199,105.5521240234375,0.0,105.5521240234375
4,0.0003000000142492354,36209,114.93428039550781,0.0,114.93428039550781
4,0.0003000000142492354,36219,90.4337387084961,0.0,90.4337387084961
4,0.0003000000142492354,36229,101.11273193359375,0.0,101.11273193359375
4,0.0003000000142492354,36239,106.57704162597656,0.0,106.57704162597656
4,0.0003000000142492354,36249,91.87390899658203,0.0,91.87390899658203
4,0.0003000000142492354,36259,122.00826263427734,0.0,122.00826263427734
4,0.0003000000142492354,36269,93.60015869140625,0.0,93.60015869140625
4,0.0003000000142492354,36279,103.49809265136719,0.0,103.49809265136719
4,0.0003000000142492354,36289,95.57841491699219,0.0,95.57841491699219
4,0.0003000000142492354,36299,100.7255859375,0.0,100.7255859375
4,0.0003000000142492354,36309,106.60604095458984,0.0,106.60604095458984
4,0.0003000000142492354,36319,114.99712371826172,0.0,114.99712371826172
4,0.0003000000142492354,36329,116.46109008789062,0.0,116.46109008789062
4,0.0003000000142492354,36339,118.32899475097656,0.0,118.32899475097656
4,0.0003000000142492354,36349,97.16029357910156,0.0,97.16029357910156
4,0.0003000000142492354,36359,126.25413513183594,0.0,126.25413513183594
4,0.0003000000142492354,36369,113.27947235107422,0.0,113.27947235107422
4,0.0003000000142492354,36379,120.34494018554688,0.0,120.34494018554688
4,0.0003000000142492354,36389,109.52760314941406,0.0,109.52760314941406
4,0.0003000000142492354,36399,91.17221069335938,0.0,91.17221069335938
4,0.0003000000142492354,36409,110.33014678955078,0.0,110.33014678955078
4,0.0003000000142492354,36419,129.7298583984375,0.0,129.7298583984375
4,0.0003000000142492354,36429,109.86175537109375,0.0,109.86175537109375
4,0.0003000000142492354,36439,103.61543273925781,0.0,103.61543273925781
4,0.0003000000142492354,36449,115.78868103027344,0.0,115.78868103027344
4,0.0003000000142492354,36459,107.37647247314453,0.0,107.37647247314453
4,0.0003000000142492354,36469,119.05062866210938,0.0,119.05062866210938
4,0.0003000000142492354,36479,120.52413177490234,0.0,120.52413177490234
4,0.0003000000142492354,36489,116.54061126708984,0.0,116.54061126708984
4,0.0003000000142492354,36499,105.3624496459961,0.0,105.3624496459961
4,0.0003000000142492354,36509,100.94683837890625,0.0,100.94683837890625
4,0.0003000000142492354,36519,129.02749633789062,0.0,129.02749633789062
4,0.0003000000142492354,36529,99.2664794921875,0.0,99.2664794921875
4,0.0003000000142492354,36539,103.90809631347656,0.0,103.90809631347656
4,0.0003000000142492354,36549,99.65904998779297,0.0,99.65904998779297
4,0.0003000000142492354,36559,104.739501953125,0.0,104.739501953125
4,0.0003000000142492354,36569,110.71983337402344,0.0,110.71983337402344
4,0.0003000000142492354,36579,107.35884857177734,0.0,107.35884857177734
4,0.0003000000142492354,36589,111.37115478515625,0.0,111.37115478515625
4,0.0003000000142492354,36599,116.28114318847656,0.0,116.28114318847656
4,0.0003000000142492354,36609,95.91510772705078,0.0,95.91510772705078
4,0.0003000000142492354,36619,103.75363159179688,0.0,103.75363159179688
4,0.0003000000142492354,36629,94.0741958618164,0.0,94.0741958618164
4,0.0003000000142492354,36639,127.2010498046875,0.0,127.2010498046875
4,0.0003000000142492354,36649,125.31143951416016,0.0,125.31143951416016
4,0.0003000000142492354,36659,112.36004638671875,0.0,112.36004638671875
4,0.0003000000142492354,36669,104.86526489257812,0.0,104.86526489257812
4,0.0003000000142492354,36679,99.30815124511719,0.0,99.30815124511719
4,0.0003000000142492354,36689,132.31961059570312,0.0,132.31961059570312
4,0.0003000000142492354,36699,117.216064453125,0.0,117.216064453125
4,0.0003000000142492354,36709,114.07194519042969,0.0,114.07194519042969
4,0.0003000000142492354,36719,122.55599212646484,0.0,122.55599212646484
4,0.0003000000142492354,36729,106.94681549072266,0.0,106.94681549072266
4,0.0003000000142492354,36739,110.05182647705078,0.0,110.05182647705078
4,0.0003000000142492354,36749,100.78333282470703,0.0,100.78333282470703
4,0.0003000000142492354,36759,102.73497772216797,0.0,102.73497772216797
4,0.0003000000142492354,36769,133.0818634033203,0.0,133.0818634033203
4,0.0003000000142492354,36779,120.31815338134766,0.0,120.31815338134766
4,0.0003000000142492354,36789,102.86228942871094,0.0,102.86228942871094
4,0.0003000000142492354,36799,108.25914764404297,0.0,108.25914764404297
4,0.0003000000142492354,36809,99.2974853515625,0.0,99.2974853515625
4,0.0003000000142492354,36819,121.53157806396484,0.0,121.53157806396484
4,0.0003000000142492354,36829,107.8662109375,0.0,107.8662109375
4,0.0003000000142492354,36839,112.19252014160156,0.0,112.19252014160156
4,0.0003000000142492354,36849,97.8825912475586,0.0,97.8825912475586
4,0.0003000000142492354,36859,106.93860626220703,0.0,106.93860626220703
4,0.0003000000142492354,36869,107.37236022949219,0.0,107.37236022949219
4,0.0003000000142492354,36879,114.21504974365234,0.0,114.21504974365234
4,0.0003000000142492354,36889,119.7898178100586,0.0,119.7898178100586
4,0.0003000000142492354,36899,106.16413116455078,0.0,106.16413116455078
4,0.0003000000142492354,36909,108.5355224609375,0.0,108.5355224609375
4,0.0003000000142492354,36919,104.34756469726562,0.0,104.34756469726562
4,0.0003000000142492354,36929,104.38338470458984,0.0,104.38338470458984
4,0.0003000000142492354,36939,121.68809509277344,0.0,121.68809509277344
4,0.0003000000142492354,36949,111.4177017211914,0.0,111.4177017211914
4,0.0003000000142492354,36959,120.83370971679688,0.0,120.83370971679688
4,0.0003000000142492354,36969,110.02103424072266,0.0,110.02103424072266
4,0.0003000000142492354,36979,105.05213928222656,0.0,105.05213928222656
4,0.0003000000142492354,36989,109.93400573730469,0.0,109.93400573730469
4,0.0003000000142492354,36999,118.94650268554688,0.0,118.94650268554688
4,0.0003000000142492354,37009,107.30874633789062,0.0,107.30874633789062
4,0.0003000000142492354,37019,113.49549102783203,0.0,113.49549102783203
4,0.0003000000142492354,37029,110.974609375,0.0,110.974609375
4,0.0003000000142492354,37039,113.64186096191406,0.0,113.64186096191406
4,0.0003000000142492354,37049,118.36268615722656,0.0,118.36268615722656
4,0.0003000000142492354,37059,105.27703094482422,0.0,105.27703094482422
4,0.0003000000142492354,37069,124.66165161132812,0.0,124.66165161132812
4,0.0003000000142492354,37079,108.98939514160156,0.0,108.98939514160156
4,0.0003000000142492354,37089,125.00285339355469,0.0,125.00285339355469
4,0.0003000000142492354,37099,110.81729125976562,0.0,110.81729125976562
4,0.0003000000142492354,37109,118.55534362792969,0.0,118.55534362792969
4,0.0003000000142492354,37119,108.77069854736328,0.0,108.77069854736328
4,0.0003000000142492354,37129,100.60871124267578,0.0,100.60871124267578
4,0.0003000000142492354,37139,114.46630096435547,0.0,114.46630096435547
4,0.0003000000142492354,37149,110.33443450927734,0.0,110.33443450927734
4,0.0003000000142492354,37159,93.145263671875,0.0,93.145263671875
4,0.0003000000142492354,37169,103.98316955566406,0.0,103.98316955566406
4,0.0003000000142492354,37179,113.33599090576172,0.0,113.33599090576172
4,0.0003000000142492354,37189,120.70674133300781,0.0,120.70674133300781
4,0.0003000000142492354,37199,107.16584777832031,0.0,107.16584777832031
4,0.0003000000142492354,37209,111.36270141601562,0.0,111.36270141601562
4,0.0003000000142492354,37219,112.37380981445312,0.0,112.37380981445312
4,0.0003000000142492354,37229,108.43671417236328,0.0,108.43671417236328
4,0.0003000000142492354,37239,97.00788116455078,0.0,97.00788116455078
4,0.0003000000142492354,37249,98.35806274414062,0.0,98.35806274414062
4,0.0003000000142492354,37259,101.4072494506836,0.0,101.4072494506836
4,0.0003000000142492354,37269,116.71507263183594,0.0,116.71507263183594
4,0.0003000000142492354,37279,120.35467529296875,0.0,120.35467529296875
4,0.0003000000142492354,37289,111.17877197265625,0.0,111.17877197265625
4,0.0003000000142492354,37299,115.86439514160156,0.0,115.86439514160156
4,0.0003000000142492354,37309,107.74724578857422,0.0,107.74724578857422
4,0.0003000000142492354,37319,114.76509857177734,0.0,114.76509857177734
4,0.0003000000142492354,37329,98.11135864257812,0.0,98.11135864257812
4,0.0003000000142492354,37339,104.9932861328125,0.0,104.9932861328125
4,0.0003000000142492354,37349,117.724609375,0.0,117.724609375
4,0.0003000000142492354,37359,106.65851593017578,0.0,106.65851593017578
4,0.0003000000142492354,37369,101.34713745117188,0.0,101.34713745117188
4,0.0003000000142492354,37379,104.71449279785156,0.0,104.71449279785156
4,0.0003000000142492354,37389,109.91497802734375,0.0,109.91497802734375
4,0.0003000000142492354,37399,117.69291687011719,0.0,117.69291687011719
4,0.0003000000142492354,37409,107.93108367919922,0.0,107.93108367919922
4,0.0003000000142492354,37419,101.54478454589844,0.0,101.54478454589844
4,0.0003000000142492354,37429,107.11934661865234,0.0,107.11934661865234
4,0.0003000000142492354,37439,104.82614135742188,0.0,104.82614135742188
4,0.0003000000142492354,37449,109.93434143066406,0.0,109.93434143066406
4,0.0003000000142492354,37459,118.64913177490234,0.0,118.64913177490234
4,0.0003000000142492354,37469,116.35736083984375,0.0,116.35736083984375
4,0.0003000000142492354,37479,120.5238265991211,0.0,120.5238265991211
4,0.0003000000142492354,37489,118.55731964111328,0.0,118.55731964111328
4,0.0003000000142492354,37499,103.91279602050781,0.0,103.91279602050781
4,0.0003000000142492354,37509,96.72930145263672,0.0,96.72930145263672
4,0.0003000000142492354,37519,117.22742462158203,0.0,117.22742462158203
4,0.0003000000142492354,37529,111.20157623291016,0.0,111.20157623291016
4,0.0003000000142492354,37539,115.15162658691406,0.0,115.15162658691406
4,0.0003000000142492354,37549,123.90837860107422,0.0,123.90837860107422
4,0.0003000000142492354,37559,104.201904296875,0.0,104.201904296875
4,0.0003000000142492354,37569,123.95481872558594,0.0,123.95481872558594
4,0.0003000000142492354,37579,115.40501403808594,0.0,115.40501403808594
4,0.0003000000142492354,37589,99.10382080078125,0.0,99.10382080078125
4,0.0003000000142492354,37599,119.36238098144531,0.0,119.36238098144531
4,0.0003000000142492354,37609,116.38502502441406,0.0,116.38502502441406
4,0.0003000000142492354,37619,110.09952545166016,0.0,110.09952545166016
4,0.0003000000142492354,37629,105.09352111816406,0.0,105.09352111816406
4,0.0003000000142492354,37639,101.59866333007812,0.0,101.59866333007812
4,0.0003000000142492354,37649,106.46460723876953,0.0,106.46460723876953
4,0.0003000000142492354,37659,114.54940795898438,0.0,114.54940795898438
4,0.0003000000142492354,37669,108.01484680175781,0.0,108.01484680175781
4,0.0003000000142492354,37679,105.2756576538086,0.0,105.2756576538086
4,0.0003000000142492354,37689,99.82318878173828,0.0,99.82318878173828
4,0.0003000000142492354,37699,100.25186157226562,0.0,100.25186157226562
4,0.0003000000142492354,37709,103.58709716796875,0.0,103.58709716796875
4,0.0003000000142492354,37719,104.51663208007812,0.0,104.51663208007812
4,0.0003000000142492354,37729,109.51185607910156,0.0,109.51185607910156
4,0.0003000000142492354,37739,111.72621154785156,0.0,111.72621154785156
4,0.0003000000142492354,37749,102.05738830566406,0.0,102.05738830566406
4,0.0003000000142492354,37759,109.59839630126953,0.0,109.59839630126953
4,0.0003000000142492354,37769,102.16221618652344,0.0,102.16221618652344
4,0.0003000000142492354,37779,106.19204711914062,0.0,106.19204711914062
4,0.0003000000142492354,37789,112.92643737792969,0.0,112.92643737792969
4,0.0003000000142492354,37799,106.90103149414062,0.0,106.90103149414062
4,0.0003000000142492354,37809,122.87699127197266,0.0,122.87699127197266
4,0.0003000000142492354,37819,123.33656311035156,0.0,123.33656311035156
4,0.0003000000142492354,37829,96.10667419433594,0.0,96.10667419433594
4,0.0003000000142492354,37839,117.61018371582031,0.0,117.61018371582031
4,0.0003000000142492354,37849,105.66510772705078,0.0,105.66510772705078
4,0.0003000000142492354,37859,90.99099731445312,0.0,90.99099731445312
4,0.0003000000142492354,37869,120.00616455078125,0.0,120.00616455078125
4,0.0003000000142492354,37879,108.00468444824219,0.0,108.00468444824219
4,0.0003000000142492354,37889,106.80514526367188,0.0,106.80514526367188
4,0.0003000000142492354,37899,99.18515014648438,0.0,99.18515014648438
4,0.0003000000142492354,37909,117.72505187988281,0.0,117.72505187988281
4,0.0003000000142492354,37919,128.59706115722656,0.0,128.59706115722656
4,0.0003000000142492354,37929,121.14762878417969,0.0,121.14762878417969
4,0.0003000000142492354,37939,115.01093292236328,0.0,115.01093292236328
4,0.0003000000142492354,37949,116.77225494384766,0.0,116.77225494384766
4,0.0003000000142492354,37959,123.1488037109375,0.0,123.1488037109375
4,0.0003000000142492354,37969,95.50151062011719,0.0,95.50151062011719
4,0.0003000000142492354,37979,110.55855560302734,0.0,110.55855560302734
4,0.0003000000142492354,37989,106.42709350585938,0.0,106.42709350585938
4,0.0003000000142492354,37999,108.3052978515625,0.0,108.3052978515625
4,0.0003000000142492354,38009,114.60578155517578,0.0,114.60578155517578
4,0.0003000000142492354,38019,99.84152221679688,0.0,99.84152221679688
4,0.0003000000142492354,38029,93.50323486328125,0.0,93.50323486328125
4,0.0003000000142492354,38039,97.83036041259766,0.0,97.83036041259766
4,0.0003000000142492354,38049,107.64271545410156,0.0,107.64271545410156
4,0.0003000000142492354,38059,110.95974731445312,0.0,110.95974731445312
4,0.0003000000142492354,38069,113.21334838867188,0.0,113.21334838867188
4,0.0003000000142492354,38079,104.24870300292969,0.0,104.24870300292969
4,0.0003000000142492354,38089,114.69483947753906,0.0,114.69483947753906
4,0.0003000000142492354,38099,104.87896728515625,0.0,104.87896728515625
4,0.0003000000142492354,38109,106.28738403320312,0.0,106.28738403320312
4,0.0003000000142492354,38119,117.41621398925781,0.0,117.41621398925781
4,0.0003000000142492354,38129,107.74556732177734,0.0,107.74556732177734
4,0.0003000000142492354,38139,112.70970153808594,0.0,112.70970153808594
4,0.0003000000142492354,38149,108.33607482910156,0.0,108.33607482910156
4,0.0003000000142492354,38159,125.4295654296875,0.0,125.4295654296875
4,0.0003000000142492354,38169,99.32133483886719,0.0,99.32133483886719
4,0.0003000000142492354,38179,123.53021240234375,0.0,123.53021240234375
4,0.0003000000142492354,38189,109.15338134765625,0.0,109.15338134765625
4,0.0003000000142492354,38199,105.72512817382812,0.0,105.72512817382812
4,0.0003000000142492354,38209,113.98397827148438,0.0,113.98397827148438
4,0.0003000000142492354,38219,101.41810607910156,0.0,101.41810607910156
4,0.0003000000142492354,38229,101.75691223144531,0.0,101.75691223144531
4,0.0003000000142492354,38239,112.84817504882812,0.0,112.84817504882812
4,0.0003000000142492354,38249,113.95132446289062,0.0,113.95132446289062
4,0.0003000000142492354,38259,110.60331726074219,0.0,110.60331726074219
4,0.0003000000142492354,38269,107.4616928100586,0.0,107.4616928100586
4,0.0003000000142492354,38279,108.09253692626953,0.0,108.09253692626953
4,0.0003000000142492354,38289,103.66574096679688,0.0,103.66574096679688
4,0.0003000000142492354,38299,103.9889907836914,0.0,103.9889907836914
4,0.0003000000142492354,38309,99.56600952148438,0.0,99.56600952148438
4,0.0003000000142492354,38319,105.50975036621094,0.0,105.50975036621094
4,0.0003000000142492354,38329,90.35333251953125,0.0,90.35333251953125
4,0.0003000000142492354,38339,99.99885559082031,0.0,99.99885559082031
4,0.0003000000142492354,38349,102.38812255859375,0.0,102.38812255859375
4,0.0003000000142492354,38359,113.20613098144531,0.0,113.20613098144531
4,0.0003000000142492354,38369,113.40238952636719,0.0,113.40238952636719
4,0.0003000000142492354,38379,102.91829681396484,0.0,102.91829681396484
4,0.0003000000142492354,38389,119.40975952148438,0.0,119.40975952148438
4,0.0003000000142492354,38399,119.38626098632812,0.0,119.38626098632812
4,0.0003000000142492354,38409,92.21227264404297,0.0,92.21227264404297
4,0.0003000000142492354,38419,110.67768859863281,0.0,110.67768859863281
4,0.0003000000142492354,38429,98.57315063476562,0.0,98.57315063476562
4,0.0003000000142492354,38439,121.83782196044922,0.0,121.83782196044922
4,0.0003000000142492354,38449,105.12153625488281,0.0,105.12153625488281
4,0.0003000000142492354,38459,97.50405883789062,0.0,97.50405883789062
4,0.0003000000142492354,38469,101.67501831054688,0.0,101.67501831054688
4,0.0003000000142492354,38479,118.28518676757812,0.0,118.28518676757812
4,0.0003000000142492354,38489,108.70793914794922,0.0,108.70793914794922
4,0.0003000000142492354,38499,96.37342834472656,0.0,96.37342834472656
4,0.0003000000142492354,38509,123.23936462402344,0.0,123.23936462402344
4,0.0003000000142492354,38519,111.24043273925781,0.0,111.24043273925781
4,0.0003000000142492354,38529,102.04231262207031,0.0,102.04231262207031
4,0.0003000000142492354,38539,99.71890258789062,0.0,99.71890258789062
4,0.0003000000142492354,38549,98.50617980957031,0.0,98.50617980957031
4,0.0003000000142492354,38559,111.28874206542969,0.0,111.28874206542969
4,0.0003000000142492354,38569,103.68539428710938,0.0,103.68539428710938
4,0.0003000000142492354,38579,107.29085540771484,0.0,107.29085540771484
4,0.0003000000142492354,38589,108.07903289794922,0.0,108.07903289794922
4,0.0003000000142492354,38599,115.23614501953125,0.0,115.23614501953125
4,0.0003000000142492354,38609,115.29985046386719,0.0,115.29985046386719
4,0.0003000000142492354,38619,103.85018920898438,0.0,103.85018920898438
4,0.0003000000142492354,38629,99.35415649414062,0.0,99.35415649414062
4,0.0003000000142492354,38639,101.20774841308594,0.0,101.20774841308594
4,0.0003000000142492354,38649,91.57376098632812,0.0,91.57376098632812
4,0.0003000000142492354,38659,121.41014099121094,0.0,121.41014099121094
4,0.0003000000142492354,38669,98.15185546875,0.0,98.15185546875
4,0.0003000000142492354,38679,104.8887939453125,0.0,104.8887939453125
4,0.0003000000142492354,38689,137.06454467773438,0.0,137.06454467773438
4,0.0003000000142492354,38699,99.86256408691406,0.0,99.86256408691406
4,0.0003000000142492354,38709,109.76412200927734,0.0,109.76412200927734
4,0.0003000000142492354,38719,110.21823120117188,0.0,110.21823120117188
4,0.0003000000142492354,38729,113.64640808105469,0.0,113.64640808105469
4,0.0003000000142492354,38739,111.3616943359375,0.0,111.3616943359375
4,0.0003000000142492354,38749,98.44303894042969,0.0,98.44303894042969
4,0.0003000000142492354,38759,115.0721435546875,0.0,115.0721435546875
4,0.0003000000142492354,38769,120.8743896484375,0.0,120.8743896484375
4,0.0003000000142492354,38779,98.40811157226562,0.0,98.40811157226562
4,0.0003000000142492354,38789,106.22621154785156,0.0,106.22621154785156
4,0.0003000000142492354,38799,112.05574798583984,0.0,112.05574798583984
4,0.0003000000142492354,38809,106.69059753417969,0.0,106.69059753417969
4,0.0003000000142492354,38819,129.9304962158203,0.0,129.9304962158203
4,0.0003000000142492354,38829,116.64136505126953,0.0,116.64136505126953
4,0.0003000000142492354,38839,102.84103393554688,0.0,102.84103393554688
4,0.0003000000142492354,38849,112.09370422363281,0.0,112.09370422363281
4,0.0003000000142492354,38859,108.39175415039062,0.0,108.39175415039062
4,0.0003000000142492354,38869,108.4308090209961,0.0,108.4308090209961
4,0.0003000000142492354,38879,113.32470703125,0.0,113.32470703125
4,0.0003000000142492354,38889,123.52510833740234,0.0,123.52510833740234
4,0.0003000000142492354,38899,110.04312133789062,0.0,110.04312133789062
4,0.0003000000142492354,38909,128.86770629882812,0.0,128.86770629882812
4,0.0003000000142492354,38919,97.65542602539062,0.0,97.65542602539062
4,0.0003000000142492354,38929,114.40036010742188,0.0,114.40036010742188
4,0.0003000000142492354,38939,126.81927490234375,0.0,126.81927490234375
4,0.0003000000142492354,38949,110.87794494628906,0.0,110.87794494628906
4,0.0003000000142492354,38959,107.1300277709961,0.0,107.1300277709961
4,0.0003000000142492354,38969,106.33656311035156,0.0,106.33656311035156
4,0.0003000000142492354,38979,115.99298095703125,0.0,115.99298095703125
4,0.0003000000142492354,38989,105.25390625,0.0,105.25390625
4,0.0003000000142492354,38999,105.23974609375,0.0,105.23974609375
4,0.0003000000142492354,39009,96.95597839355469,0.0,96.95597839355469
4,0.0003000000142492354,39019,115.65206909179688,0.0,115.65206909179688
4,0.0003000000142492354,39029,106.61027526855469,0.0,106.61027526855469
4,0.0003000000142492354,39039,105.20310974121094,0.0,105.20310974121094
4,0.0003000000142492354,39049,105.66049194335938,0.0,105.66049194335938
4,0.0003000000142492354,39059,99.15419006347656,0.0,99.15419006347656
4,0.0003000000142492354,39069,97.18275451660156,0.0,97.18275451660156
4,0.0003000000142492354,39079,95.95360565185547,0.0,95.95360565185547
4,0.0003000000142492354,39089,97.23992919921875,0.0,97.23992919921875
4,0.0003000000142492354,39099,116.1527099609375,0.0,116.1527099609375
4,0.0003000000142492354,39109,103.99978637695312,0.0,103.99978637695312
4,0.0003000000142492354,39119,106.48806762695312,0.0,106.48806762695312
4,0.0003000000142492354,39129,104.14935302734375,0.0,104.14935302734375
4,0.0003000000142492354,39139,102.02548217773438,0.0,102.02548217773438
4,0.0003000000142492354,39149,101.98028564453125,0.0,101.98028564453125
4,0.0003000000142492354,39159,110.8343276977539,0.0,110.8343276977539
4,0.0003000000142492354,39169,99.48867797851562,0.0,99.48867797851562
4,0.0003000000142492354,39179,122.29286193847656,0.0,122.29286193847656
4,0.0003000000142492354,39189,121.67765808105469,0.0,121.67765808105469
4,0.0003000000142492354,39199,102.92364501953125,0.0,102.92364501953125
4,0.0003000000142492354,39209,112.7770004272461,0.0,112.7770004272461
4,0.0003000000142492354,39219,115.11418151855469,0.0,115.11418151855469
4,0.0003000000142492354,39229,130.65863037109375,0.0,130.65863037109375
4,0.0003000000142492354,39239,109.14990234375,0.0,109.14990234375
4,0.0003000000142492354,39249,103.73037719726562,0.0,103.73037719726562
4,0.0003000000142492354,39259,107.93876647949219,0.0,107.93876647949219
4,0.0003000000142492354,39269,105.7922134399414,0.0,105.7922134399414
4,0.0003000000142492354,39279,104.46236419677734,0.0,104.46236419677734
4,0.0003000000142492354,39289,101.55622863769531,0.0,101.55622863769531
4,0.0003000000142492354,39299,99.19274139404297,0.0,99.19274139404297
4,0.0003000000142492354,39309,126.9357681274414,0.0,126.9357681274414
4,0.0003000000142492354,39319,91.3492431640625,0.0,91.3492431640625
4,0.0003000000142492354,39329,101.32229614257812,0.0,101.32229614257812
4,0.0003000000142492354,39339,89.51161193847656,0.0,89.51161193847656
4,0.0003000000142492354,39349,115.5094223022461,0.0,115.5094223022461
4,0.0003000000142492354,39359,105.73759460449219,0.0,105.73759460449219
4,0.0003000000142492354,39369,112.09436798095703,0.0,112.09436798095703
4,0.0003000000142492354,39379,109.72561645507812,0.0,109.72561645507812
4,0.0003000000142492354,39389,122.39778900146484,0.0,122.39778900146484
4,0.0003000000142492354,39399,108.19257354736328,0.0,108.19257354736328
4,0.0003000000142492354,39409,99.762451171875,0.0,99.762451171875
4,0.0003000000142492354,39419,119.58953094482422,0.0,119.58953094482422
4,0.0003000000142492354,39429,101.92637634277344,0.0,101.92637634277344
4,0.0003000000142492354,39439,102.14080810546875,0.0,102.14080810546875
4,0.0003000000142492354,39449,117.11421203613281,0.0,117.11421203613281
4,0.0003000000142492354,39459,109.48291015625,0.0,109.48291015625
4,0.0003000000142492354,39469,120.54440307617188,0.0,120.54440307617188
4,0.0003000000142492354,39479,118.73986053466797,0.0,118.73986053466797
4,0.0003000000142492354,39489,110.55940246582031,0.0,110.55940246582031
4,0.0003000000142492354,39499,100.14675903320312,0.0,100.14675903320312
4,0.0003000000142492354,39509,109.64414978027344,0.0,109.64414978027344
4,0.0003000000142492354,39519,102.69366455078125,0.0,102.69366455078125
4,0.0003000000142492354,39529,121.39015197753906,0.0,121.39015197753906
4,0.0003000000142492354,39539,113.45756530761719,0.0,113.45756530761719
4,0.0003000000142492354,39549,104.21369934082031,0.0,104.21369934082031
4,0.0003000000142492354,39559,117.55410766601562,0.0,117.55410766601562
4,0.0003000000142492354,39569,102.85189819335938,0.0,102.85189819335938
4,0.0003000000142492354,39579,91.04151916503906,0.0,91.04151916503906
4,0.0003000000142492354,39589,113.4806137084961,0.0,113.4806137084961
4,0.0003000000142492354,39599,112.37672424316406,0.0,112.37672424316406
4,0.0003000000142492354,39609,115.17460632324219,0.0,115.17460632324219
4,0.0003000000142492354,39619,128.42742919921875,0.0,128.42742919921875
4,0.0003000000142492354,39629,102.28943634033203,0.0,102.28943634033203
4,0.0003000000142492354,39639,105.00792694091797,0.0,105.00792694091797
4,0.0003000000142492354,39649,121.66242980957031,0.0,121.66242980957031
4,0.0003000000142492354,39659,115.89739227294922,0.0,115.89739227294922
4,0.0003000000142492354,39669,102.40225219726562,0.0,102.40225219726562
4,0.0003000000142492354,39679,112.31950378417969,0.0,112.31950378417969
4,0.0003000000142492354,39689,101.72084045410156,0.0,101.72084045410156
4,0.0003000000142492354,39699,113.27105712890625,0.0,113.27105712890625
4,0.0003000000142492354,39709,102.893310546875,0.0,102.893310546875
4,0.0003000000142492354,39719,103.5740737915039,0.0,103.5740737915039
4,0.0003000000142492354,39729,111.13363647460938,0.0,111.13363647460938
4,0.0003000000142492354,39739,109.75389099121094,0.0,109.75389099121094
4,0.0003000000142492354,39749,106.71803283691406,0.0,106.71803283691406
4,0.0003000000142492354,39759,115.92339324951172,0.0,115.92339324951172
4,0.0003000000142492354,39769,89.42098999023438,0.0,89.42098999023438
4,0.0003000000142492354,39779,98.12285614013672,0.0,98.12285614013672
4,0.0003000000142492354,39789,110.11489868164062,0.0,110.11489868164062
4,0.0003000000142492354,39799,105.4927749633789,0.0,105.4927749633789
4,0.0003000000142492354,39809,103.58076477050781,0.0,103.58076477050781
4,0.0003000000142492354,39819,107.90906524658203,0.0,107.90906524658203
4,0.0003000000142492354,39829,108.22908020019531,0.0,108.22908020019531
4,0.0003000000142492354,39839,94.69094848632812,0.0,94.69094848632812
4,0.0003000000142492354,39849,115.24668884277344,0.0,115.24668884277344
4,0.0003000000142492354,39859,100.12010192871094,0.0,100.12010192871094
4,0.0003000000142492354,39869,106.80375671386719,0.0,106.80375671386719
4,0.0003000000142492354,39879,100.97384643554688,0.0,100.97384643554688
4,0.0003000000142492354,39889,110.38088989257812,0.0,110.38088989257812
4,0.0003000000142492354,39899,109.9627685546875,0.0,109.9627685546875
4,0.0003000000142492354,39909,90.88566589355469,0.0,90.88566589355469
4,0.0003000000142492354,39919,119.73065185546875,0.0,119.73065185546875
4,0.0003000000142492354,39929,84.20950317382812,0.0,84.20950317382812
4,0.0003000000142492354,39939,103.57734680175781,0.0,103.57734680175781
4,0.0003000000142492354,39949,105.69867706298828,0.0,105.69867706298828
4,0.0003000000142492354,39959,108.00578308105469,0.0,108.00578308105469
4,0.0003000000142492354,39969,107.13316345214844,0.0,107.13316345214844
4,0.0003000000142492354,39979,120.69386291503906,0.0,120.69386291503906
4,0.0003000000142492354,39989,101.4588623046875,0.0,101.4588623046875
4,0.0003000000142492354,39999,118.672119140625,0.0,118.672119140625
4,0.0003000000142492354,40009,104.48100280761719,0.0,104.48100280761719
4,0.0003000000142492354,40019,107.44544982910156,0.0,107.44544982910156
4,0.0003000000142492354,40029,107.0221939086914,0.0,107.0221939086914
4,0.0003000000142492354,40039,131.37060546875,0.0,131.37060546875
4,0.0003000000142492354,40049,104.30088806152344,0.0,104.30088806152344
4,0.0003000000142492354,40059,117.68582916259766,0.0,117.68582916259766
4,0.0003000000142492354,40069,112.12513732910156,0.0,112.12513732910156
4,0.0003000000142492354,40079,117.8331298828125,0.0,117.8331298828125
4,0.0003000000142492354,40089,112.12117004394531,0.0,112.12117004394531
4,0.0003000000142492354,40099,102.3570556640625,0.0,102.3570556640625
4,0.0003000000142492354,40109,113.87173461914062,0.0,113.87173461914062
4,0.0003000000142492354,40119,122.56503295898438,0.0,122.56503295898438
4,0.0003000000142492354,40129,114.59791564941406,0.0,114.59791564941406
4,0.0003000000142492354,40139,116.44513702392578,0.0,116.44513702392578
4,0.0003000000142492354,40149,109.06690979003906,0.0,109.06690979003906
4,0.0003000000142492354,40159,119.21180725097656,0.0,119.21180725097656
4,0.0003000000142492354,40169,99.45013427734375,0.0,99.45013427734375
4,0.0003000000142492354,40179,110.882080078125,0.0,110.882080078125
4,0.0003000000142492354,40189,119.79643249511719,0.0,119.79643249511719
4,0.0003000000142492354,40199,121.3479232788086,0.0,121.3479232788086
4,0.0003000000142492354,40209,101.0845947265625,0.0,101.0845947265625
4,0.0003000000142492354,40219,110.97777557373047,0.0,110.97777557373047
4,0.0003000000142492354,40229,126.82838439941406,0.0,126.82838439941406
4,0.0003000000142492354,40239,97.54615783691406,0.0,97.54615783691406
4,0.0003000000142492354,40249,118.03610229492188,0.0,118.03610229492188
4,0.0003000000142492354,40259,97.37763977050781,0.0,97.37763977050781
4,0.0003000000142492354,40269,108.16312408447266,0.0,108.16312408447266
4,0.0003000000142492354,40279,107.09700012207031,0.0,107.09700012207031
4,0.0003000000142492354,40289,104.49374389648438,0.0,104.49374389648438
4,0.0003000000142492354,40299,104.44561767578125,0.0,104.44561767578125
4,0.0003000000142492354,40309,107.30584716796875,0.0,107.30584716796875
4,0.0003000000142492354,40319,107.91617584228516,0.0,107.91617584228516
4,0.0003000000142492354,40329,121.16163635253906,0.0,121.16163635253906
4,0.0003000000142492354,40339,97.84017944335938,0.0,97.84017944335938
4,0.0003000000142492354,40349,106.986328125,0.0,106.986328125
4,0.0003000000142492354,40359,115.32595825195312,0.0,115.32595825195312
4,0.0003000000142492354,40369,111.91757202148438,0.0,111.91757202148438
4,0.0003000000142492354,40379,116.90343475341797,0.0,116.90343475341797
4,0.0003000000142492354,40389,113.28950500488281,0.0,113.28950500488281
4,0.0003000000142492354,40399,105.89334869384766,0.0,105.89334869384766
4,0.0003000000142492354,40409,118.71693420410156,0.0,118.71693420410156
4,0.0003000000142492354,40419,98.87073516845703,0.0,98.87073516845703
4,0.0003000000142492354,40429,91.6629867553711,0.0,91.6629867553711
4,0.0003000000142492354,40439,117.34445190429688,0.0,117.34445190429688
4,0.0003000000142492354,40449,120.39998626708984,0.0,120.39998626708984
4,0.0003000000142492354,40459,116.025390625,0.0,116.025390625
4,0.0003000000142492354,40469,104.381591796875,0.0,104.381591796875
4,0.0003000000142492354,40479,116.29659271240234,0.0,116.29659271240234
4,0.0003000000142492354,40489,118.64363098144531,0.0,118.64363098144531
4,0.0003000000142492354,40499,103.37440490722656,0.0,103.37440490722656
4,0.0003000000142492354,40509,105.2557373046875,0.0,105.2557373046875
4,0.0003000000142492354,40519,111.87037658691406,0.0,111.87037658691406
4,0.0003000000142492354,40529,105.13373565673828,0.0,105.13373565673828
4,0.0003000000142492354,40539,108.99905395507812,0.0,108.99905395507812
4,0.0003000000142492354,40549,106.91207885742188,0.0,106.91207885742188
4,0.0003000000142492354,40559,101.44197082519531,0.0,101.44197082519531
4,0.0003000000142492354,40569,120.71121215820312,0.0,120.71121215820312
4,0.0003000000142492354,40579,104.84451293945312,0.0,104.84451293945312
4,0.0003000000142492354,40589,101.73605346679688,0.0,101.73605346679688
4,0.0003000000142492354,40599,104.59171295166016,0.0,104.59171295166016
4,0.0003000000142492354,40609,126.1639404296875,0.0,126.1639404296875
4,0.0003000000142492354,40619,103.91592407226562,0.0,103.91592407226562
4,0.0003000000142492354,40629,103.28767395019531,0.0,103.28767395019531
4,0.0003000000142492354,40639,111.07339477539062,0.0,111.07339477539062
4,0.0003000000142492354,40649,119.71177673339844,0.0,119.71177673339844
4,0.0003000000142492354,40659,109.88603973388672,0.0,109.88603973388672
4,0.0003000000142492354,40669,117.3231201171875,0.0,117.3231201171875
4,0.0003000000142492354,40679,94.9765625,0.0,94.9765625
4,0.0003000000142492354,40689,114.87830352783203,0.0,114.87830352783203
4,0.0003000000142492354,40699,109.04515838623047,0.0,109.04515838623047
4,0.0003000000142492354,40709,111.14868927001953,0.0,111.14868927001953
4,0.0003000000142492354,40719,135.20480346679688,0.0,135.20480346679688
4,0.0003000000142492354,40729,118.79180908203125,0.0,118.79180908203125
4,0.0003000000142492354,40739,101.28021240234375,0.0,101.28021240234375
4,0.0003000000142492354,40749,119.0326156616211,0.0,119.0326156616211
4,0.0003000000142492354,40759,114.15000915527344,0.0,114.15000915527344
4,0.0003000000142492354,40769,116.3770980834961,0.0,116.3770980834961
4,0.0003000000142492354,40779,98.44467163085938,0.0,98.44467163085938
4,0.0003000000142492354,40789,113.81179809570312,0.0,113.81179809570312
4,0.0003000000142492354,40799,108.30168151855469,0.0,108.30168151855469
4,0.0003000000142492354,40809,111.83642578125,0.0,111.83642578125
4,0.0003000000142492354,40819,92.57037353515625,0.0,92.57037353515625
4,0.0003000000142492354,40829,115.41581726074219,0.0,115.41581726074219
4,0.0003000000142492354,40839,107.43646240234375,0.0,107.43646240234375
4,0.0003000000142492354,40849,104.63438415527344,0.0,104.63438415527344
4,0.0003000000142492354,40859,99.82081604003906,0.0,99.82081604003906
4,0.0003000000142492354,40869,101.38783264160156,0.0,101.38783264160156
4,0.0003000000142492354,40879,114.12741088867188,0.0,114.12741088867188
4,0.0003000000142492354,40889,108.64799499511719,0.0,108.64799499511719
4,0.0003000000142492354,40899,105.13142395019531,0.0,105.13142395019531
4,0.0003000000142492354,40909,110.87432861328125,0.0,110.87432861328125
4,0.0003000000142492354,40919,110.43195343017578,0.0,110.43195343017578
4,0.0003000000142492354,40929,99.76985931396484,0.0,99.76985931396484
4,0.0003000000142492354,40939,111.12532043457031,0.0,111.12532043457031
4,0.0003000000142492354,40949,106.92607116699219,0.0,106.92607116699219
4,0.0003000000142492354,40959,106.96896362304688,0.0,106.96896362304688
4,0.0003000000142492354,40969,101.17996978759766,0.0,101.17996978759766
4,0.0003000000142492354,40979,116.15796661376953,0.0,116.15796661376953
4,0.0003000000142492354,40989,113.14984130859375,0.0,113.14984130859375
4,0.0003000000142492354,40999,104.97848510742188,0.0,104.97848510742188
4,0.0003000000142492354,41009,97.66761779785156,0.0,97.66761779785156
4,0.0003000000142492354,41019,122.61441040039062,0.0,122.61441040039062
4,0.0003000000142492354,41029,123.53465270996094,0.0,123.53465270996094
4,0.0003000000142492354,41039,103.72611999511719,0.0,103.72611999511719
4,0.0003000000142492354,41049,97.26797485351562,0.0,97.26797485351562
4,0.0003000000142492354,41059,117.90890502929688,0.0,117.90890502929688
4,0.0003000000142492354,41069,107.01227569580078,0.0,107.01227569580078
4,0.0003000000142492354,41079,113.11760711669922,0.0,113.11760711669922
4,0.0003000000142492354,41089,108.56338500976562,0.0,108.56338500976562
4,0.0003000000142492354,41099,110.09828186035156,0.0,110.09828186035156
4,0.0003000000142492354,41109,116.08781433105469,0.0,116.08781433105469
4,0.0003000000142492354,41119,113.53919219970703,0.0,113.53919219970703
4,0.0003000000142492354,41129,100.10527801513672,0.0,100.10527801513672
4,0.0003000000142492354,41139,115.8553237915039,0.0,115.8553237915039
4,0.0003000000142492354,41149,104.61607360839844,0.0,104.61607360839844
4,0.0003000000142492354,41159,117.44078826904297,0.0,117.44078826904297
4,0.0003000000142492354,41169,110.42234802246094,0.0,110.42234802246094
4,0.0003000000142492354,41179,102.33824157714844,0.0,102.33824157714844
4,0.0003000000142492354,41189,107.75381469726562,0.0,107.75381469726562
4,0.0003000000142492354,41199,100.8071060180664,0.0,100.8071060180664
4,0.0003000000142492354,41209,107.46806335449219,0.0,107.46806335449219
4,0.0003000000142492354,41219,108.91332244873047,0.0,108.91332244873047
4,0.0003000000142492354,41229,117.96107482910156,0.0,117.96107482910156
4,0.0003000000142492354,41239,104.38155364990234,0.0,104.38155364990234
4,0.0003000000142492354,41249,105.37509155273438,0.0,105.37509155273438
4,0.0003000000142492354,41259,111.28141784667969,0.0,111.28141784667969
4,0.0003000000142492354,41269,118.24755096435547,0.0,118.24755096435547
4,0.0003000000142492354,41279,108.15885925292969,0.0,108.15885925292969
